Date,Close_AAPL,High_AAPL,Low_AAPL,Open_AAPL,Volume_AAPL
2023-10-09,177.25379943847656,177.31321501974588,174.09474007424367,175.09493761742715,42390800.0
2023-10-10,176.6596221923828,177.9767230488949,176.22388776036024,176.3724418317021,43698000.0
2023-10-11,178.0559539794922,178.10547200469523,175.87729686757618,176.4714678376734,47551100.0
2023-10-12,178.95713806152344,180.57131695227565,177.30332359387822,178.3233466007442,56743100.0
2023-10-13,177.11517333984375,180.1652842541005,176.41205364228972,179.6602366589199,51427100.0
2023-10-16,176.98643493652344,177.3429435766639,174.79786506856496,175.03554253225204,52517000.0
2023-10-17,175.43165588378906,176.6893412361662,173.1044597256959,174.93650583601004,57549400.0
2023-10-18,174.13438415527344,175.8575119492293,173.41146923774392,173.87691154224726,54764400.0
2023-10-19,173.758056640625,176.11496052795673,173.4906713911534,174.33241738277906,59302900.0
2023-10-20,171.20309448242188,173.7184502104905,170.96541700693638,173.60951658974062,64244000.0
2023-10-23,171.32191467285156,172.32211231863303,168.2816861592976,169.25219112217718,55980100.0
2023-10-24,171.7576446533203,171.98540943587548,169.78694209599936,171.3714282347356,43816600.0
2023-10-25,169.44033813476562,171.38131769667615,168.99469104064443,170.21277093543313,57157000.0
2023-10-26,165.27114868164062,169.7176006449458,164.0629816022709,168.71738808125116,70625300.0
2023-10-27,166.58827209472656,167.32109955610002,165.21175565878588,165.29098147440297,58499100.0
2023-10-30,168.63819885253906,169.50966778359705,167.23197451155576,167.3805285943209,51131000.0
2023-10-31,169.11355590820312,169.24228464861295,166.27138428536674,167.70733154956028,44846000.0
2023-11-01,172.28250122070312,172.53997379429074,168.46983997695696,169.34130885799144,56934900.0
2023-11-02,175.84759521484375,176.0555497728662,173.75806140886317,173.8174769968696,77334800.0
2023-11-03,174.93650817871094,175.10487249469713,171.66852990822986,172.5498964006483,79829200.0
2023-11-06,177.49147033691406,177.6895273209714,174.50077512285628,174.66912431484397,63841300.0
2023-11-07,180.05638122558594,180.6703624855209,177.23401974281032,177.4419743130807,70530000.0
2023-11-08,181.1159820556641,181.6705476858897,179.82858892219454,180.5812266581694,49340300.0
2023-11-09,180.64064025878903,182.3340449245472,180.04645416963675,181.18530832204868,53763500.0
2023-11-10,184.83511352539065,185.00369964258533,181.989212824357,182.4255213215233,66133400.0
2023-11-13,183.24855041503903,184.4682199516521,182.6635072771428,184.25999143916752,43627500.0
2023-11-14,185.8663787841797,186.5307520867399,184.73595008374065,186.1241905471969,60108400.0
2023-11-15,186.4315948486328,187.909091303821,186.20353000343164,186.2729495954029,53790500.0
2023-11-16,188.11734008789065,189.35684600106327,187.0662263637428,187.9785160308428,54412900.0
2023-11-17,188.09751892089844,188.78172866103995,186.98692637498095,188.65281519385715,50922700.0
2023-11-20,189.8427276611328,190.29887250675844,188.2859160609316,188.2958266614519,46505100.0
2023-11-21,189.03955078125,189.91216790391465,188.14711245538987,189.80309076358157,38134500.0
2023-11-22,189.7039031982422,191.31029805901488,189.22793715258507,189.88239992204348,39617700.0
2023-11-24,188.37515258789065,189.2973377280717,187.66119596873028,189.26759079649733,24048300.0
2023-11-27,188.1966552734375,189.0692722786972,187.31412766791345,188.3255687303111,40552600.0
2023-11-28,188.80154418945312,189.47584330827428,187.80993940877175,188.1867540672509,38415400.0
2023-11-29,187.7801971435547,190.47736342450784,187.3835612736981,189.2973512852548,43014200.0
2023-11-30,188.35531616210935,188.7222202024886,186.61009727764167,188.2462390361622,48794400.0
2023-12-01,189.63449096679688,189.9517966073436,187.64135580786584,188.73212704562349,45704800.0
2023-12-04,187.83966064453125,188.45446581331387,185.87628768397204,188.38504622543272,43389500.0
2023-12-05,191.7961883544922,192.7679567699872,188.5833835270736,188.61314558971708,66628400.0
2023-12-06,190.70545959472656,193.12496281511596,190.49721591044624,192.8175677203081,41089700.0
2023-12-07,192.6390380859375,193.3629052381858,191.96473906125271,192.0044117201268,47477700.0
2023-12-08,194.06695556640625,194.3446036620394,192.04407357743747,192.56962283922067,53406400.0
2023-12-11,191.5581970214844,191.8656072016425,189.8129781205652,191.4887925574205,60943700.0
2023-12-12,193.07537841796875,193.08528901898003,190.1104746012234,191.45905774250065,52696900.0
2023-12-13,196.298095703125,196.33775323819532,193.2142041253177,193.4521795971172,70404200.0
2023-12-14,196.4468231201172,197.9441408874326,194.51319682969316,196.3575823214872,66831600.0
2023-12-15,195.91134643554688,196.734365015635,195.3461244978741,195.87167377464692,128538400.0
2023-12-18,194.24546813964844,194.9792611555933,192.75806090539805,194.44378607807735,55751900.0
2023-12-19,195.28663635253903,195.29654695271063,194.2454483684032,194.51318587990949,40714100.0
2023-12-20,193.19435119628903,196.0204155959587,193.19435119628903,195.24696511767544,52242800.0
2023-12-21,193.04559326171875,195.42545358966169,191.875506993429,194.45368523269556,46482500.0
2023-12-22,191.97467041015625,193.7694724442452,191.3499546254364,193.5413924757588,37149600.0
2023-12-26,191.42930603027344,192.2622504150879,191.21115176796184,191.9846022868164,28919300.0
2023-12-27,191.5284423828125,191.87551008122907,189.4857391150024,190.8739947779816,48087700.0
2023-12-28,191.954833984375,193.0257688444948,191.54827243799232,192.51013017909932,34049900.0
2023-12-29,190.9136505126953,192.76794644853248,190.1203637314106,192.27214410156537,42672100.0
2024-01-02,184.0814971923828,186.8579933979713,182.34618895522584,185.5788148528252,82488700.0
2024-01-03,182.70315551757807,184.31947592788424,181.8900324473893,182.67340858873573,58414500.0
2024-01-04,180.3828125,181.552898769594,179.36146088139282,180.62078794157884,71983600.0
2024-01-05,179.65895080566406,181.22568820887324,178.6574354024576,180.46216340525032,62379700.0
2024-01-08,184.00216674804688,184.04183940945515,179.9762540642685,180.56129720920063,59144500.0
2024-01-09,183.585693359375,183.5956039593173,181.1959224035276,182.37593441619447,42841800.0
2024-01-10,184.6269073486328,184.8351358915854,182.37596012806688,182.80235807668967,46792900.0
2024-01-11,184.0319061279297,185.47965559618967,182.07844372761645,184.97392753345,49128400.0
2024-01-12,184.35916137695312,185.1722845702879,183.6352941143493,184.4979854428044,40477800.0
2024-01-16,182.08837890625,182.71307958868687,179.41103406753936,180.63071876275188,65603000.0
2024-01-17,181.14634704589844,181.39424823145328,178.786338048284,179.74819585869176,47317400.0
2024-01-18,187.04638671875,187.55209963440907,184.2698907208936,184.5277024783634,78005800.0
2024-01-19,189.9517974853516,190.33852272040096,187.23481023986653,187.74052319933503,68903000.0
2024-01-22,192.26223754882807,193.69015075906108,190.64591702187172,190.68558968364889,60133900.0
2024-01-23,193.54139709472656,194.10661903356933,192.20273983497611,193.3827518428589,42355600.0
2024-01-24,192.8671112060547,194.73133285541883,192.70845082511164,193.7793857004472,53631300.0
2024-01-25,192.53990173339844,194.622277860624,191.48880306885755,193.5810897970112,54822100.0
2024-01-26,190.80455017089844,193.12490124096112,190.3285842123257,192.6390246837024,44594000.0
2024-01-29,190.120361328125,190.5864167388377,187.98841731539085,190.39800942846196,47145600.0
2024-01-30,186.4613494873047,190.18979301004532,185.89614265093053,189.33701232459805,55859400.0
2024-01-31,182.85189819335935,185.52924295226455,182.80233006356883,185.4697339612798,55467800.0
2024-02-01,185.2912750244141,185.38051582576705,182.27680306565716,182.4453740673312,64885400.0
2024-02-02,184.2897491455078,185.75731994134992,177.74515173237538,178.35003123610636,102551700.0
2024-02-05,186.10438537597656,187.66121220628372,184.27983613833493,186.5704408518845,69668800.0
2024-02-06,187.7107696533203,187.72068025311023,185.2020110139772,185.2912518041467,43490800.0
2024-02-07,187.8198699951172,189.44610127224303,187.02658312392904,189.03953967028943,53439000.0
2024-02-08,186.73899841308597,187.94874218828468,185.7771406742971,187.80000754030144,40962000.0
2024-02-09,187.5035095214844,188.63538073939827,186.65956394365637,187.30492339729363,45155200.0
2024-02-12,185.8156280517578,187.32479480430877,185.45819421957455,187.0765772861258,41781900.0
2024-02-13,183.72067260742188,184.8823439309324,182.20158259974824,184.4454786725173,56529500.0
2024-02-14,182.8370056152344,184.2071710720395,181.13920638831792,183.99867685469596,54630500.0
2024-02-15,182.5490875244141,183.17460050228615,180.05698915939104,182.2413002337134,65434500.0
2024-02-16,181.01011657714844,183.5320147120848,180.3746804207065,182.11220281800783,49752500.0
2024-02-20,180.26548767089844,181.12927978468983,178.7166127841021,180.49384354523508,53665600.0
2024-02-21,181.02008056640625,181.5860086349742,179.37191259479573,180.64278508736416,41371400.0
2024-02-22,183.0554656982422,183.64127060390985,181.15909521547567,182.17181186595948,52292200.0
2024-02-23,181.21864318847656,183.72066477086588,180.9307023940782,183.6908798817894,45119700.0
2024-02-26,179.8683319091797,181.45691481099772,179.36195851579282,180.94063332165365,40867400.0
2024-02-27,181.32786560058597,182.60866132395924,178.27974721589908,179.8087756065873,54318900.0
2024-02-28,180.12648010253906,181.814356133641,178.84568442217187,181.2087048057168,48953900.0
2024-02-29,179.4612579345703,181.26828866128915,178.2499552858893,179.97755459220346,136682600.0
2024-03-01,178.37904357910156,179.24283570733874,176.11530099131116,178.26982726346276,73563100.0
2024-03-04,173.85154724121094,175.63870116419773,172.55087478393426,174.8940486462885,81510100.0
2024-03-05,168.90707397460938,170.8133829451085,168.41063887343782,169.54251029810908,95132400.0
2024-03-06,167.9141845703125,170.01907946057096,167.47731930724007,169.84035496658896,68587700.0
2024-03-07,167.79501342773438,169.5126741160914,167.2886552317426,167.9439378530283,71765100.0
2024-03-08,169.51268005371094,172.46150497776014,167.73544953298423,167.7950193051884,76267000.0
2024-03-11,171.51829528808594,173.13667826239134,170.8232893067872,171.7069430151515,60139500.0
2024-03-12,171.99485778808594,172.7891567808166,169.79068527950514,171.91542637381357,59825400.0
2024-03-13,169.9098663330078,171.9551763303205,169.54249409126064,171.53817270319811,52488700.0
2024-03-14,171.7665252685547,173.06718266017282,170.82330171470906,171.67717059661035,72913500.0
2024-03-15,171.38922119140625,171.38922119140625,169.0758321837892,169.94956266563446,121752700.0
2024-03-18,172.48138427734375,176.44294118443133,172.282813299669,174.31819990832292,75604200.0
2024-03-19,174.82455444335938,175.35077434046616,171.79629786095623,173.09695515946524,55215200.0
2024-03-20,177.3961181640625,177.3961181640625,173.84164100305182,174.4671540818042,53423100.0
2024-03-21,170.1481475830078,176.22452301821235,169.62192763151074,175.78765774149878,106181300.0
2024-03-22,171.05166625976562,171.8161805084586,168.8474933401544,170.5353695457136,71160100.0
2024-03-25,169.63185119628906,170.7140758962492,168.24182406010684,169.3538487990515,54288300.0
2024-03-26,168.5,170.19779947429063,168.37092203236526,168.787925677805,57388400.0
2024-03-27,172.07427978515625,172.3622205398845,168.8970991381061,169.19496313782787,60273300.0
2024-03-28,170.25735473632812,171.00200728609337,169.29426955996547,170.5254338962422,65672700.0
2024-04-01,168.81768798828125,170.02899062252595,168.27160644825386,169.969420845431,46240500.0
2024-04-02,167.63616943359375,168.13260444031488,167.0305181193942,167.87446369081778,49329500.0
2024-04-03,168.44039916992188,169.46305411699578,167.37803608655156,167.5865303145986,47691700.0
2024-04-04,167.6163330078125,170.69422114433502,167.6163330078125,169.0758380772312,53704400.0
2024-04-05,168.3708953857422,169.1751176568126,167.74538244157907,168.38081863168355,42104800.0
2024-04-08,167.2489776611328,167.99363029110225,167.04048340873945,167.8248441796421,37425500.0
2024-04-09,168.4602508544922,168.86733118994096,167.149670334259,167.49716574379335,42373800.0
2024-04-10,166.58375549316406,167.88441298860536,165.9185342989306,167.59648730602532,49709300.0
2024-04-11,173.7919464111328,174.20896511499808,166.96101157389893,167.1397208898473,91070300.0
2024-04-12,175.2912139892578,177.0883063929916,172.96790166012116,173.0175330436537,101670900.0
2024-04-15,171.45872497558594,175.37063525095596,171.27007724910962,174.10968609239896,73531800.0
2024-04-16,168.17233276367188,172.5210932508517,167.0702464097302,170.52542991803605,73711200.0
2024-04-17,166.8021697998047,169.43326939438705,166.8021697998047,168.4006911997193,50901200.0
2024-04-18,165.84901428222656,167.4376124969012,165.36251763085394,166.83196113193097,43122900.0
2024-04-19,163.8235626220703,165.21357466916862,162.9101239696921,165.02494208062998,68149400.0
2024-04-22,164.6575469970703,166.0674204920171,163.5951840406637,164.33983649468445,48116400.0
2024-04-23,165.7100067138672,165.85894631264824,163.74412823991457,164.17107024309314,49537800.0
2024-04-24,167.81491088867188,168.09291330855643,165.0249482926904,165.35258209827205,48251800.0
2024-04-25,168.67869567871094,169.39356334150216,166.9510963019663,168.3212618473153,50558300.0
2024-04-26,168.09291076660156,170.11835910227322,167.97375605274175,168.66877724193844,44838400.0
2024-04-29,172.262939453125,174.77489926024026,171.86579752591055,172.13386150928326,68169400.0
2024-04-30,169.11557006835938,173.7423484830038,168.78792110938284,172.0941804408779,65934800.0
2024-05-01,168.09291076660156,171.47860143970507,167.90426302381934,168.37091318228207,50383100.0
2024-05-02,171.79627990722656,172.18349856746104,169.67153889850545,171.27998331024975,94214900.0
2024-05-03,182.072509765625,185.66669440285864,181.3576421366733,185.3191838346203,163224100.0
2024-05-06,180.4144287109375,182.88666551151155,179.1336178251023,181.04986495546197,78569700.0
2024-05-07,181.0994873046875,183.5816623782166,180.02720100491794,182.1420038655686,77305800.0
2024-05-08,181.4370880126953,181.7647369645701,180.15627709627628,181.5463043299869,45057100.0
2024-05-09,183.2540283203125,183.34338298682428,180.8115613856968,181.2583498682501,48983000.0
2024-05-10,181.99136352539065,184.01955884654,181.07668601424152,183.8306552529416,50759500.0
2024-05-13,185.20269775390625,186.01796278299403,183.5522942832241,184.36755931231187,72044800.0
2024-05-14,186.34605407714844,187.2110330394528,185.21264749222252,186.42559324440316,52393600.0
2024-05-15,188.6228179931641,189.5474323621825,186.2864023770235,186.8232879601364,70400000.0
2024-05-16,188.7420959472656,189.99481870677727,188.5631442219314,189.36845732702145,52845200.0
2024-05-17,188.77194213867188,189.7065083736888,188.0859301078384,188.4140234778259,41282900.0
2024-05-20,189.9351501464844,190.8100656899344,187.91689147556076,188.23504809883084,44361300.0
2024-05-21,191.2375946044922,191.6153866469515,189.815856788038,189.98487181213304,42309400.0
2024-05-22,189.79595947265625,191.70486886169917,189.1696132758398,191.158046649762,34648500.0
2024-05-23,185.7992248535156,189.89539287135,185.55067067436465,189.87550428926585,51005900.0
2024-05-24,188.88128662109372,189.4778227162681,186.9525037733123,187.7280067652561,36327000.0
2024-05-28,188.8912353515625,191.88382214222983,188.00638309980087,190.40243380522855,52280100.0
2024-05-29,189.18951416015625,191.13818582461727,188.41402624535667,188.5134539967084,53068000.0
2024-05-30,190.1837158203125,191.06856812279528,189.52754429358757,189.6567821553814,49889100.0
2024-05-31,191.13815307617188,191.4563096895504,188.81168973037515,190.3328400080532,75158300.0
2024-06-03,192.90786743164065,193.8623221502784,191.40660565779223,191.7843976924141,50080500.0
2024-06-04,193.22604370117188,194.1904352235572,191.91367022597112,193.5143599019416,47471400.0
2024-06-05,194.7372131347656,195.7612550851036,193.7429964707061,194.26993008901428,54156800.0
2024-06-06,193.35525512695312,195.3635770625748,193.04705038431933,194.55826398135932,41181800.0
2024-06-07,195.7513427734375,195.80105664694403,193.01724660656404,193.52429170702464,53103900.0
2024-06-10,192.0031280517578,196.15896182874013,191.03873662001607,195.76126603853865,97010200.0
2024-06-11,205.9519805908203,205.9619324668351,192.51018190883104,192.5300553197752,172373300.0
2024-06-12,211.8377685546875,218.92652361101457,205.7034379048798,206.1707209873844,198134300.0
2024-06-13,213.00099182128903,215.49647028335949,210.37626033331,213.49810017257707,97862700.0
2024-06-14,211.2611083984375,213.9256018265929,210.07798811856895,212.613243693924,70122700.0
2024-06-17,215.4169464111328,217.6837594401996,211.4897931914233,212.1360280257328,93728300.0
2024-06-18,213.0506896972656,217.36560169939585,211.76815683093403,216.33160783720555,79943300.0
2024-06-20,208.4673614501953,213.00100258632773,207.64217489543017,212.6927826496957,86172500.0
2024-06-21,206.29005432128903,210.66460227969185,205.91224707350656,209.17327704334383,241805100.0
2024-06-24,206.93626403808597,211.46988977828624,205.39522511371305,206.51869484312465,80727000.0
2024-06-25,207.86090087890625,210.15753911842552,207.40355450398363,207.94042486793816,55549700.0
2024-06-26,212.01670837402344,213.6173978459433,209.42180221570723,210.2768291728298,66213200.0
2024-06-27,212.8618011474609,214.49231592564604,211.12192192565487,213.44838535845383,49772700.0
2024-06-28,209.40191650390625,214.8204096554565,209.08377504858177,214.52214161134157,82542700.0
2024-07-01,215.49647521972656,216.25207446959735,210.6944066158183,210.86342163866271,60402900.0
2024-07-02,218.99610900878903,219.10547344874152,213.85601067210808,214.8999260337406,58046200.0
2024-07-03,220.2687225341797,220.2687225341797,217.76329209306172,218.7276835478024,37369800.0
2024-07-05,225.031005859375,225.14037030398515,220.36812707547224,220.36812707547224,60412400.0
2024-07-08,226.50245666503903,226.53228195249957,221.9588790483477,225.77666754871936,59085900.0
2024-07-09,227.3574981689453,228.07333550260196,225.0608597111907,226.61183554393173,48076100.0
2024-07-10,231.6326141357422,231.7320418789461,227.9241899064988,227.9739037781008,62627700.0
2024-07-11,226.25392150878903,231.04603853364384,224.4643282580064,230.0518217466028,64710600.0
2024-07-12,229.2067108154297,231.2945719488415,227.3574671508641,227.59608461971035,53046500.0
2024-07-15,233.04440307617188,235.8580383346859,231.7419815445035,235.11237576276483,62631300.0
2024-07-16,233.4619903564453,234.9036016458956,230.9863851256273,233.64094209406048,43234300.0
2024-07-17,227.55633544921875,230.1214164943178,225.3292844594588,228.1230311101644,57345900.0
2024-07-18,222.8834991455078,229.10730558155055,220.9845567217071,228.94822726389444,66034600.0
2024-07-19,223.01275634765625,225.4883615119168,221.9887143107171,223.5198165983548,49151500.0
2024-07-22,222.664794921875,226.4626951020567,221.799816014305,225.6971439398997,48201800.0
2024-07-23,223.70870971679688,225.6275559695254,221.3921828247117,223.07241159149987,39960300.0
2024-07-24,217.276123046875,223.4999296447353,215.8742889513949,222.70455320631825,61777600.0
2024-07-25,216.23220825195312,219.57277716709376,213.3787958392943,217.663867640833,51391200.0
2024-07-26,216.69949340820312,218.2206438494584,214.76075857434796,217.4352041073067,41601300.0
2024-07-29,216.97787475585935,218.0317421116191,214.50226952108,215.70527849563507,36311800.0
2024-07-30,217.53463745117188,219.05578793157812,214.87012855591783,217.92238139381377,41643800.0
2024-07-31,220.795654296875,222.5255968769169,219.3540430654452,220.1593561933901,50036300.0
2024-08-01,217.09716796875,223.1817695634113,215.7649211779852,223.0724051151817,62501000.0
2024-08-02,218.58848571777344,224.29529507499743,216.45092586682145,217.88258518105536,105568600.0
2024-08-05,208.05975341796875,212.26528622278008,194.8664922700932,197.9386185328084,119548600.0
2024-08-06,206.0315093994141,208.77555702617025,199.90714644624572,204.1126785722213,69660500.0
2024-08-07,208.60655212402344,212.40445197195865,205.19638100586545,205.703426053809,63516400.0
2024-08-08,212.07638549804688,212.9612378528938,207.62229843313003,211.87754516998305,47161100.0
2024-08-09,214.98944091796875,215.5263113015057,210.7441310403627,210.8733840757052,42201600.0
2024-08-12,216.5222930908203,218.49311650663688,214.60124108809117,215.0690650325273,38028100.0
2024-08-13,220.24497985839844,220.86210287308924,217.99543949730665,217.99543949730665,44155300.0
2024-08-14,220.69288635253903,221.9968153653892,218.68223972219693,219.54821978702563,41960600.0
2024-08-15,223.6790008544922,224.3060872818483,221.72807374055304,223.5595616066544,46414000.0
2024-08-16,225.0028381347656,225.77922361016536,222.6139468974481,222.88270038911836,44340200.0
2024-08-19,224.84356689453125,224.94310972106825,222.00676340736013,224.6743562399008,40687800.0
2024-08-20,225.460693359375,226.11763957317405,224.4056062095116,224.72413110884565,30299000.0
2024-08-21,225.3512115478516,226.9238941294544,224.00747444255487,225.4706659840429,34765500.0
2024-08-22,223.4898681640625,227.28221598709212,222.86278176595104,226.7347608131935,43695300.0
2024-08-23,225.78916931152344,227.16278137803025,223.29080225181497,224.61464290366072,38677300.0
2024-08-26,226.12759399414065,226.22713682494347,222.85284141893555,225.7095414433551,30602200.0
2024-08-27,226.97366333007807,227.7898720189865,223.8482098014285,224.9530683997657,35934600.0
2024-08-28,225.4407958984375,228.7951795929336,224.6345354462772,226.86416416696267,38052200.0
2024-08-29,228.7255096435547,231.8410150307569,227.8197366882459,229.03408635152132,51906300.0
2024-08-30,227.9391632080078,229.33267166766268,226.42620031745173,229.123652992766,52990800.0
2024-09-03,221.738037109375,227.9391727978887,220.1454429272487,227.4912604304481,50190600.0
2024-09-04,219.8269195556641,220.75260404502964,216.47252073588623,220.6331648046219,43840200.0
2024-09-05,221.34983825683597,224.43546851590304,220.49382156548631,220.60331260233696,36615400.0
2024-09-06,219.79705810546875,224.1965806221913,218.75191919539128,222.9125480449781,48423000.0
2024-09-09,219.8866424560547,220.24497537072617,215.7061019102892,219.79706302441252,67180000.0
2024-09-10,219.09034729003903,220.45399594379384,215.72600018375596,217.905857501112,51591000.0
2024-09-11,221.6285400390625,222.05654079085224,216.8806326219321,220.43410202901995,44587100.0
2024-09-12,221.738037109375,222.51442259643304,218.8017058249269,221.46928361366915,37455600.0
2024-09-13,221.46926879882807,223.00212806640087,220.8820056188433,222.54426752163744,36766600.0
2024-09-16,215.3179168701172,216.21374159471785,212.9290256243428,215.5368837592455,59357400.0
2024-09-17,215.78570556640625,215.89519659483264,213.50632075947797,214.75053008791312,45519300.0
2024-09-18,219.6676788330078,221.6783256446234,216.53226176931295,216.54222516573407,59894900.0
2024-09-19,227.8097686767578,228.75538000957172,223.58941994126667,223.94775287051627,66781300.0
2024-09-20,227.1428680419922,232.01021467188832,226.5655530501552,228.90467282845125,318679900.0
2024-09-23,225.4208984375,228.3870895913876,224.76395218553373,226.28686337720748,54146000.0
2024-09-24,226.31671142578125,228.28755007923567,224.6843092769655,227.59078065470555,43556100.0
2024-09-25,225.3213348388672,226.2370711111093,222.9822303399746,223.8880032168873,42308700.0
2024-09-26,226.4660186767578,227.44147457763864,224.3657926365912,226.24703661091277,36636700.0
2024-09-27,226.73475646972656,228.45675318264773,226.24703611440785,227.40166606122023,34026000.0
2024-09-30,231.92063903808597,231.92063903808597,228.5861516719536,228.97434440874213,54541900.0
2024-10-01,225.1620941162109,228.5861456381701,222.70353511874544,228.45675818805825,63285000.0
2024-10-02,225.7294464111328,226.31670960653597,221.9868699797652,224.84356992020332,32880600.0
2024-10-03,224.6245880126953,225.759306386038,222.28548343692836,224.09704443839323,34044200.0
2024-10-04,225.7493438720703,226.94378179124595,223.0917145657714,226.84423896960536,37245100.0
2024-10-07,220.6630401611328,224.64451046166124,220.3047072265611,223.4600206171574,39505400.0
2024-10-08,224.72413635253903,224.933155033014,222.2158058701156,223.26094483680063,31855700.0
2024-10-09,228.4766540527344,228.68568791487783,223.78848153487695,224.18662246797504,33591100.0
2024-10-10,227.97897338867188,228.43684913724616,226.11764095959848,226.72481576308653,28183500.0
2024-10-11,226.4958953857422,228.3472796881356,226.28686151162023,228.23778864704397,31759200.0
2024-10-14,230.22853088378903,230.65653166515415,227.54104137845857,227.640569026446,39882100.0
2024-10-15,232.7666931152344,236.38983016358188,231.29353829774288,232.527799450427,64751400.0
2024-10-16,230.70628356933597,231.0447048824563,228.7752681420796,230.52712470524972,34082200.0
2024-10-17,231.07456970214844,232.76670668063704,229.4521309302649,232.348638945834,32993800.0
2024-10-18,233.91136169433597,235.0858880500012,232.92594240501305,235.0858880500012,46431500.0
2024-10-21,235.38449096679688,235.752787252213,233.36389625282135,233.36389625282135,36254500.0
2024-10-22,234.76739501953125,235.12572795126604,231.52250221800776,232.80651969699693,38846600.0
2024-10-23,229.6909942626953,234.05070868615385,226.70489182210235,232.99562158724072,52287000.0
2024-10-24,229.5019073486328,229.75074924052936,227.35190975750177,228.9146289407981,31109500.0
2024-10-25,230.3380126953125,232.13962556438537,228.5065400142299,228.6757506783198,38802300.0
2024-10-28,232.31878662109372,233.6426273223557,231.4727332926884,232.23917058038825,36087100.0
2024-10-29,232.5875396728516,233.24448591818896,231.24380255804743,232.02018805231756,35417200.0
2024-10-30,229.0340881347656,232.38847204702165,228.48663292359964,231.53245531359053,47070900.0
2024-10-31,224.8634796142578,228.76531846185907,224.32597264925337,228.27758291037028,64370100.0
2024-11-01,221.8773651123047,224.3060641552936,219.2495956140762,219.94634980146597,65276700.0
2024-11-04,220.9815368652344,221.75792231303785,218.69220372782075,219.96627293386248,44944500.0
2024-11-05,222.41488647460935,222.91257027302564,220.11558975602287,220.77253601507732,28111300.0
2024-11-06,221.6882476806641,225.02273483375984,220.16533664224423,221.578756649688,54561100.0
2024-11-07,226.42620849609372,226.8243646333076,223.52970043689453,223.5894200604507,42137700.0
2024-11-08,226.15716552734372,227.8511489598711,225.60910803907555,226.366414165256,38328800.0
2024-11-11,223.4368133544922,224.9016146506588,220.7164746065314,224.2040938441064,42005600.0
2024-11-12,223.4368133544922,224.79200315214243,222.5698957238352,223.75568869738083,40398300.0
2024-11-13,224.3236541748047,225.84824072641777,221.97200184604,223.2175800878685,48566200.0
2024-11-14,227.41270446777344,228.06039910056816,224.2040935569292,224.22402706703755,44923900.0
2024-11-15,224.2041015625,226.11730807125568,223.4766880681117,225.59914322363005,47923700.0
2024-11-18,227.21340942382807,228.92732633570628,224.3734848929754,224.45320372664565,44633700.0
2024-11-19,227.4724884033203,229.34584301691132,225.8582238051146,226.1770839408332,36211800.0
2024-11-20,228.18994140625,229.11664435033197,225.0909420304879,227.25326410482543,35169600.0
2024-11-21,227.71165466308597,229.3458528412815,224.91159698015457,228.07038183414417,42108300.0
2024-11-22,229.05686950683597,229.90386885981252,227.2532745036032,227.2532745036032,38168300.0
2024-11-25,232.04624938964844,232.42491005721112,228.92733167542056,230.64124862727573,90152800.0
2024-11-26,234.228515625,234.73672132395916,232.50463944229023,232.50463944229023,45986200.0
2024-11-27,234.0989532470703,234.8562745603856,232.98291999142185,233.6405889619916,33498400.0
2024-11-29,236.490478515625,236.96877632211965,233.14236346053607,233.97938842310504,28481400.0
2024-12-02,238.74246215820312,239.9382141945345,236.32106542499287,236.43067691527065,48137100.0
2024-12-03,241.79165649414065,241.9012679940841,238.0549215480856,238.96170621081689,38861000.0
2024-12-04,242.150390625,243.2465056559754,240.3966217802532,242.01088645785893,44383900.0
2024-12-05,242.1802673339844,243.6749612569442,241.2734979097132,243.12691898237583,40033900.0
2024-12-06,241.98097229003903,243.7646488451358,241.2236661935451,242.0507319698173,36870600.0
2024-12-09,245.8771514892578,246.3654236467989,240.89483838917155,240.97455722335047,44649200.0
2024-12-10,246.8935546875,247.33200068563025,244.4721425450312,246.0166626912396,36914800.0
2024-12-11,245.6180877685547,249.91283942191652,245.38889040813984,247.08288910248365,45205800.0
2024-12-12,247.08287048339844,247.8601100871407,244.81092178998352,246.0166482138882,32777500.0
2024-12-13,247.2522735595703,248.40815863747187,245.36895982515324,246.9433725816478,33155300.0
2024-12-16,250.1519775390625,250.490786396497,246.7739697560149,247.1127786134494,51694800.0
2024-12-17,252.58334350585935,252.93211150871377,248.8964348112852,249.1953766416157,51356400.0
2024-12-18,247.1725616455078,253.3805196542609,246.86366065893745,251.26802371656945,56774100.0
2024-12-19,248.90640258789065,251.1085917693189,246.2159564313249,246.6245097734382,60882300.0
2024-12-20,253.58978271484372,254.097973187486,244.82090844231297,247.1625865233097,147495300.0
2024-12-23,254.3670196533203,254.7456651132031,252.55345036958025,253.8687883386418,40858800.0
2024-12-24,257.28668212890625,257.2966260773909,254.386956808638,254.5862615131284,23234700.0
2024-12-26,258.1037292480469,259.1799258751944,256.7186620602343,257.27667867815336,27237100.0
2024-12-27,254.6858673095703,257.7848817480364,252.16481819720389,256.91793375888693,42355300.0
2024-12-30,251.3078765869141,252.60328106925755,249.86300878941356,251.33776924994547,35557500.0
2024-12-31,249.5341796875,252.38406352835983,248.54767617168997,251.5470385357527,39480700.0
2025-01-02,242.98741149902344,248.2188401577881,240.96459363401945,248.0494281352692,55740700.0
2025-01-03,242.4991607666016,243.3162522656288,241.0343593963996,242.4991607666016,40244100.0
2025-01-06,244.1333465576172,246.45510633108967,242.33971076643533,243.4457849039297,45045600.0
2025-01-07,241.3532257080078,244.681407317594,240.496267218822,242.12049100282684,40856000.0
2025-01-08,241.84149169921875,242.8479287466886,239.2008716539854,241.0642520177986,37628900.0
2025-01-10,236.0121917724609,239.3104808095479,232.17580437363205,239.16100228470236,61710900.0
2025-01-13,233.5708465576172,233.8398957390806,228.90740850459227,232.7039288898965,49630700.0
2025-01-14,232.45480346679688,235.28475371553364,231.6476711610837,233.91960476413303,39435300.0
2025-01-15,237.028564453125,238.11472029161555,233.6007305222416,233.80999436776756,39832000.0
2025-01-16,227.4525604248047,237.1680713225123,227.22337827123215,236.51041752509497,71759100.0
2025-01-17,229.1664581298828,231.46828423922307,227.6717642713697,231.2988874265024,68488300.0
2025-01-21,221.85243225097656,223.62613445935492,218.6039696546368,223.20762199269612,98070400.0
2025-01-22,223.03823852539065,223.3272060060417,219.01252087308487,219.01252087308487,64126500.0
2025-01-23,222.86883544921875,226.2269096463908,221.51364566438272,223.94501691407203,60234800.0
2025-01-24,221.991943359375,224.831867935065,220.6267944226493,223.9848686181573,54697900.0
2025-01-27,229.04690551757807,231.3287982977573,223.18770026542344,223.2275672861503,94863400.0
2025-01-28,237.4171905517578,239.3403714135585,229.9935466927377,230.03341371427896,75707600.0
2025-01-29,238.5133056640625,239.01153699982427,233.1822242894862,233.2918357915463,45486100.0
2025-01-30,236.7495574951172,239.93823493591583,236.37091202718116,237.82573898228924,55658300.0
2025-01-31,235.16519165039065,246.31561143302469,232.61424963136,246.31561143302469,100959800.0
2025-02-03,227.2034454345703,231.00994009075865,224.90161912474943,229.1764524471141,73063300.0
2025-02-04,231.97650146484372,232.3053359547129,225.84824721606736,226.44613087125,45067300.0
2025-02-05,231.64767456054688,231.84696405052935,227.46253445166025,227.72160926815613,39620300.0
2025-02-06,232.39501953125,232.9729696905443,229.61488023403817,230.47183871784503,29925300.0
2025-02-07,226.8247985839844,233.17226081850333,226.45609706307516,231.77721918613,39707200.0
2025-02-10,227.0941162109375,230.02693972945136,226.64521806905947,229.0094413336025,33115600.0
2025-02-11,232.052001953125,234.6556296697615,227.57297502290857,227.64279618723117,53718400.0
2025-02-12,236.29161071777344,236.38140252594317,230.11672290007743,230.63545743654387,45243300.0
2025-02-13,240.94024658203125,241.7482663414184,234.99480784534867,236.33153226758247,53614100.0
2025-02-14,244.00274658203125,244.9504238462646,240.40156080072012,240.66092045804317,40896200.0
2025-02-18,243.87306213378903,244.5813199542748,241.2494791133952,243.55383619329416,48822500.0
2025-02-19,244.27207946777344,245.40929524371265,242.56626341463,244.0626007630516,32204200.0
2025-02-20,245.229736328125,246.1774135823035,243.69348816231408,244.34191013103748,32316900.0
2025-02-21,244.95042419433597,248.08275639920348,244.6212281548445,245.34944139409683,53197400.0
2025-02-24,246.49664306640625,248.25234005966587,243.82317911276243,244.3319283268952,51326400.0
2025-02-25,246.4367828369141,249.38956194785015,244.3119941197594,247.3944454522674,48013300.0
2025-02-26,239.7730865478516,244.3818005030484,238.5460942392985,243.7333937698084,44433600.0
2025-02-27,236.72056579589844,241.86796980219768,236.4811463462344,238.82541422357912,41153600.0
2025-02-28,241.24948120117188,241.4988707612677,229.63790389196947,236.37142201455796,56833400.0
2025-03-03,237.4487762451172,243.43412542285543,235.5334663348245,241.19958958341564,47184000.0
2025-03-04,235.3539123535156,239.4838181516717,234.10696453181083,237.1295800554318,53798100.0
2025-03-05,235.1643829345703,235.97240266650644,228.67026910680244,234.8451569942085,47227600.0
2025-03-06,234.75538635253903,237.27920752401755,232.59068676229825,233.86756011302523,45170400.0
2025-03-07,238.4862518310547,240.78062356819368,234.1867631010968,234.53591456798168,46273600.0
2025-03-10,226.92454528808597,235.583358769024,223.6725108894593,234.96486230654432,72071200.0
2025-03-11,220.3007659912109,225.2885573705892,216.9190440448537,223.2635152882841,76137400.0
2025-03-12,216.4501800537109,221.20853706339403,214.38524243690583,219.60246770742089,62547500.0
2025-03-13,209.1680145263672,216.3105355217808,207.9110965632093,215.4227092543014,61368300.0
2025-03-14,212.96871948242188,213.42758776028128,209.0682630129612,210.7341834889886,60107600.0
2025-03-17,213.4774627685547,214.69448503570536,209.4573042902151,212.78914514941675,48073400.0
2025-03-18,212.170654296875,214.62463892519543,210.97358751075308,213.6370660568716,42432400.0
2025-03-19,214.7144317626953,218.22582565599035,213.2280645696868,213.6969181399133,54385400.0
2025-03-20,213.5772247314453,216.9589465476154,211.70181037410745,213.4674927164621,48862900.0
2025-03-21,217.73703002929688,218.30563028145065,210.764092813104,211.04340788811464,94127800.0
2025-03-24,220.19102478027344,220.9391934559484,218.04628066528423,220.460369765545,44299500.0
2025-03-25,223.2036590576172,223.5528105346996,219.5426220965296,220.23093972638688,34493600.0
2025-03-26,220.9890594482422,224.4705429297273,219.9316502269997,222.96422035625235,34466100.0
2025-03-27,223.30340576171875,224.4406214835582,220.0214308095873,220.8494059295757,37094800.0
2025-03-28,217.3679351806641,223.26350805320467,217.1484711493609,221.12873402087155,39818600.0
2025-03-31,221.58761596679688,225.06908447075045,215.7020132379398,216.4801074447652,65299300.0
2025-04-01,222.64501953125,223.13381331282267,218.36548628233527,219.2732679074421,36412700.0
2025-04-02,223.3433074951172,224.6401362151353,220.4803202973195,220.77959080525144,35905900.0
2025-04-03,202.69386291503903,206.9833664271943,200.75859747782036,205.03811566571247,103419000.0
2025-04-04,187.92002868652344,199.391948603074,186.88255957870848,193.4165691841804,125910900.0
2025-04-07,181.0169219970703,193.6759230716255,174.19361217758157,176.76731422169505,160466300.0
2025-04-08,171.99899291992188,189.87523506652792,168.79683943762106,186.244123618335,120859500.0
2025-04-09,198.3644561767578,200.1201531468693,171.47028013366514,171.53013119082922,184395900.0
2025-04-10,189.95504760742188,194.30440235729915,182.55316692796467,188.6083530498886,121880000.0
2025-04-11,197.6661529541016,199.05275825525484,185.6056778647687,185.64558871717136,87435900.0
2025-04-14,202.02549743652344,212.42005238891585,200.6688176319417,210.9237150406947,101352900.0
2025-04-15,201.64642333984372,203.01307326666696,199.31214069618733,201.36710824854453,51343900.0
2025-04-16,193.79563903808597,200.2099310657198,191.9002692932641,197.8756484915953,59732400.0
2025-04-17,196.4990234375,198.34451232255947,193.9452767059697,196.71848747425943,52164700.0
2025-04-21,192.68833923339844,193.32677585155807,189.3465132845993,192.79807124065383,46742500.0
2025-04-22,199.25228881835935,201.097762433896,195.49148998245192,195.64111763020085,52976400.0
2025-04-23,204.10043334960935,207.4921254657249,202.30482537338813,205.49700887470837,52929200.0
2025-04-24,207.8612060546875,208.32008954356945,202.44447210591892,204.38970763388747,47311000.0
2025-04-25,208.76898193359372,209.2378355121778,205.69650080604464,205.86608387594285,38222300.0
2025-04-28,209.62689208984372,210.9835719319316,206.95344326011443,209.48723454234343,38743100.0
2025-04-29,210.69427490234372,211.72175863443917,207.86119803545407,208.18042396697467,36827600.0
2025-04-30,211.9811248779297,213.0584895980106,206.16535854293036,208.78894157113288,52286500.0
2025-05-01,212.79913330078125,214.0360957896086,208.3899124386699,208.5694808389541,57365700.0
2025-05-02,204.8485870361328,206.4845819118293,201.66637387157863,205.58677037884885,101010600.0
2025-05-05,198.40435791015625,203.60164304236295,197.72602561272544,202.6040848015313,69018500.0
2025-05-06,198.0252685546875,200.16004244803628,196.53891661034845,197.72601327833053,51216500.0
2025-05-07,195.7707977294922,198.9530108388585,192.77812311451905,198.6836658614824,68536700.0
2025-05-08,197.00778198242188,199.56152863729463,194.20463054641704,197.2372161152265,50478900.0
2025-05-09,198.0452423095703,200.0503289543839,197.05765414160052,198.51409591462888,36453900.0
2025-05-12,210.5510406494141,211.0305074927824,206.5156271207593,210.7308445260501,63775800.0
2025-05-13,212.6886138916016,213.1580823159532,208.76307628033237,210.19144790738707,51909300.0
2025-05-14,212.08929443359372,213.69746987061376,210.34127831689767,212.18917192393891,49325800.0
2025-05-15,211.21029663085935,212.7185946451233,209.30245815432872,210.71086343228012,45029500.0
2025-05-16,211.0205078125,212.32903558469047,209.53220664773164,212.11926693678467,54737900.0
2025-05-19,208.54331970214844,209.2425231134968,204.02843943795537,207.67431083672196,46140500.0
2025-05-20,206.62550354003903,208.2336790492342,204.79757620413463,207.4345828831543,42496600.0
2025-05-21,201.86090087890625,206.8052863577864,200.4824756537251,204.93741112479617,59211800.0
2025-05-22,201.13172912597656,202.52015274475195,199.4736073247078,200.4824720941681,46742400.0
2025-05-23,195.04864501953125,197.4758830409797,193.2406992850713,193.4504526925712,78432900.0
2025-05-27,199.9830474853516,200.51244545494848,197.20618488735448,198.07520901450675,56288500.0
2025-05-28,200.1927947998047,202.50017366149785,199.6733800230216,200.3626002526684,45339700.0
2025-05-29,199.72332763671875,203.57895243464628,198.28495762525483,203.3492174371598,51396800.0
2025-05-30,200.622314453125,201.73105672211125,196.55692105301176,199.143981266816,70819900.0
2025-06-02,201.47134399414065,201.9008644592711,199.8931332988897,200.05295557621693,35423300.0
2025-06-03,203.03956604003903,203.5389992121068,200.7321872237246,201.1217444882778,46381600.0
2025-06-04,202.590087890625,206.00620910456837,201.8709028727957,202.6799822074808,43604000.0
2025-06-05,200.40257263183597,204.5178973620389,199.92310578136212,203.26931435006065,55126100.0
2025-06-06,203.68882751464844,205.4668084267123,201.82095228760733,202.76987228695745,46607700.0
2025-06-09,201.2216339111328,205.76647909477697,199.79326227022588,204.15830357568728,72862600.0
2025-06-10,202.44024658203125,204.11835001917973,200.34263633745985,200.3726011094186,54672600.0
2025-06-11,198.55465698242188,204.2681738718989,198.18508130061548,203.26930749599725,60989900.0
2025-06-12,198.97418212890625,199.45363372918547,197.13627162659284,198.85432303920933,43904600.0
2025-06-13,196.227294921875,200.1428492549886,195.47814514596445,199.50357538920457,51447300.0
2025-06-16,198.195068359375,198.46476655376847,196.33717625414863,197.07634287373045,43020700.0
2025-06-17,195.418212890625,198.16509536417732,194.98870767431248,196.9764419642561,38856200.0
2025-06-18,196.35714721679688,197.3460303816964,194.84886452825484,195.71787336797544,45394700.0
2025-06-20,200.7721405029297,201.4713439140944,196.6368343380514,198.01527480684123,96813500.0
2025-06-23,201.2715759277344,202.07067208145293,198.7344620242812,201.40143343464243,55814300.0
2025-06-24,200.07293701171875,203.2093768046809,199.9730442780961,202.36033429336192,54064000.0
2025-06-25,201.33151245117188,203.43912119943792,200.3925755811161,201.2216365357081,39525700.0
2025-06-26,200.7721405029297,202.41028074115465,199.23389299836737,201.20164572639828,50799100.0
2025-06-27,200.85205078125,202.98962419564967,199.7732732765776,201.66113009938155,73188600.0
2025-06-30,204.9374084472656,207.15489297707504,199.0341046248948,201.7809871041056,91912800.0
2025-07-01,207.58441162109372,209.95171998702364,205.90630823197935,206.4357061767528,78788900.0
2025-07-02,212.1991729736328,213.09814660534315,207.9040445567577,208.6731759252599,67941800.0
2025-07-03,213.30792236328125,214.4066662563,211.56988934364432,211.90950026104147,34955800.0
2025-07-07,209.7119903564453,215.9848699115094,208.563300132892,212.43889126622693,50229000.0
2025-07-08,209.7719268798828,211.1903153368944,208.213697736729,209.86183643928916,42848900.0
2025-07-09,210.9006500244141,211.09043707809712,206.98509558510867,209.2924745188519,48749400.0
2025-07-10,212.1692047119141,213.237983779078,209.7918979255535,210.27134950514616,44443600.0
2025-07-11,210.92062377929688,211.88952536572023,209.6220944658076,210.33129628612957,39765800.0
2025-07-14,208.3834991455078,210.670911689046,207.3047216270235,209.69201166358403,38840100.0
2025-07-15,208.8729553222656,211.64980271899068,208.6831682659836,208.9828312368767,42296300.0
2025-07-16,209.92176818847656,212.1592191902425,208.40348697906975,210.06160887608692,47490500.0
2025-07-17,209.78192138671875,211.5599023237274,209.35240091776063,210.3313009439948,48068100.0
2025-07-18,210.9405975341797,211.54990664350103,209.46227954032304,210.63095139102305,48974600.0
2025-07-21,212.23912048339844,215.53538252867688,211.39009321998003,211.8595616297783,51377400.0
2025-07-22,214.15695190429688,214.7063314773177,211.9894136266437,212.89838571641525,46404100.0
2025-07-23,213.9072265625,214.90609293027535,212.1692088371252,214.75626907170556,46989300.0
2025-07-24,213.5176696777344,215.44548969662856,213.28793468034505,213.65751035981805,46022600.0
2025-07-25,213.63754272460935,214.9960015887686,213.15807589620647,214.45660521718813,40268800.0
2025-07-28,213.80735778808597,214.6064539631857,212.81847455673216,213.78737619229815,37858000.0
2025-07-29,211.03050231933597,214.5664825639156,210.58101550100253,213.93719187335407,51411700.0
2025-07-30,208.81301879882807,212.14922883427735,207.48452469073797,211.65977882345743,45512500.0
2025-07-31,207.33470153808597,209.60211724381097,206.92516266487007,208.25365677749065,80698400.0
2025-08-01,202.1505889892578,213.33788973606852,201.27158167093611,210.63095505795985,104434500.0
2025-08-04,203.11949157714844,207.64435521756303,201.4513712516652,204.27816503495924,75109300.0
2025-08-05,202.68995666503903,205.1072113881769,201.93082373064988,203.1694082424696,44155100.0
2025-08-06,213.0082550048828,215.1358452662651,205.3569348951669,205.39689808550256,108483100.0
2025-08-07,219.7805633544922,220.5996410833085,216.33447747046455,218.63187314031333,90224800.0
2025-08-08,229.0900115966797,230.73813503605493,219.00145500716468,220.57966572513484,113854000.0
2025-08-11,227.17999267578125,229.55999755859372,224.75999450683597,227.9199981689453,61806100.0
2025-08-12,229.6499938964844,230.8000030517578,227.07000732421875,228.00999450683597,55626200.0
2025-08-13,233.3300018310547,235.0,230.42999267578125,231.07000732421875,69878500.0
2025-08-14,232.77999877929688,235.1199951171875,230.8500061035156,234.05999755859372,51916300.0
2025-08-15,231.58999633789065,234.27999877929688,229.33999633789065,234.0,56038700.0
2025-08-18,230.88999938964844,233.1199951171875,230.1100006103516,231.6999969482422,37476200.0
2025-08-19,230.55999755859372,232.8699951171875,229.3500061035156,231.27999877929688,39402600.0
2025-08-20,226.00999450683597,230.47000122070312,225.7700042724609,229.97999572753903,42263900.0
2025-08-21,224.8999938964844,226.5200042724609,223.77999877929688,226.2700042724609,30621200.0
2025-08-22,227.75999450683597,229.08999633789065,225.41000366210935,226.1699981689453,42477800.0
2025-08-25,227.16000366210935,229.3000030517578,226.22999572753903,226.47999572753903,30983100.0
2025-08-26,229.30999755859372,229.4900054931641,224.69000244140625,226.8699951171875,54575100.0
2025-08-27,230.4900054931641,230.8999938964844,228.25999450683597,228.6100006103516,31259500.0
2025-08-28,232.55999755859372,233.41000366210935,229.33999633789065,230.82000732421875,38074700.0
2025-08-29,232.13999938964844,233.3800048828125,231.3699951171875,232.50999450683597,39418400.0
2025-09-02,229.72000122070312,230.8500061035156,226.97000122070312,229.25,44075600.0
2025-09-03,238.47000122070312,238.8500061035156,234.3600006103516,237.2100067138672,66427800.0
2025-09-04,239.77999877929688,239.8999938964844,236.7400054931641,238.4499969482422,47549400.0
2025-09-05,239.69000244140625,241.32000732421875,238.4900054931641,240.0,54870400.0
2025-09-08,237.8800048828125,240.1499938964844,236.33999633789065,239.3000030517578,48999500.0
2025-09-09,234.3500061035156,238.77999877929688,233.3600006103516,237.0,66313900.0
2025-09-10,226.7899932861328,232.4199981689453,225.9499969482422,232.19000244140625,83440800.0
2025-09-11,230.02999877929688,230.4499969482422,226.6499938964844,226.8800048828125,50208600.0
2025-09-12,234.07000732421875,234.50999450683597,229.0200042724609,229.22000122070312,55824200.0
2025-09-15,236.6999969482422,238.19000244140625,235.02999877929688,237.0,42699500.0
2025-09-16,238.1499938964844,241.22000122070312,236.32000732421875,237.17999267578125,63421100.0
2025-09-17,238.9900054931641,240.1000061035156,237.72999572753903,238.97000122070312,46508000.0
2025-09-18,237.8800048828125,241.1999969482422,236.6499938964844,239.97000122070312,44249600.0
2025-09-19,245.5,246.3000030517578,240.2100067138672,241.22999572753903,163741300.0
2025-09-22,256.0799865722656,256.6400146484375,248.1199951171875,248.3000030517578,105517400.0
2025-09-23,254.42999267578125,257.3399963378906,253.5800018310547,255.8800048828125,60275200.0
2025-09-24,252.30999755859372,255.7400054931641,251.0399932861328,255.22000122070312,42303700.0
2025-09-25,256.8699951171875,257.1700134277344,251.7100067138672,253.2100067138672,55202100.0
2025-09-26,255.4600067138672,257.6000061035156,253.77999877929688,254.1000061035156,46076300.0
2025-09-29,254.42999267578125,255.0,253.00999450683597,254.55999755859372,40127700.0
2025-09-30,254.6300048828125,255.9199981689453,253.1100006103516,254.8600006103516,37704300.0
2025-10-01,255.4499969482422,258.7900085449219,254.92999267578125,255.0399932861328,48713900.0
2025-10-02,257.1300048828125,258.17999267578125,254.1499938964844,256.5799865722656,42630200.0
2025-10-03,258.0199890136719,259.239990234375,253.9499969482422,254.6699981689453,49155600.0
2025-10-06,256.69000244140625,259.07000732421875,255.0500030517578,257.989990234375,44664100.0
2025-10-07,256.4800109863281,257.3999938964844,255.42999267578125,256.8099975585937,31923700.0
2025-10-08,257.3800048828125,258.19000244140625,256.1099853515625,256.5299987792969,9501011.0
