Date,Close_BG,High_BG,Low_BG,Open_BG,Volume_BG
2023-10-16,97.13250732421876,97.50851768378166,95.44046429208618,96.83170047092864,1058100.0
2023-10-17,98.81514739990234,98.9843517018738,96.50269338749324,96.50269338749324,852600.0
2023-10-18,98.99374389648438,101.2403965693227,98.4203297326084,98.66473753322788,1233000.0
2023-10-19,97.43331146240234,99.08775269529534,97.0385038231736,99.02194425028966,920600.0
2023-10-20,95.50626373291016,98.2135325323287,95.48746644260352,97.4239100752313,1302800.0
2023-10-23,95.35586547851562,96.23948157362038,94.58504747072578,95.60966834677524,1198400.0
2023-10-24,94.67904663085938,95.97627481516524,93.64502354147344,95.6002644630792,1034400.0
2023-10-25,96.05147552490234,96.4368809250198,94.33123305513234,94.94224896301684,1244800.0
2023-10-26,99.99957275390624,101.77621438155882,97.6119151781856,98.69294229064434,1876100.0
2023-10-27,99.0971450805664,100.27217290737582,98.06312202733426,99.5295544602162,1007700.0
2023-10-30,100.07477569580078,100.85499594551162,98.91855225414363,99.95257537559836,973900.0
2023-10-31,99.6235580444336,100.56358026455854,98.87153739961347,100.21576946126416,1042600.0
2023-11-01,99.69876098632812,100.83618708752964,99.03134602637354,100.19697164856176,902700.0
2023-11-02,99.14414978027344,100.64818397512023,98.58953291266698,99.5859613938411,1056900.0
2023-11-03,99.69876098632812,100.97719186426392,99.65176417528394,99.90556703596492,855500.0
2023-11-06,99.0971450805664,99.8209662380894,98.42032790483609,99.71756321558613,793000.0
2023-11-07,98.34513092041016,98.85274379883184,97.36750691439067,98.63653552454456,677000.0
2023-11-08,96.59669494628906,98.82454323939882,95.98567900813534,97.79052012887772,1142700.0
2023-11-09,97.64012145996094,98.561339322067,96.3898900467301,98.36393549447284,1206500.0
2023-11-10,98.26053619384766,98.55194083062106,97.14190728989588,97.63072293355609,804400.0
2023-11-13,97.8375244140625,98.40153636955334,96.76589954708956,97.92212298007564,938700.0
2023-11-14,99.8303680419922,100.300379204472,98.65534013579264,98.81514938160468,787300.0
2023-11-15,100.3849868774414,101.47540906607004,99.73636916574424,99.83036996569132,1041000.0
2023-11-16,100.19863891601562,100.28376598613823,99.47975682969285,100.26485126497926,1102500.0
2023-11-17,101.02156066894533,101.2958637917126,100.17025396341404,100.66211605071872,730900.0
2023-11-20,101.87286376953124,102.544455406363,100.3405188618535,101.61747535711974,955000.0
2023-11-21,102.34581756591795,102.4971642024614,101.29587372886368,101.87287015162704,839500.0
2023-11-22,103.6133270263672,103.75521270306469,101.25805077296762,102.09043567746488,1037600.0
2023-11-24,102.16609954833984,103.94437917748984,101.97691625804434,103.85925210931032,367000.0
2023-11-27,101.72152709960938,102.86605893533412,101.48505340090746,102.15663783922837,901400.0
2023-11-28,102.5444564819336,103.11199190615976,101.63639114324636,102.06204812386936,703100.0
2023-11-29,102.25123596191406,102.96065712800034,101.83504711843504,102.25123596191406,603700.0
2023-11-30,103.92546844482422,103.95384413530628,101.25804529043656,102.15664249985818,1751100.0
2023-12-01,103.3011703491211,104.4646241296335,103.04578192816231,103.69844443354792,1034500.0
2023-12-04,101.91070556640624,103.96330280398584,101.3526310883275,102.59175098932624,1225300.0
2023-12-05,100.35942840576172,101.79719242227772,100.34051368665672,101.79719242227772,1061200.0
2023-12-06,98.57170104980467,100.73780111344794,98.11767556495836,100.1986413398148,1211300.0
2023-12-07,98.4676513671875,99.6405589477392,97.2379924055687,98.2406386263141,1191000.0
2023-12-08,98.84600830078124,99.70677604756216,98.20279953704978,98.5811589068809,700900.0
2023-12-11,99.31896209716795,99.80137050514652,98.0041687953053,98.9595246418418,958000.0
2023-12-12,98.73249816894533,99.8770300288387,98.19333841318388,99.8770300288387,1103300.0
2023-12-13,99.44190979003906,99.65946875198276,95.41240345957002,97.82443067711488,1616100.0
2023-12-14,99.6121826171875,101.09723721727656,98.9500591203089,100.2648523616856,1500200.0
2023-12-15,99.11085510253906,100.05674989407557,98.16496031100256,99.61217818739668,2730800.0
2023-12-18,98.11766052246094,99.48920495244307,97.6163302689202,99.44190733074556,1946400.0
2023-12-19,99.5743408203125,99.84865117389629,98.3068452726542,99.00680539275498,1495800.0
2023-12-20,96.08399963378906,98.84601083617352,96.00832631456088,98.84601083617352,1125400.0
2023-12-21,95.7529296875,96.42451410080866,94.74082258341453,96.09344516167252,1460100.0
2023-12-22,96.14075469970705,97.19069859027344,95.36512118940264,95.75294155285744,741100.0
2023-12-26,96.94475555419922,97.56904958309671,95.81914565503048,96.39614205751894,484900.0
2023-12-27,96.49073028564452,96.78395536347104,96.05561954491326,96.5474816641646,665300.0
2023-12-28,96.121826171875,97.15284797552503,95.59212020966012,97.0866356323237,869700.0
2023-12-29,95.4880828857422,96.0650793255882,94.91108644589616,96.0650793255882,745800.0
2024-01-02,96.00831604003906,96.6136880958696,95.4880710467765,95.4880710467765,976600.0
2024-01-03,94.84485626220705,96.15965650493452,94.61784355995786,95.71508485126895,1230500.0
2024-01-04,93.59628295898438,95.29889640168598,93.1422575186668,95.29889640168598,1668700.0
2024-01-05,92.7165985107422,94.45704857129644,91.24100503725369,93.50169287075636,2053200.0
2024-01-08,93.79493713378906,93.83276657731534,91.02346492446564,92.13962114022128,1750100.0
2024-01-09,91.4396514892578,93.5868367947773,90.90049172479168,93.38819974645872,1631600.0
2024-01-10,89.7748794555664,90.78698660880517,88.92357268728038,90.78698660880517,2221200.0
2024-01-11,90.16268920898438,90.5977999372944,89.35868009761577,89.55731713337006,1444200.0
2024-01-12,89.7559585571289,91.19372271945586,89.63299482896603,90.88157569803695,1223700.0
2024-01-16,89.67082977294922,89.85054487735005,88.25198757538107,89.15058474719905,1341800.0
2024-01-17,89.38705444335938,90.3613248873975,89.02761703405145,89.29246641107879,909600.0
2024-01-18,89.00870513916016,89.68028962570274,88.1384835974378,89.2830155153432,1006900.0
2024-01-19,87.66552734375,89.1505818401148,87.60877596701134,89.04653283835766,1802400.0
2024-01-22,83.95762634277344,87.2020458678604,83.62656459870432,85.76428169846767,4338300.0
2024-01-23,85.3008041381836,85.80212729091465,84.14681118161482,84.44949726722258,2004600.0
2024-01-24,84.28868103027344,85.98183348431185,84.03328540865532,85.52780083288197,1744700.0
2024-01-25,83.66439819335938,85.33863615112634,83.28604601941906,84.94136203852592,1517700.0
2024-01-26,83.52251434326172,84.54407525018406,83.1063183188756,84.17517685278898,1468500.0
2024-01-29,84.19409942626953,84.39273647124405,83.22928267455933,83.85357671585471,1603200.0
2024-01-30,85.41429901123047,85.62238979476916,83.12522822626235,84.23193057096762,1712700.0
2024-01-31,83.32386779785156,85.13999126206794,83.30495307753672,84.94135422404206,1317700.0
2024-02-01,85.5088882446289,85.60347627785816,84.20354884961047,84.34543450775652,1448300.0
2024-02-02,85.57510375976562,86.04805116003703,84.59137230120854,85.31025437027037,1370800.0
2024-02-05,84.18463897705078,85.5467298271166,83.98600193085032,84.84676246438568,1854300.0
2024-02-06,85.1589126586914,85.85887283088746,84.40220110449715,84.56300149789537,2197800.0
2024-02-07,83.19144439697266,86.35073676731338,81.44154046821072,82.55769661582504,3610000.0
2024-02-08,81.81990051269531,83.50359210847323,81.45100211661384,83.26711840756948,2291600.0
2024-02-09,83.7495346069336,83.87249834492047,82.11313326840354,82.71850542197868,2690000.0
2024-02-12,85.77375793457031,86.08590501308366,83.68333087381566,83.68333087381566,2264300.0
2024-02-13,83.83464813232422,85.99129419951923,83.44683504190948,84.98864086873614,2218200.0
2024-02-14,84.67649841308594,84.88459642151217,83.7211498712812,83.88195025357255,1849600.0
2024-02-15,86.3946762084961,86.42326361991583,84.1933510133196,84.53641449125749,2385700.0
2024-02-16,87.36668395996094,87.47150931476021,85.96584264623468,86.34702509364564,1659500.0
2024-02-20,87.35716247558594,87.81458291933019,86.54715422543904,86.85209876445144,2055400.0
2024-02-21,88.68175506591797,88.79611198036903,87.00456394333801,87.57633397469256,1843000.0
2024-02-22,89.79670715332031,90.11117591733516,87.52867580585395,88.27197750880687,2263200.0
2024-02-23,89.24401092529297,90.36849526497402,89.19636038792336,89.46318594811018,1816900.0
2024-02-26,88.81517791748047,89.42506698958282,88.10999504107174,89.42506698958282,1072600.0
2024-02-27,88.73893737792969,89.70141414608526,88.58646149161767,89.21541361697913,1265500.0
2024-02-28,89.32976531982422,89.49177277037673,88.01469348710472,88.68175732896593,1195900.0
2024-02-29,89.93013000488281,90.05401121246896,88.26246313057783,89.78718567585227,2301400.0
2024-03-01,88.72940826416016,90.05401166360787,88.5007016988359,89.97777371834957,1799100.0
2024-03-04,85.85148620605469,88.60552558685569,85.1367718396222,88.07186724934643,2013800.0
2024-03-05,87.13797760009766,88.14810490817693,85.83243007760898,86.03254922710862,1651200.0
2024-03-06,87.5572738647461,88.54834534605295,86.8616226049845,87.1475039952678,1507300.0
2024-03-07,88.1385726928711,88.89140602327295,87.50962783775147,88.04327889911968,1824200.0
2024-03-08,87.86222076416016,89.32976853960129,87.1189189505947,88.15764099373295,1224400.0
2024-03-11,89.3964614868164,90.04446940361335,87.86220755543616,87.91938964281073,1491600.0
2024-03-12,89.2630615234375,90.0826012788835,88.83423579415913,89.72048193572512,1381100.0
2024-03-13,90.31130981445312,91.33096875044096,89.19635707771381,89.77765871388408,2428000.0
2024-03-14,89.77765655517578,90.18742643196006,88.61505331079009,90.06354522100696,1912900.0
2024-03-15,91.06413269042967,91.4739025297753,89.57752921301308,89.57752921301308,6291100.0
2024-03-18,92.14097595214844,92.4649762996754,89.99683291090726,90.3113016980804,1820000.0
2024-03-19,93.16064453125,93.1987635061982,91.80744636716749,92.33157318464144,1553400.0
2024-03-20,92.82711029052734,93.2178170507849,91.98850740332908,92.4363962598189,1164300.0
2024-03-21,95.40008544921876,95.63832359942248,92.88429116470344,93.47511712411982,2074800.0
2024-03-22,94.55194854736328,95.81937712174977,93.9134721150154,95.67643279215456,1341400.0
2024-03-25,95.23807525634766,95.90513909872638,94.67582950024224,94.81877382945213,1059200.0
2024-03-26,95.16184997558594,95.51444506516722,94.275603741083,95.49538194116198,1154300.0
2024-03-27,97.60139465332033,97.8015138086306,95.49537047168256,95.82890239719973,1711700.0
2024-03-28,97.69669342041016,98.79259032038722,97.5442247911822,97.59187532744464,1357300.0
2024-04-01,97.4775161743164,98.54482563631736,97.21069062642889,98.08740521818812,1072800.0
2024-04-02,99.0117645263672,99.2214152360868,97.48704200629324,97.51562941753674,1517500.0
2024-04-03,98.86882019042967,99.1356457226113,97.89681185598944,98.90693916223428,1057300.0
2024-04-04,100.51744079589844,101.49898078473856,98.90694861782998,99.58354407353092,1485800.0
2024-04-05,101.83251190185548,102.06121848223296,100.01236900887947,100.35543251467128,1260500.0
2024-04-08,101.5084991455078,102.49957063792328,101.1177923932728,102.05168179063016,1003500.0
2024-04-09,102.0230941772461,102.64251476759128,100.97484786228928,101.432268269599,1236400.0
2024-04-10,102.57581329345705,102.69017021837249,100.82238406745998,101.39415415113506,1191900.0
2024-04-11,100.93672943115234,102.70922170451304,100.59366594144056,102.65204687971132,1245700.0
2024-04-12,98.88788604736328,101.25121164523412,98.84024278062448,100.7080289653436,1536500.0
2024-04-15,99.04034423828124,100.62224145786656,98.31609837112958,99.91705871036228,977500.0
2024-04-16,99.05941009521484,99.40247357902716,98.06834588692443,99.10706062869735,1396900.0
2024-04-17,100.46025848388672,100.63179023781596,99.52636903395614,100.0695517096569,2028800.0
2024-04-18,101.4989776611328,101.63239043587224,100.15531108210574,100.66037476796949,1341300.0
2024-04-19,104.36735534667967,105.08206972678612,101.37508505693673,101.89921184386172,2625000.0
2024-04-22,104.58654022216795,104.97725424948858,103.63358769166985,104.36735794115503,1599000.0
2024-04-23,104.46266174316406,104.83431265814411,102.96652652196325,104.091010828184,2059600.0
2024-04-24,100.8128433227539,102.2422720369561,97.6013908608175,100.06000999415336,3629800.0
2024-04-25,99.16423797607422,101.80392055644704,97.93492833953808,101.39415067760166,1996600.0
2024-04-26,97.89680480957033,99.04987635947388,97.08678944031456,98.98316998122986,1396000.0
2024-04-29,98.61153411865234,98.68776479791794,97.210692692026,98.0111693526976,1246200.0
2024-04-30,96.9724578857422,98.43047418955452,95.96232319339764,98.43047418955452,1476700.0
2024-05-01,96.2005615234375,98.08741085987644,96.14338669430192,96.82951372573424,1579300.0
2024-05-02,96.59127044677734,97.29645329364978,95.94326242600374,96.85809599583985,1001400.0
2024-05-03,96.39115142822266,97.105865837324,95.58114321866468,96.62938956458976,995500.0
2024-05-06,97.4489288330078,97.49657209776508,96.0004368999098,96.0004368999098,685000.0
2024-05-07,99.44058990478516,99.88847873397646,97.97304221208512,98.11598653827708,1025600.0
2024-05-08,100.403076171875,100.93672724634196,98.97364741916658,98.97364741916658,1056900.0
2024-05-09,100.43167114257812,101.30838576531649,99.73601983535464,100.612734458093,1212400.0
2024-05-10,101.0415496826172,101.1368434759532,99.0975257626708,100.89860535738796,1169000.0
2024-05-13,102.5472183227539,102.9474566247863,101.27025820188082,101.52755944636633,1545100.0
2024-05-14,98.57341766357422,102.89982326949816,98.5162355645995,102.76640321885796,1995800.0
2024-05-15,96.95338439941406,99.107059064818,96.62938404228764,98.57340799639776,1593000.0
2024-05-16,99.32624053955078,100.11718557519674,97.4584472741699,97.59186731065464,1433100.0
2024-05-17,98.88499450683594,99.76747361777616,98.23273847426292,99.76747361777616,701300.0
2024-05-20,98.10803985595705,99.23031428263134,97.88742555918928,98.88499794854776,743400.0
2024-05-21,99.09602355957033,100.07442226059943,98.07926288275472,98.07926288275472,707100.0
2024-05-22,98.92337799072266,99.4509467023885,98.18478911258592,98.53969963845164,778100.0
2024-05-23,98.1943817138672,100.2279032942463,98.10804896323476,98.60684252241124,1417400.0
2024-05-24,99.53726959228516,99.9401435609861,98.50132782215564,98.6164283976171,933100.0
2024-05-28,102.07917022705078,102.20387226418008,99.29745857029108,99.56604363277248,1695100.0
2024-05-29,101.83937072753906,102.36693939717502,101.0624126124342,101.75304530061403,1758700.0
2024-05-30,100.85138702392578,102.5204111726657,100.36218764098312,102.01203080055836,1247600.0
2024-05-31,103.20145416259766,103.49881439391382,100.85139136532368,100.9377241157688,2330200.0
2024-06-03,103.89208221435548,104.15107313583124,102.34775279374664,102.72184428637163,1227800.0
2024-06-04,102.44367980957033,103.63309872802292,102.19428304147388,103.37410780625488,1386100.0
2024-06-05,99.48931121826172,102.81777272338336,98.19437854611282,102.386123620537,1773800.0
2024-06-06,100.83219909667967,101.56119372589792,98.83703972386294,99.7195115286184,1208300.0
2024-06-07,99.88258361816406,101.10078501339498,99.51808627407192,100.49647773357984,1084900.0
2024-06-10,101.43649291992188,101.78180922595588,99.29745065299991,100.17033557052864,1262000.0
2024-06-11,101.59957122802734,101.72427327277468,99.58523070462684,100.9185326724974,1030400.0
2024-06-12,101.1103744506836,102.33816262424236,100.88015867949524,101.9257018486067,914700.0
2024-06-13,98.93296813964844,100.71710021462016,98.43418191097238,100.27586427281574,1368000.0
2024-06-14,98.63561248779295,98.92337123233672,98.06967451592546,98.43417917115384,760700.0
2024-06-17,98.77948760986328,99.50848222555932,97.60924978177964,98.12722426231804,1028400.0
2024-06-18,98.26151275634766,99.00969567488724,97.3214833726733,98.35743232981784,1139700.0
2024-06-20,99.1248016357422,100.69791346276722,98.46295142000656,99.30705395800008,1678400.0
2024-06-21,101.5516128540039,101.58038799655812,99.2878756092689,99.73870569113828,4155300.0
2024-06-24,103.7577896118164,103.90167263878372,100.87057151012776,101.1487360925512,1287300.0
2024-06-25,102.38612365722656,103.68105632983948,102.15591519320974,103.68105632983948,1067900.0
2024-06-26,102.8177719116211,104.07433527682764,102.088769910357,102.1942836467845,1097700.0
2024-06-27,103.2494125366211,103.70024262027268,102.50122955447377,103.40288972177694,813300.0
2024-06-28,102.41488647460938,104.02636016517316,101.004853398786,103.63308772473373,1969000.0
2024-07-01,102.94247436523438,103.82494630142544,102.42449979794075,103.16309600837994,737100.0
2024-07-02,105.87764739990234,106.31888333106708,102.76980757445784,102.94246574910449,1683000.0
2024-07-03,104.92803192138672,107.02870517636376,104.8896626246982,105.92561168070291,745800.0
2024-07-05,104.16065979003906,105.35008602327464,102.89450228223588,104.32373112920838,1778500.0
2024-07-08,105.88723754882812,107.01910613577148,104.25658276410056,104.2853579057542,1253900.0
2024-07-09,105.4651870727539,107.40279629872906,105.36926749046292,105.65703355553092,1124200.0
2024-07-10,106.65461730957033,106.88482577933758,105.19661325858864,105.95439042802596,828200.0
2024-07-11,105.99275207519533,107.79606504156254,104.75536974744632,106.83685461554268,1219200.0
2024-07-12,106.56827545166016,107.5658551596537,105.7241729225247,107.16298854244324,1228200.0
2024-07-15,105.8296890258789,107.10544066050588,104.67863211322344,106.58746614754016,1081200.0
2024-07-16,106.84645080566406,107.00951482482913,104.95680505947227,105.49396788465556,836200.0
2024-07-17,107.5370864868164,108.60181069505776,106.3092982548756,107.14380668098173,1114700.0
2024-07-18,107.6426010131836,108.25649513365433,106.50113820252932,106.90400484692664,851100.0
2024-07-19,107.35482788085938,108.09342399853254,106.09826457914374,107.75769449875672,1068900.0
2024-07-22,108.24689483642578,108.5346608907752,107.26850342438836,107.8728033566884,788300.0
2024-07-23,106.32847595214844,108.31404127286837,106.14623094467794,107.76729161406708,855200.0
2024-07-24,107.51789093017578,107.9303516976154,105.46518124613516,105.54191983500642,844600.0
2024-07-25,108.34281158447266,109.33080444222182,106.8368515515391,107.6521862448286,851600.0
2024-07-26,109.6473388671875,110.23245779869762,107.8728010845954,108.39077558059752,757800.0
2024-07-29,108.9375228881836,109.76244440289496,108.64017001132058,109.4171280796114,1037900.0
2024-07-30,109.88714599609376,110.13654276034072,106.53950359948888,108.17015842513042,1430300.0
2024-07-31,100.93771362304688,103.0575677290954,99.07684310502106,100.94730045794782,3664000.0
2024-08-01,98.86581420898438,102.82735046928322,98.5684613310964,101.64752579249291,1938000.0
2024-08-02,94.4054946899414,98.39581384194196,93.68608682228512,97.83947000125426,1931800.0
2024-08-05,91.51827239990234,94.23283240720411,90.88518999118791,93.72445204043372,1822500.0
2024-08-06,91.42234802246094,93.43669587434152,91.41276118681228,91.94032255709922,1524400.0
2024-08-07,91.78684997558594,93.69567671519644,91.7772558220255,92.54462710657184,1333600.0
2024-08-08,93.41751098632812,94.60692996967012,92.065027972648,92.0938031170376,1556200.0
2024-08-09,92.92830657958984,93.57098314857612,91.99787858218214,93.10096475483772,1576300.0
2024-08-12,92.99545288085938,93.9642575123802,92.68850582073928,92.92830844015172,1163800.0
2024-08-13,92.65972137451172,92.98585670963092,90.57823660335472,91.19213066196144,1942000.0
2024-08-14,91.85398864746094,93.36953549609072,91.56622260427348,92.96666889018388,1221700.0
2024-08-15,92.09380340576172,93.19689695939316,91.9019569122371,92.57340866228014,785800.0
2024-08-16,92.57341003417967,92.6597354688985,91.48949745473983,91.92114658292054,772900.0
2024-08-19,92.97913360595705,93.52976298549382,92.70865003286872,92.70865003286872,706900.0
2024-08-20,91.94548797607422,93.27858863234998,91.88752932105648,92.81490465196016,536400.0
2024-08-21,93.0564193725586,93.25928205812994,92.25462349378267,92.38986528416358,680200.0
2024-08-22,93.19165802001952,93.5104453880768,92.39952440159288,93.01777467109054,587200.0
2024-08-23,95.28790283203124,95.6549865869398,93.3751935694501,93.79057374546244,818300.0
2024-08-26,97.21028137207033,97.25858516679862,95.75160110886664,95.983443109289,1225800.0
2024-08-27,96.91082000732422,97.84785762686576,96.13800350024631,97.5194080318141,907700.0
2024-08-28,97.3938217163086,97.55804281736468,95.78057529273048,96.61135040058636,760600.0
2024-08-29,97.62567138671876,98.35018410499372,95.63567881229666,97.80921696712156,925400.0
2024-08-30,97.93479919433594,97.99276522506644,97.0460653377982,97.78024030934552,1218800.0
2024-09-03,95.92548370361328,97.5097508727055,95.3555298847863,97.0074179438962,1097100.0
2024-09-04,96.80455780029295,97.6932916266126,95.82887861589616,96.4761155745279,883200.0
2024-09-05,95.38450622558594,98.06037715416328,95.32654757027888,97.38416090504354,977900.0
2024-09-06,95.0947036743164,96.58237054843516,94.7469370091913,95.16232456086162,735200.0
2024-09-09,95.5583953857422,96.07038319248996,94.05141129491864,95.1816493630363,1061100.0
2024-09-10,92.91150665283205,95.86751603753602,92.53476064772757,95.56805315402327,1044100.0
2024-09-11,92.64102172851562,93.04674705569091,91.27893436855337,93.04674705569091,968400.0
2024-09-12,93.15300750732422,93.33655307192768,91.7619408495376,92.59271595125752,680200.0
2024-09-13,94.07073211669922,94.71796910324628,93.15301892148102,93.52010272554335,727600.0
2024-09-16,93.9837875366211,95.6839793885988,93.50077907402368,95.18164646022792,993200.0
2024-09-17,94.37020111083984,95.1140309423974,94.0610759721228,94.2929179836294,770100.0
2024-09-18,94.38951110839844,95.68397759637796,93.78092311016964,94.26393156372002,1046600.0
2024-09-19,96.94947052001952,97.06539521782068,94.534427925101,95.37486540137768,1497000.0
2024-09-20,95.44247436523438,96.75625796220636,94.3025741081594,96.7272712637867,5880500.0
2024-09-23,94.1286849975586,95.5390687257578,93.66499366288583,94.81455608229167,2334900.0
2024-09-24,93.76160430908205,95.51975489141375,93.68432855313992,94.23495792864698,1871400.0
2024-09-25,91.5011215209961,93.92582599233624,91.47214219335092,93.7712597513967,1569100.0
2024-09-26,92.61204528808594,93.0274328607983,90.96981209288914,90.96981209288914,3155900.0
2024-09-27,94.4088363647461,94.98844503983754,93.46213654500151,93.57806122806949,1380700.0
2024-09-30,93.35588073730467,94.46680174284818,92.81491358474426,94.30258062441014,1240200.0
2024-10-01,94.36054229736328,94.94981326598187,92.35122513781543,92.97913767143976,846300.0
2024-10-02,93.65534210205078,95.41349268905272,93.04675406543936,94.66000063321256,1486300.0
2024-10-03,93.3848648071289,93.52010660213288,92.0421017209286,93.22064368035622,1021300.0
2024-10-04,94.83387756347656,94.9014984518565,93.74228111673644,94.02242690291736,833200.0
2024-10-07,95.57771301269533,96.01241766313386,94.7952343237324,95.02708368274864,1247600.0
2024-10-08,94.90149688720705,95.22994646115446,93.56839623678552,94.65033780315048,1062500.0
2024-10-09,93.09505462646484,94.97878470059815,92.95015061227204,94.7276182340056,1216800.0
2024-10-10,92.79557800292967,93.68431912298767,92.1580107023678,93.55873221323964,1107400.0
2024-10-11,93.6746597290039,93.96446037617704,92.7955808146268,92.86320170264626,631900.0
2024-10-14,92.95015716552734,93.45248276400352,92.55408665681789,93.16268208531048,826600.0
2024-10-15,91.46248626708984,93.44282398745888,91.37554090803546,93.423499520947,1119000.0
2024-10-16,91.88753509521484,92.67966870077169,91.48180237422277,91.53976840300702,1318600.0
2024-10-17,92.35121154785156,92.51543264736618,91.24029067032096,92.26427356697576,901700.0
2024-10-18,86.50682830810547,88.74798753128292,85.26066545032953,88.59342126824478,5329600.0
2024-10-21,85.83060455322266,87.36657533654075,85.70502500293856,86.94152552000314,2186300.0
2024-10-22,86.33293914794922,86.68070584629919,85.50216396523815,85.97551021627716,1822100.0
2024-10-23,85.9658432006836,87.22166813821089,85.61807652167985,86.7386596807195,2071700.0
2024-10-24,87.1443862915039,87.21200718173733,85.65671933624414,86.14939003373014,1222800.0
2024-10-25,86.72898864746094,88.32291786946985,86.52612600031412,87.6080674885539,1479800.0
2024-10-28,86.81595611572266,87.39556487956881,86.36192691683682,86.94153568068297,1721800.0
2024-10-29,84.85492706298828,86.72900234225303,84.78730616992844,86.67104368252305,2746300.0
2024-10-30,82.94221496582031,86.97050383231306,82.1887229326777,85.25099486024418,3393800.0
2024-10-31,81.16473388671875,83.73434228946583,80.99085055593042,83.01949187183551,2962200.0
2024-11-01,79.81231689453125,81.88924728043126,79.64808842442788,81.39658398049275,3147900.0
2024-11-04,81.14543151855469,81.84096496793374,80.42091873713902,80.52718120135665,2802500.0
2024-11-05,81.9182357788086,82.25634021858998,79.3872688565004,79.6577524083255,3257100.0
2024-11-06,82.84561157226562,83.54114492086764,81.56080732388268,83.14507445342102,2540300.0
2024-11-07,83.85992431640625,84.36225722919488,82.3529403182884,83.17405320520841,3022400.0
2024-11-08,84.15939331054688,84.53613930445795,82.96152707183711,83.30929373854332,2296800.0
2024-11-11,84.76798248291016,86.10108314392667,84.28497403571409,84.45885737150964,2658700.0
2024-11-12,84.48783874511719,85.74366368628819,84.23667228285814,84.32361763792343,1755100.0
2024-11-13,83.67638397216797,84.97084304091996,83.42521752221467,84.07244705659066,1986700.0
2024-11-14,85.06744384765625,85.38623118596148,83.22235544467162,84.02415122157608,2025900.0
2024-11-15,87.52113342285156,89.02812486322406,85.29929887955294,85.47318222382191,3252700.0
2024-11-18,88.8740463256836,89.4677734525329,88.23165754510536,88.6599142568712,2566800.0
2024-11-19,87.10260009765625,89.00058281046236,86.99553406343267,88.26085587197008,1619400.0
2024-11-20,85.73023223876953,87.49194327219436,85.20463729173372,87.04421589342905,2731900.0
2024-11-21,86.01248931884766,86.98581156220555,84.97103481548906,85.62315893633262,1165500.0
2024-11-22,85.31169891357422,85.74969096710693,84.58170720711327,85.57449266052191,1611400.0
2024-11-25,86.08061981201172,86.9858097767896,85.33115754152786,85.40902510160448,1980800.0
2024-11-26,87.26807403564453,87.62819850542738,85.6815540603854,86.01248747748934,1518300.0
2024-11-27,86.5380859375,88.12459855232612,86.19741720488142,87.55033455590984,851400.0
2024-11-29,87.34593963623047,87.53087324635825,86.1390220840116,86.36288947657995,801200.0
2024-12-02,86.71327209472656,86.99553642663278,85.51608993531856,86.60621348345371,1531600.0
2024-12-03,85.9054183959961,87.33620320055807,82.83945201848597,87.04420357380131,1903200.0
2024-12-04,84.25077056884766,85.73022452950758,83.96850622864466,85.69129074887343,1987100.0
2024-12-05,83.90037536621094,84.75690370270728,83.60838314538131,84.46490405601817,1876900.0
2024-12-06,81.75907135009766,84.31890626786861,81.63254212727009,84.28970778766684,1902700.0
2024-12-09,83.21904754638672,84.60116327898604,81.92452724679231,82.69345267078013,1541700.0
2024-12-10,82.45012664794922,83.65704415492537,81.71039966102732,83.2677211968333,1718900.0
2024-12-11,82.52799224853516,82.73238902443359,81.8466622363478,82.52799224853516,1213700.0
2024-12-12,81.36000061035156,82.73238850167411,81.2334713953642,82.73238850167411,1426800.0
2024-12-13,80.44508361816406,81.4086705445092,79.76375360314341,81.2432075479785,1393600.0
2024-12-16,78.69310760498047,80.51322300554527,78.61524003765086,80.01682654614397,1274700.0
2024-12-17,79.10189819335938,79.26736862412143,77.28179028771368,78.3329801291989,1778300.0
2024-12-18,77.01898956298828,80.08495623891389,76.8632618591907,78.68336977543711,1961600.0
2024-12-19,75.84127044677734,78.09937784444575,75.6174104803529,77.48618747996957,1704700.0
2024-12-20,76.98978424072266,77.63218045468102,75.56873472525425,75.56873472525425,7010200.0
2024-12-23,76.94112396240234,77.13578543479633,75.80233132873408,76.44472755418074,1054200.0
2024-12-24,76.98978424072266,77.09685027638238,76.05539582339517,76.73671839044884,397900.0
2024-12-26,75.97753143310547,76.90219201363917,75.68553921756273,76.69779523500145,1192000.0
2024-12-27,75.98726654052734,77.37911763271624,75.45193634127803,75.8120682413057,1047500.0
2024-12-30,74.83873748779297,76.25978689711287,74.34234112552815,76.10405921878692,1071400.0
2024-12-31,75.685546875,75.74394383884496,74.90688603638684,75.0820843537818,1194900.0
2025-01-02,75.5006103515625,76.66859413870621,75.16968433468705,76.40580038564981,870800.0
2025-01-03,75.21833801269531,75.91913118096474,74.67327995997866,75.60766837571822,1231900.0
2025-01-06,75.89967346191406,77.32072307714617,75.52007094692412,75.87046755625364,928300.0
2025-01-07,75.73419952392578,77.01898455664679,75.52980274893144,76.03593446155867,874500.0
2025-01-08,75.31566619873047,75.78286410372243,73.72915374847508,75.35459997630136,1665500.0
2025-01-10,79.05323028564453,79.9778834054589,75.37407355715337,75.46166899075598,2349800.0
2025-01-13,79.80268859863281,80.36721728159729,78.99483678085609,79.3938950389107,1608400.0
2025-01-14,79.43283081054688,80.23095477251888,78.43031006359101,79.82216120255119,1242100.0
2025-01-15,78.29403686523438,80.15307832792895,78.17723553281688,79.97788004223209,1757100.0
2025-01-16,77.28178405761719,78.3329738143604,76.50312332835723,77.74897455448591,1875200.0
2025-01-17,77.41804504394531,78.07990440590213,76.91191336522961,77.45697882122028,1362800.0
2025-01-21,76.5323257446289,77.49592011749417,76.25006140139297,76.81459008786484,1601200.0
2025-01-22,75.83154296875,76.70752708664139,75.5687417926948,76.23060124510012,1254800.0
2025-01-23,76.57125854492188,77.19418418206403,75.82180369037437,76.07486955104442,968900.0
2025-01-24,75.13074493408203,76.77565444496793,74.94581133503232,76.7367206648596,1237800.0
2025-01-27,76.58099365234375,77.213654589485,74.98474578298206,76.28899401186031,1988800.0
2025-01-28,75.19888305664062,77.14552765869603,74.80955265105759,76.85352799804377,988600.0
2025-01-29,76.13326263427734,76.34739470349571,74.99447745800761,74.99447745800761,1159500.0
2025-01-30,75.57848358154297,76.82433502809114,74.99449164420605,76.42526929163036,1052600.0
2025-01-31,74.09901428222656,75.69526205026318,73.69995605314683,75.13074083414696,1469900.0
2025-02-03,73.1549072265625,73.75836229666434,72.48331246701323,73.29117175373774,1519900.0
2025-02-04,73.01863098144531,73.57342435972191,71.77277970572658,73.15490292647019,2267200.0
2025-02-05,68.00601959228516,71.79224206698443,67.86975508876321,69.3589367528662,3596900.0
2025-02-06,67.4415054321289,68.97935650246956,65.60192681444221,68.88201832835526,3336600.0
2025-02-07,67.74322509765625,67.99629095436143,66.44870476149657,67.75296039910701,1612900.0
2025-02-10,67.3149642944336,67.86975762978953,66.00097343492747,67.59722118668346,2784700.0
2025-02-11,68.0546875,68.72628220471776,66.8672332093984,67.40256339806606,2005300.0
2025-02-12,67.22737121582031,68.52189166187635,66.8672392901616,67.64590010342265,1631300.0
2025-02-13,67.92816162109375,69.68013723885475,67.04243479741349,67.04243479741349,1717900.0
2025-02-14,68.61921691894531,69.0669442517105,67.85029146945969,68.20068806481667,1276700.0
2025-02-18,68.67818450927734,68.74698033277025,67.39071659897482,68.51111000910635,1469500.0
2025-02-19,68.97303009033203,69.85755320312565,68.45214634007097,68.48162919413365,1138800.0
2025-02-20,70.03445434570312,70.10325016782515,68.24575547234798,69.00250951569036,1764400.0
2025-02-21,71.80349731445312,72.71750329100102,70.25067616461978,70.25067616461978,2081300.0
2025-02-24,72.3145523071289,74.1130812530482,71.47917234534333,71.80349121410056,1717800.0
2025-02-25,72.99268341064453,73.38580561425216,72.08850759107465,72.3538682652373,1620900.0
2025-02-26,72.00005340576172,72.6486986175745,71.49882244787335,72.59956303232696,1177400.0
2025-02-27,71.990234375,72.38335660842499,71.37107191862914,71.75436403421818,1108600.0
2025-02-28,72.9140625,73.30717719211655,71.91160053982927,72.07867503379701,2340600.0
2025-03-03,70.59465789794922,73.57254627053715,70.0639440050846,73.12045832435979,1490000.0
2025-03-04,70.46688079833984,71.57745154824059,69.67081379920768,70.18187489602451,2103300.0
2025-03-05,70.47671508789062,71.6953872015457,69.81823969164158,70.63396697258551,1406700.0
2025-03-06,73.36614990234375,73.78875494189815,70.18187442883043,70.71258075926426,1525900.0
2025-03-07,74.2998046875,75.75435445703012,72.47179298304133,73.07130260107249,2070900.0
2025-03-10,74.99760437011719,76.72733767016378,74.42758501400765,75.04674746031519,1871400.0
2025-03-11,73.13027954101562,75.59710645806355,73.03199337052818,74.93863110561722,1869800.0
2025-03-12,71.8722915649414,72.60939290089404,70.65361945565752,72.4030054266092,1297000.0
2025-03-13,72.32437896728516,72.73716141108517,71.41038051549599,71.92143413890113,1572400.0
2025-03-14,72.60939025878906,72.92388651742435,71.25312654933357,72.42266302590647,1099900.0
2025-03-17,73.26787567138672,74.30964315838602,72.87475345989448,72.94354928454193,1612300.0
2025-03-18,73.42511749267578,74.61430670472464,72.93371662001846,74.0049744214662,1070700.0
2025-03-19,73.94600677490234,74.11308878278028,72.54059987356112,73.0320007831464,1469500.0
2025-03-20,72.67818450927734,74.20153018114318,72.57990583648841,73.66098623353089,1749500.0
2025-03-21,71.990234375,73.39564129822084,71.42020751144292,72.38335660842499,10331100.0
2025-03-24,71.46934509277344,72.45214685147894,70.92880112621246,71.49882794582543,1156100.0
2025-03-25,72.1867904663086,72.84527338238077,71.45951922114995,71.93126739255568,1286900.0
2025-03-26,72.9140625,73.20889851908741,71.7445260458615,72.17696120500827,1196900.0
2025-03-27,75.18433380126953,75.48899994405242,72.59956790064994,73.07130854120524,1733800.0
2025-03-28,75.11553955078125,76.08851120319838,74.66345163654518,75.37107011036944,1219500.0
2025-03-31,75.105712890625,76.22610635968971,73.61185743126632,73.98531942156029,1335100.0
2025-04-01,76.51111602783203,76.55042899827671,74.49637690527314,75.54797449557566,1707800.0
2025-04-02,76.66837310791016,76.7175087006607,75.23348333121099,76.16714207348375,1546700.0
2025-04-03,76.85509490966797,77.37598614281815,75.93126635070304,76.35387140895315,1703000.0
2025-04-04,71.94108581542969,75.18433462192284,71.31209328903552,74.82069527146461,2447500.0
2025-04-07,70.6044692993164,73.16958229150026,69.8477153026951,70.95827850500947,2795700.0
2025-04-08,68.3145523071289,71.90178022394102,67.39071625506806,71.3612362576964,2276700.0
2025-04-09,73.01233673095703,73.52339029852533,67.15483969624154,67.65606314765034,2399100.0
2025-04-10,71.97057342529297,73.071306555464,70.80103697630416,72.91406217894618,1803500.0
2025-04-11,74.98777770996094,75.34158694540986,72.00005944293801,72.41283438490095,1965600.0
2025-04-14,75.7445297241211,76.35386950164121,74.2801572325153,75.29244182396702,1489700.0
2025-04-15,74.88948822021484,75.68556271383149,74.16221704539585,75.45951501856204,1284800.0
2025-04-16,75.06639862060547,76.23593515946804,74.83052828861209,75.48900369360922,905900.0
2025-04-17,77.6020278930664,77.65117098149396,75.43003685221768,75.43003685221768,1583500.0
2025-04-21,77.44478607177734,77.60203046322484,76.31456248415373,77.60203046322484,1362100.0
2025-04-22,78.71258544921875,79.36123817772442,77.64133518316073,77.69047826799249,1199700.0
2025-04-23,78.44723510742188,79.60694146824459,77.65116809215776,79.19416653426929,1259700.0
2025-04-24,79.41038513183594,79.77401698385378,77.40546864355865,78.32929719831704,1276700.0
2025-04-25,79.51849365234375,79.9410912090372,78.96811957039101,79.18433715635291,1103300.0
2025-04-28,79.27279663085938,80.31456413738731,78.73225264265186,79.51849708037503,1224600.0
2025-04-29,78.86984252929688,79.41038650540618,78.34895878769109,78.91898561737318,734700.0
2025-04-30,77.36615753173828,79.18433933004707,76.66836916582226,79.17450921272922,2189000.0
2025-05-01,77.13028717041016,78.49638104788713,76.21628121298762,77.2875315565157,1424600.0
2025-05-02,77.84772491455078,78.78139106632737,75.6069381473785,78.03445964454254,1505200.0
2025-05-05,76.48162841796875,77.68064769832337,76.26541084306126,77.10079079305494,1302900.0
2025-05-06,76.81578826904297,77.93618166258275,75.85263925622304,75.93126519567411,2458300.0
2025-05-07,74.59465789794922,78.89932706981044,74.22118841622222,78.89932706981044,3268900.0
2025-05-08,74.95829010009766,75.46935123585241,73.71013511141147,74.16222304031288,2048400.0
2025-05-09,76.01971435546875,76.46197964474399,74.97794689313646,75.12536865622822,1822900.0
2025-05-12,78.77156066894531,78.89932219532662,77.03199739660488,77.0909705995504,2458900.0
2025-05-13,81.48409271240234,82.43740406487484,78.55534034122594,78.6536190117901,2641300.0
2025-05-14,80.5307846069336,82.34896649860653,80.37353271450334,81.16959979992843,2052600.0
2025-05-15,78.64379119873047,79.79367492237488,76.75681367517463,79.74453183656244,2619600.0
2025-05-16,80.13765716552734,80.27524881336964,78.38827121594751,78.71259010118581,1226300.0
2025-05-19,79.60234832763672,80.49452298414974,78.99764746562083,80.29626363006008,1659400.0
2025-05-20,79.70147705078125,80.41522281793691,79.10669143252136,79.83034487308623,1832400.0
2025-05-21,77.52059173583984,79.48339273147201,77.14389591624216,79.27521812881723,2538000.0
2025-05-22,77.12406921386719,77.589979456082,76.00388192112298,76.91588705833571,2130700.0
2025-05-23,77.42145538330078,77.80806640679761,75.93448758120239,76.3111909314573,1272000.0
2025-05-27,78.55155181884766,78.60112043844816,77.1339755177213,78.06581111182253,1436300.0
2025-05-28,78.69033813476562,79.22564748354618,78.35329570948332,78.6209466023187,2230600.0
2025-05-29,78.53173065185547,79.77087053827553,77.73867809930276,78.72999000843882,1267000.0
2025-05-30,77.47102355957031,78.45242018568062,77.07449730198647,77.95676425447814,2864100.0
2025-06-02,77.68911743164062,77.94685308387065,76.43014706537754,77.70894034215459,1416500.0
2025-06-03,75.60735321044922,77.13397440212952,74.96300654361876,77.0051065813853,1584300.0
2025-06-04,73.94194793701172,75.62718263527971,73.94194793701172,75.48839958006002,1656900.0
2025-06-05,73.20838165283203,74.11047910412071,73.02994520989084,74.11047910412071,1540200.0
2025-06-06,73.90230560302734,74.28891664124262,73.53551747515992,73.76352254126337,956600.0
2025-06-09,74.02125549316406,74.64578681144658,73.72386647012847,74.27899869694906,1543800.0
2025-06-10,75.37935638427734,75.88492756156292,73.98160300093177,74.29882250051872,1185700.0
2025-06-11,74.8143081665039,75.68665989087128,74.30873699427164,75.3595251580675,1128100.0
2025-06-12,76.36075592041016,76.44006268908682,73.36699725240882,74.2889176397232,1868500.0
2025-06-13,80.70270538330078,82.90341144757996,76.37066965897654,76.40040780586943,3966500.0
2025-06-16,85.53038787841797,85.95665228975159,80.82165644389724,80.96043950218173,2877600.0
2025-06-17,84.94551849365234,86.72987536239444,84.47960069405167,85.57004226324564,2245800.0
2025-06-18,84.8067398071289,86.35318401907564,84.6679567400624,85.03473731883392,2038800.0
2025-06-20,84.6382064819336,86.26395737718504,84.301164069481,85.35195225313852,2659000.0
2025-06-23,83.41889953613281,85.11404201085558,83.32967753056333,84.11281485451883,1598200.0
2025-06-24,82.86376190185547,83.6468992464474,82.61593391545713,83.41890173430251,1861500.0
2025-06-25,81.50566864013672,82.49698057677062,81.26775589301535,82.15993058549796,1355800.0
2025-06-26,81.58497619628906,82.69524073562617,80.77210070294157,81.96167201311988,1707500.0
2025-06-27,79.74113464355469,81.5254915925367,79.08686513475105,81.43627714848704,2375500.0
2025-06-30,79.58251953125,80.65313821735616,79.25538478331038,79.36442969929026,2432300.0
2025-07-01,79.55278015136719,80.82165817608274,78.27398688995898,79.34460555947881,2823700.0
2025-07-02,80.68287658691406,81.02983424639173,78.0757289592851,80.29626554305186,2352300.0
2025-07-03,77.75850677490234,81.03974669807907,77.22319744877309,80.79191872652531,2076600.0
2025-07-07,74.19969177246094,77.84771974751844,74.17986886287832,77.84771974751844,2463600.0
2025-07-08,75.14144897460938,76.1823219861739,74.16004469684998,74.5664862273966,2661000.0
2025-07-09,74.98283386230469,75.35952967339787,73.16873121327075,74.96301095145128,2558300.0
2025-07-10,75.87501525878906,76.8762424155861,74.07082786704623,74.84404995449177,1495700.0
2025-07-11,76.07327270507812,76.38058453544443,74.71518024931022,75.4685718440758,1525000.0
2025-07-14,74.3384780883789,76.10301207986515,73.66438568637307,75.94440610692183,1652200.0
2025-07-15,73.56525421142578,74.50700504174598,73.37690253273985,74.26908474347654,1387200.0
2025-07-16,72.36576843261719,74.09064901457327,72.19724722538615,73.76352183674526,2331800.0
2025-07-17,72.52438354492188,72.66316660838113,70.97793181006055,71.8701140488056,1735600.0
2025-07-18,73.77342987060547,73.98160446227993,72.53428999413154,72.71272643886817,1512900.0
2025-07-21,73.5949935913086,74.82422579697293,73.49586391358976,74.23934784114545,1313900.0
2025-07-22,75.0224838256836,75.19100503113638,73.70403720232112,73.70403720232112,1371600.0
2025-07-23,77.47102355957031,77.64945999732758,74.96300575778322,75.33970154277776,1478200.0
2025-07-24,76.26162719726562,77.39172219419272,75.86510091202054,77.22320098097427,1589700.0
2025-07-25,76.59867095947266,76.80685312426684,75.0125733539429,75.77588778989501,1073700.0
2025-07-28,76.03362274169922,76.57884733372047,75.52805909794485,76.57884733372047,1070100.0
2025-07-29,75.67675018310547,76.35084260762503,74.29882718584062,76.17240615516074,2399300.0
2025-07-30,79.60234832763672,80.67295942807425,76.46979910387512,77.71885421134672,4030600.0
2025-07-31,79.0670394897461,79.8303463271797,77.32232842304265,78.31364032590217,3014700.0
2025-08-01,77.32232666015625,79.30495042067308,76.57884274996243,79.10669106986516,1878600.0
2025-08-04,79.89973449707031,80.05834802514876,77.00510567762224,77.00510567762224,2292300.0
2025-08-05,81.69401550292969,82.00131976493971,80.10791044751291,80.49452147491566,2617900.0
2025-08-06,80.26652526855469,83.15123894732362,80.22687188522092,82.21941090986329,2387000.0
2025-08-07,82.03105926513672,82.43750077215083,80.52426851335196,81.1983609040974,1830600.0
2025-08-08,82.21941375732422,83.64689779122973,82.05088498154171,82.46724173941107,1505600.0
2025-08-11,81.50566864013672,83.16115775916896,81.34705509998255,82.51680348773496,1579500.0
2025-08-12,81.80305480957031,84.5688159231926,81.23800732806316,81.58497254418424,2793600.0
2025-08-13,82.51679992675781,82.56636854669433,79.63208624845888,81.26775238594031,1660500.0
2025-08-14,81.38670349121094,82.35819245727087,80.61348143817824,82.19957892684909,1989500.0
2025-08-15,81.06948852539062,81.8823640064698,80.3458350509387,81.45609957351914,1131000.0
2025-08-18,79.87000274658203,81.35697065738827,79.56269846521057,80.86131468711953,1910200.0
2025-08-19,79.87000274658203,80.36000061035156,78.37000274658203,80.36000061035156,1832500.0
2025-08-20,82.37000274658203,82.62999725341797,80.6500015258789,80.6500015258789,2254700.0
2025-08-21,83.4000015258789,84.69000244140625,82.22000122070312,82.33000183105469,2102600.0
2025-08-22,87.11000061035156,87.16000366210938,83.43000030517578,83.43000030517578,3252900.0
2025-08-25,88.1500015258789,88.51000213623047,87.0999984741211,87.20999908447266,2277700.0
2025-08-26,84.93000030517578,87.75,84.76000213623047,87.37000274658203,2425500.0
2025-08-27,84.66999816894531,85.93000030517578,84.38999938964844,84.58000183105469,1350100.0
2025-08-28,84.62999725341797,85.06999969482422,83.91999816894531,84.73999786376953,1373800.0
2025-08-29,84.22000122070312,85.08999633789062,84.0,84.12000274658203,1424800.0
2025-09-02,81.41999816894531,84.38999938964844,80.4800033569336,83.62000274658203,3710000.0
2025-09-03,81.2300033569336,81.56999969482422,80.22000122070312,81.08999633789062,1945500.0
2025-09-04,81.12999725341797,81.93000030517578,80.47000122070312,81.12000274658203,1549600.0
2025-09-05,84.33000183105469,84.37999725341797,80.95999908447266,80.95999908447266,1981900.0
2025-09-08,84.33999633789062,85.30999755859375,83.0,84.3499984741211,2509800.0
2025-09-09,84.1500015258789,85.05999755859375,83.98999786376953,84.5,1693800.0
2025-09-10,82.33999633789062,84.08000183105469,78.61000061035156,83.62999725341797,3084000.0
2025-09-11,81.94000244140625,82.62999725341797,81.26000213623047,82.08000183105469,1068300.0
2025-09-12,81.62000274658203,82.0999984741211,81.22000122070312,81.70999908447266,1201000.0
2025-09-15,80.30000305175781,82.06999969482422,80.2699966430664,81.91999816894531,1593200.0
2025-09-16,83.69000244140625,84.08999633789062,79.58000183105469,80.54000091552734,2429800.0
2025-09-17,80.41000366210938,83.83000183105469,80.3499984741211,83.43000030517578,1880400.0
2025-09-18,79.9000015258789,81.12000274658203,79.41999816894531,80.9000015258789,1625700.0
2025-09-19,79.16999816894531,80.0999984741211,79.13999938964844,79.94000244140625,4707800.0
2025-09-22,77.13999938964844,79.0999984741211,76.01000213623047,78.93000030517578,2061600.0
2025-09-23,78.45999908447266,79.7300033569336,77.5999984741211,77.66000366210938,1842100.0
2025-09-24,78.98999786376953,80.08000183105469,78.52999877929688,78.75,1707900.0
2025-09-25,79.38999938964844,80.18000030517578,78.81999969482422,79.4000015258789,1551800.0
2025-09-26,81.97000122070312,82.0199966430664,79.5199966430664,79.93000030517578,2297400.0
2025-09-29,82.43000030517578,82.63999938964844,80.12000274658203,82.16000366210938,1841600.0
2025-09-30,81.25,82.5,80.7699966430664,82.36000061035156,1649200.0
2025-10-01,82.48999786376953,82.54000091552734,81.19000244140625,81.56999969482422,1627400.0
2025-10-02,83.0199966430664,83.69999694824219,81.63999938964844,82.44999694824219,1577600.0
2025-10-03,83.97000122070312,84.1500015258789,82.44000244140625,82.98999786376953,991300.0
2025-10-06,84.12999725341797,84.87999725341797,83.16000366210938,83.69999694824219,1221000.0
2025-10-07,84.0199966430664,85.41999816894531,83.66999816894531,84.04000091552734,1448400.0
2025-10-08,82.44000244140625,84.5,81.47000122070312,83.9000015258789,1319300.0
2025-10-09,81.2699966430664,84.0,81.08000183105469,82.72000122070312,1652400.0
2025-10-10,80.7699966430664,82.4000015258789,80.69999694824219,81.48999786376953,1379600.0
2025-10-13,80.9800033569336,82.38999938964844,80.16000366210938,80.5999984741211,1299800.0
2025-10-14,80.26000213623047,80.55999755859375,79.11499786376953,80.1500015258789,279061.0
