Date,Close_BXP,High_BXP,Low_BXP,Open_BXP,Volume_BXP
2023-10-16,50.852840423583984,51.488951508845815,49.59854404751989,50.333204281159546,1327200.0
2023-10-17,52.10714340209961,52.51031146171204,50.19881686506224,50.22569701416453,1250500.0
2023-10-18,50.70054244995117,51.524794192179804,50.62886660226562,51.247058826629626,1016900.0
2023-10-19,48.87284851074219,50.87076659197098,48.85492954912714,50.17194417744671,1195000.0
2023-10-20,48.29049301147461,49.56270840502774,48.218817171881234,48.98931535904931,1285600.0
2023-10-23,47.47520065307617,48.31737128910315,47.34081015838286,47.708140303826696,923500.0
2023-10-24,48.21881866455078,48.69365915463364,47.53791525579627,47.8783652513274,606100.0
2023-10-25,46.73158264160156,48.18298437063042,46.42696712635427,47.82461538766994,1287100.0
2023-10-26,48.03067398071289,48.424880851647714,46.97347925380039,46.97347925380039,1473500.0
2023-10-27,46.96452331542969,48.50551988646991,46.71366468021573,48.50551988646991,1075000.0
2023-10-30,47.76189804077149,48.845969536049374,46.92868516120952,47.79773254466497,1480600.0
2023-10-31,47.99483871459961,48.55031284020257,47.15266804560852,48.406964568508506,1472400.0
2023-11-01,47.93212127685547,48.47863759899242,47.072031696619696,47.96795919712167,1687200.0
2023-11-02,50.02859878540039,50.75430139301619,48.63991164828216,49.16850908446567,1971800.0
2023-11-03,52.77908706665039,53.67501453572793,51.462072593444944,51.462072593444944,2229300.0
2023-11-06,51.4083251953125,52.743255367761535,51.35456831045904,52.2863338084308,1627100.0
2023-11-07,49.72397613525391,51.264972525359305,49.63438475253753,51.13058203359256,1077900.0
2023-11-08,49.24017333984375,50.09130512694996,48.77429064145202,50.02859047694454,995300.0
2023-11-09,46.75845718383789,49.76877427161015,46.68678475768216,49.60750704064432,1519200.0
2023-11-10,46.98243713378906,47.22433797027221,46.31049150501105,47.22433797027221,2002500.0
2023-11-13,45.88045120239258,46.86597360498824,45.36977274796373,46.3373761885821,1211700.0
2023-11-14,50.790130615234375,51.89212107069768,48.98035658845723,49.09682812470069,3141900.0
2023-11-15,51.08578872680664,52.904520538842526,50.61990599601229,50.61990599601229,2230200.0
2023-11-16,49.482078552246094,51.08578969917416,49.19538200748372,50.93348023731717,1177800.0
2023-11-17,49.34769058227539,50.41384312533973,49.14162424034502,50.30633277740953,1930700.0
2023-11-20,49.35664367675781,49.66125914843767,48.71157481492,49.66125914843767,1978100.0
2023-11-21,48.03963470458984,49.18642430289849,47.717100236868426,48.72949933439568,1420400.0
2023-11-22,48.36216354370117,48.7653315814304,48.10234376186545,48.7653315814304,1279000.0
2023-11-24,48.12026596069336,48.55927194637444,47.7977315087958,48.28153318664214,520600.0
2023-11-27,47.89628601074219,48.227781665035984,47.13474896019213,47.7618989288352,1235600.0
2023-11-28,49.50895690917969,49.598551718414384,47.2064232860819,47.752939660489766,2258600.0
2023-11-29,51.06787109375,52.9672365704584,49.76877544379156,50.01067629593768,2579600.0
2023-11-30,51.00515365600586,51.54270879744037,50.42279940470828,51.130582961161096,2216100.0
2023-12-01,56.69429397583008,56.891399129467736,50.59302957934728,51.085789045749074,3318800.0
2023-12-04,57.088504791259766,57.8410806550645,56.05818673786394,56.50615051452432,1683800.0
2023-12-05,55.52959060668945,56.6584612634366,54.75909234649211,56.4792750651617,1401700.0
2023-12-06,56.68533706665039,57.92171805499367,56.27321120976677,56.443436215603285,1367700.0
2023-12-07,57.8858757019043,58.23528687633154,56.65845599700311,56.70325168798494,1130800.0
2023-12-08,57.41103744506836,57.76044863300327,56.48822977024621,57.46479090924771,3591400.0
2023-12-11,57.41103744506836,58.17257447427562,56.748049572754006,57.33936160257285,2493400.0
2023-12-12,56.21945190429688,57.30352338371925,55.99547002420008,57.30352338371925,1266100.0
2023-12-13,61.00370407104492,61.173932494186616,55.43103699091032,55.86108180811833,2432300.0
2023-12-14,65.38480377197266,66.27177024333132,63.71837777403479,63.71837777403479,3093200.0
2023-12-15,63.98713684082031,65.32207366284503,62.47302409832671,65.10704615336078,2625200.0
2023-12-18,62.983699798583984,64.47093574812406,62.831386943650365,64.47093574812406,1130300.0
2023-12-19,63.9692268371582,64.27383891555495,63.24352089174703,63.61085445904442,1472800.0
2023-12-20,63.36896133422852,65.73420962074113,63.261447562883376,63.96923117795584,1250700.0
2023-12-21,63.83483505249024,64.47094276399523,62.84931615910762,64.47094276399523,895800.0
2023-12-22,63.49437713623047,65.2414328276056,62.85826950410456,64.39030453393742,807100.0
2023-12-26,64.56053161621094,64.96370308091065,63.386868812101326,63.72731879162591,584400.0
2023-12-27,64.26487731933594,64.63220400985236,63.68252312495333,64.59636609254132,839900.0
2023-12-28,65.35488891601562,65.36397423262426,63.54729899459669,64.0468874570807,844400.0
2023-12-29,63.73805236816406,65.15506383975064,63.70171802991144,65.07330984616564,915400.0
2024-01-02,65.49113464355469,65.73638965792783,63.4019624788754,64.08321562758796,1525000.0
2024-01-03,63.00228500366211,65.12779127370254,61.857777895913216,63.94695676703496,1398400.0
2024-01-04,62.89328384399414,63.61087126961819,62.15753271838304,62.775202468916085,1275800.0
2024-01-05,63.9106330871582,64.69180396530092,61.576205769005874,62.02128924560065,2257900.0
2024-01-08,64.5737075805664,65.19137733894439,63.32928967873402,63.58362306217232,975300.0
2024-01-09,64.78263092041016,65.04604962985461,63.19304027829263,63.70170706614937,1296100.0
2024-01-10,65.46388244628906,66.05430319917136,64.48287629658294,64.70088228322767,1183300.0
2024-01-11,63.52003860473633,65.20046151310255,63.49278958985406,64.68270944014508,1432300.0
2024-01-12,63.54729461669922,64.8098832657409,62.50270504078397,64.46471748911858,1853900.0
2024-01-16,63.11129760742188,63.53821044538301,61.53078524110134,62.629872872582304,1696300.0
2024-01-17,60.78595352172852,62.22112866360868,59.75953447801401,61.38545969367831,1547700.0
2024-01-18,60.404441833496094,61.3036939895465,59.68685439965579,60.79502722330626,992000.0
2024-01-19,62.06669998168945,62.13028332635563,59.90485240290973,60.63152513915019,1192400.0
2024-01-22,63.311126708984375,63.32929734146569,62.25745871723878,62.56629016876335,1468000.0
2024-01-23,64.0287094116211,64.58279584948133,62.94779248257127,64.0105457105726,2077100.0
2024-01-24,64.00147247314453,65.4638967008489,63.62905762581479,65.4638967008489,1753700.0
2024-01-25,64.94613647460938,65.79997601091758,64.10138225445029,65.43663959567584,1132900.0
2024-01-26,64.67362976074219,65.50022024454465,64.46471600839713,65.25496522910342,1146300.0
2024-01-29,65.59105682373047,65.9362226145878,64.28304847089699,64.88255460930095,1701200.0
2024-01-30,63.58362579345703,65.27313411894553,62.838789311364856,64.71904768262591,2474200.0
2024-01-31,60.404441833496094,63.12945424703727,59.73227404524079,63.12945424703727,3157600.0
2024-02-01,59.30535888671875,60.9040348993839,57.052682200720334,60.458944514622594,3050800.0
2024-02-02,57.85201644897461,58.17902198153392,56.18976055909141,57.32518247965167,2344400.0
2024-02-05,56.9073486328125,57.57951647631486,56.28059350856278,56.71659511476147,1604800.0
2024-02-06,57.50685501098633,57.9519384969484,56.35326583701242,56.60759925756217,1568300.0
2024-02-07,57.924686431884766,58.34252434157435,57.14351557837603,57.80660157925296,1455100.0
2024-02-08,59.10552597045898,59.43252805320539,57.69760341644119,57.7339377511981,1163700.0
2024-02-09,58.2971076965332,59.36894634635675,57.77027022304608,58.90569222794111,1334300.0
2024-02-12,59.44161605834961,59.89578486825738,58.63319613111907,58.68769417068686,1471500.0
2024-02-13,56.80743408203125,57.10718368687609,55.18150895368113,57.03451848101759,1890400.0
2024-02-14,57.42510223388672,58.00643772377202,57.01634963473836,57.77026801536059,1317600.0
2024-02-15,60.59519958496094,60.6496976225489,58.1245237050408,58.25168694775702,1289300.0
2024-02-16,61.18561935424805,61.87595784882144,58.86935577551751,59.30536085894957,1757100.0
2024-02-20,59.9775276184082,60.858616155136346,59.51427352516717,60.08653061977832,1546100.0
2024-02-21,59.695945739746094,60.18644885529653,59.19635730814871,59.73228007386824,1297900.0
2024-02-22,59.43251800537109,61.02210849939975,59.3870983620873,60.08652206029608,1390300.0
2024-02-23,59.06918716430664,59.75952561229939,58.98744011484097,59.396189222299775,824400.0
2024-02-26,58.20626831054688,59.4779421888549,57.88834810845359,58.8875214314192,936600.0
2024-02-27,58.969276428222656,59.56878258183165,58.61502531202319,58.90569307223983,842000.0
2024-02-28,57.97010040283203,59.332606686443,57.97010040283203,58.46060349653982,1130500.0
2024-02-29,58.78760528564453,60.10469191498444,58.65135327190395,59.00560434959028,2119900.0
2024-03-01,60.17736053466797,60.34086156502138,57.90651674090691,58.7058512614873,1449900.0
2024-03-04,59.77769088745117,60.25003028590879,59.0510250183812,59.94119192075336,925800.0
2024-03-05,58.6786003112793,60.27727622982808,58.59685326382885,59.24177204839871,1549800.0
2024-03-06,57.33426284790039,59.54152674663128,56.25334245488833,59.54152674663128,2761300.0
2024-03-07,57.361515045166016,57.99734852906087,56.82559577657421,57.92468333020114,1518900.0
2024-03-08,58.0791015625,59.01469159301394,57.852017175536005,58.37885115147544,1038300.0
2024-03-11,57.97918701171875,58.70585288781392,57.52501824038471,57.779351643521295,838000.0
2024-03-12,57.76118469238281,58.4333560010796,56.91643049734694,57.74301752565774,730000.0
2024-03-13,58.369773864746094,58.59685825598609,57.661268207855,57.661268207855,1193800.0
2024-03-14,56.86193084716797,58.25168622904064,56.28059535318288,58.10635582057723,1248400.0
2024-03-15,56.86193084716797,57.49776784310149,55.9808457550487,55.9808457550487,2255700.0
2024-03-18,57.07085037231445,57.47959950095819,56.70751396348358,57.25251511169709,1029300.0
2024-03-19,57.243431091308594,57.34334877320201,56.08984202177743,56.77109516374234,1171900.0
2024-03-20,58.5423469543457,58.89659801193873,56.4350077739247,56.8165078467072,1030000.0
2024-03-21,60.050201416015625,60.81320170059208,58.996526436286814,59.05103140666096,1326500.0
2024-03-22,57.47052001953125,60.45894807199626,57.41601851644967,59.85036354690011,1381900.0
2024-03-25,57.12535095214844,58.50602798118,57.01635141065809,57.74302079564868,1733100.0
2024-03-26,55.47217559814453,57.47960081344211,55.35409074282324,57.416017460199775,1761900.0
2024-03-27,58.297019958496094,58.40779715498147,56.08145489952698,56.20146558328656,1228300.0
2024-03-28,60.29102325439453,60.494117714802485,58.44472374399253,58.73089846015621,1834100.0
2024-04-01,58.42626190185547,60.46642596323064,58.27855779608947,60.32795182339966,775100.0
2024-04-02,57.33694076538086,57.66927587193998,56.67227055226261,57.66927587193998,1461700.0
2024-04-03,57.89083099365234,58.02930513031672,56.856902276934086,57.02306983231389,943600.0
2024-04-04,56.6999626159668,58.860137235447226,56.51533513588373,58.61088943302638,1525800.0
2024-04-05,56.635345458984375,56.9861440295266,55.73989086159536,56.31224382923736,1089300.0
2024-04-08,58.38010025024414,58.85090594835187,57.09691675460717,57.28154775208715,853900.0
2024-04-09,60.28180694580078,60.43874103956151,58.26010253211117,58.52781736192623,1415600.0
2024-04-10,56.61688232421875,58.121616710820966,56.12760964201083,57.97391261392924,1455200.0
2024-04-11,57.26308822631836,57.91852848838844,56.432253963008975,57.115384122516005,882300.0
2024-04-12,55.95221710205078,57.401564782142295,55.60141852016521,56.91229557797772,1122300.0
2024-04-15,54.16130065917969,56.69073749820533,53.819735565966624,56.50610648079101,1333900.0
2024-04-16,53.52432632446289,53.958208678868296,52.67502859073894,53.73665075789388,1474400.0
2024-04-17,53.49662780761719,54.5305564567137,53.40431054869755,53.65356186546556,1424700.0
2024-04-18,54.17975997924805,54.2905406941705,53.28430542365748,53.93974214000302,955800.0
2024-04-19,55.5737190246582,55.62910585889736,54.32746243112633,54.32746243112633,1446300.0
2024-04-22,56.62611770629883,56.99537974462249,55.33370409370981,55.80451336864967,1159500.0
2024-04-23,58.09392547607422,59.28479178288003,56.59842099865738,56.59842099865738,1600300.0
2024-04-24,58.10315704345703,58.24163118398874,57.05076484435584,57.42002687141127,1030100.0
2024-04-25,57.18923568725586,57.41079007347896,55.87835873618586,56.95844781403977,1178400.0
2024-04-26,56.78304672241211,58.721666968503065,56.70919643425605,57.309246312662566,845600.0
2024-04-29,58.010841369628906,58.26009270137656,57.48464528756504,57.48464528756504,908400.0
2024-04-30,57.13384246826172,58.50010618668361,57.01383179416816,57.49387096899909,1261400.0
2024-05-01,54.69672775268555,56.55226076494304,52.43500581640924,53.54278834862045,2343300.0
2024-05-02,55.45370864868164,55.69373000349782,54.03205453644241,55.59218277811739,1254400.0
2024-05-03,56.10914993286133,57.73389862860412,55.68450106616134,56.921524280732726,891700.0
2024-05-06,56.85690307617188,57.13384783185005,56.34917043717129,57.09692092534799,812000.0
2024-05-07,56.18300247192383,57.6415800527388,55.96144455606222,57.216931195676274,986800.0
2024-05-08,55.49987030029297,56.183003998007074,55.250618958757165,55.80451200268463,649800.0
2024-05-09,56.70920181274414,56.81997901625643,55.656809575517805,55.80451368738213,672600.0
2024-05-10,56.7738151550293,56.96767611770533,56.14607187646973,56.96767611770533,787400.0
2024-05-13,57.9277572631836,58.59242747740011,57.161539819401376,57.46618150809847,1306400.0
2024-05-14,59.12786102294922,59.58943680909843,58.647818261225005,58.84168276778095,1251600.0
2024-05-15,59.70944595336914,60.771071705251885,59.63559213480092,60.69721788668368,1664300.0
2024-05-16,58.75859069824219,59.92176348735163,58.74935721175696,59.6632751673711,1133300.0
2024-05-17,58.34317398071289,59.07246449183837,57.9277551122526,58.90629694445425,887300.0
2024-05-20,57.32770919799805,58.74936341408942,57.25385890603602,58.47241865653045,873800.0
2024-05-21,57.55849838256836,57.7338994328331,56.83844129234728,57.096922602366384,990300.0
2024-05-22,56.98614501953125,58.02007377422751,56.61688651076872,57.25385981542608,614600.0
2024-05-23,55.16753005981445,57.21692744127044,54.9182822629475,57.21692744127044,879800.0
2024-05-24,54.75211715698242,55.97990683029288,54.52132928019424,55.63834175867856,949800.0
2024-05-28,53.62587356567383,55.82297523600719,53.61664359967279,55.32447255490284,1142600.0
2024-05-29,52.77657318115234,52.95197423195947,52.12113641640924,52.75811324884567,1132800.0
2024-05-30,53.71818542480469,53.7458823649222,52.84119430222286,53.164295924064206,1213200.0
2024-05-31,56.00760269165039,56.081456505784985,53.79204109076781,54.336700644607554,2268300.0
2024-06-03,55.42601776123047,56.25685201113668,55.02906232837597,56.118381396924086,975300.0
2024-06-04,55.34293365478516,56.14607448137873,55.02906200094324,55.05675541931226,942200.0
2024-06-05,55.13061141967773,55.89682537117781,54.89059004580276,55.35216581851529,870400.0
2024-06-06,56.155311584472656,56.32147562692995,54.5582562725132,54.65980350846315,1322100.0
2024-06-07,54.70595932006836,55.666037777529255,54.46594146647498,55.0567578952067,1536800.0
2024-06-10,54.53979110717773,55.30600500407222,53.81050059309565,54.09667529799471,1554100.0
2024-06-11,53.90281677246094,54.84443174689795,53.6904923451188,54.03205742201322,1383800.0
2024-06-12,55.35216522216797,57.58619376923055,54.992136686778025,56.34917057082655,1888100.0
2024-06-13,56.58918762207031,56.96767960541437,55.15830346657662,55.37062789415562,1685100.0
2024-06-14,56.90305709838867,57.40155974656675,56.072222872968666,56.072222872968666,1566200.0
2024-06-17,56.7276611328125,57.11538307762166,55.97067717448109,56.6722707743211,968200.0
2024-06-18,57.281551361083984,57.7523606103982,56.6261146242008,56.819975599074375,977000.0
2024-06-20,56.69073867797852,57.567733387789616,56.64458180305032,56.78305242783492,1057300.0
2024-06-21,56.7738151550293,57.07845682912881,56.36762977777332,56.783045120209565,1563000.0
2024-06-24,57.41079330444336,57.88160256436473,56.709199679861285,56.9861444389978,829900.0
2024-06-25,56.967681884765625,57.392330756914376,56.78305086857895,57.27232358970521,1250900.0
2024-06-26,56.39532852172852,56.87536775194268,56.14607717979749,56.46917881477639,800200.0
2024-06-27,56.47841262817383,56.52456950178797,55.67527175834776,56.256854704664704,935700.0
2024-06-28,57.754337310791016,57.7824815534774,56.57222901376709,56.95688250558923,1985600.0
2024-07-01,56.9381217956543,58.12961038324608,56.51594381532048,57.791865135881935,755500.0
2024-07-02,57.74495697021485,57.78248501529246,56.47841586925185,56.89121362849155,1010300.0
2024-07-03,57.67927551269531,58.40167416069369,57.33215009808104,57.979492667854274,743400.0
2024-07-05,56.57223129272461,57.98888454619325,56.22510582974813,57.52917495019362,1445600.0
2024-07-08,56.99441146850586,57.15390028479823,56.42212133216979,56.90997516021249,1027000.0
2024-07-09,57.472877502441406,57.5854616249232,56.01869991965905,56.88182696433132,1087700.0
2024-07-10,58.00764465332031,58.18589748360275,57.34153443727322,57.81062422326273,890600.0
2024-07-11,61.19746017456055,61.46952596738127,59.22728081195613,59.66822280269624,2619400.0
2024-07-12,63.571048736572266,63.946321990626,62.0887233198181,62.1074837615369,1768900.0
2024-07-15,64.16209411621094,64.77191221024994,63.41154766851043,64.12456607805177,1368700.0
2024-07-16,65.06275939941406,65.38174421275296,64.15272396425402,64.64996520733357,1688500.0
2024-07-17,64.31221771240234,65.71010338329589,64.05890519918954,64.69686764592998,1184800.0
2024-07-18,63.073822021484375,66.14166637634192,62.4733804508169,63.96508984005428,1429100.0
2024-07-19,62.63286972045898,63.38340907729718,61.98552353057708,63.13010374432802,794000.0
2024-07-22,63.67425155639648,63.72115624140312,61.98552542582799,62.63287163550295,718400.0
2024-07-23,64.90327453613281,65.39112485029769,63.05505930774627,63.33651609213512,918600.0
2024-07-24,62.87679672241211,65.86020828285467,62.79236398999275,64.68748372541252,958700.0
2024-07-25,63.71177291870117,65.08151412198922,62.782970065404776,62.97998690035633,776300.0
2024-07-26,66.14167022705078,66.19795871974492,64.39665537610063,64.47171147152162,914300.0
2024-07-29,66.9391098022461,67.22056653177789,65.6819526345525,66.35744305923525,1270900.0
2024-07-30,68.13998413085938,68.34638479524568,65.71010231843034,67.43634940649294,1752700.0
2024-07-31,66.90158081054688,68.83423553320483,64.73438836026749,67.20179797750221,3384400.0
2024-08-01,65.94464111328125,68.5809233457051,65.21286221301712,67.89605628581354,1478300.0
2024-08-02,62.79236602783203,64.5279969976254,61.42262455921565,64.46232470658704,1596000.0
2024-08-05,61.59148788452149,62.87678926610402,58.62684069802826,59.89338163832321,1960900.0
2024-08-06,64.12456512451172,65.5975066010845,61.638388105932606,62.3889345424724,1644100.0
2024-08-07,63.37403869628906,65.73824828262828,62.96123735671288,65.14719767547916,1604900.0
2024-08-08,64.4998550415039,64.6311996282417,63.38341889648952,63.90880440118384,1041800.0
2024-08-09,64.37789154052734,64.78130908498932,63.4021838246718,64.6593411469181,635000.0
2024-08-12,63.04566192626953,64.36849850711963,62.5015232355308,64.17148166358187,712700.0
2024-08-13,64.58428192138672,64.64996136654115,63.167635841823234,63.75868642853063,577600.0
2024-08-14,64.29344940185547,65.12842870647106,64.08704873640126,64.8469791099138,668500.0
2024-08-15,65.32544708251953,66.26362674156458,64.5092353601057,65.11905357003353,1073900.0
2024-08-16,65.6631851196289,66.16041913906531,64.74377316309342,65.29729566541185,762700.0
2024-08-19,66.87344360351562,66.98602773711904,65.64443056541766,65.6631910088136,823000.0
2024-08-20,65.84144592285156,66.87344207181313,65.6444290618651,66.61075292383119,777200.0
2024-08-21,66.19795989990234,66.36683253873856,65.25040351985675,66.06661530944567,785100.0
2024-08-22,66.48878479003906,66.86405086976221,65.47554919620657,66.10412775325868,839100.0
2024-08-23,68.59969329833984,69.56601711813391,66.62013381676977,67.0235513214912,1250300.0
2024-08-26,69.39715576171875,70.27904699824894,68.67475336140346,68.95621014345366,1319600.0
2024-08-27,69.6129150390625,69.84745991070051,68.54339099701252,68.65597511218569,750100.0
2024-08-28,69.68798065185547,69.9131417552711,69.16260235797154,69.35023541786082,654700.0
2024-08-29,69.80057525634766,70.25089753075194,68.95621204466026,69.80057525634766,835200.0
2024-08-30,70.56986999511719,71.04834359079575,70.03510791444428,70.5229581524604,1595600.0
2024-09-03,69.72549438476562,70.57924109484455,69.16258816288747,70.09138378687346,1054300.0
2024-09-04,69.82870483398438,70.80441243387246,69.38775929619686,69.82870483398438,844600.0
2024-09-05,70.04449462890625,71.03896274647553,69.91314289555051,70.43852835574586,1006900.0
2024-09-06,69.95067596435547,70.53234995366975,69.3033368402603,70.24151653788414,1042900.0
2024-09-09,69.70674133300781,70.01633513531887,68.9280506120539,69.9037581736573,1144500.0
2024-09-10,69.90375518798828,70.11953246045135,68.55277444381754,69.91313182923179,936200.0
2024-09-11,71.57372283935547,71.64877892552447,68.70289554194332,69.25641807251947,1332500.0
2024-09-12,73.75030517578125,74.21001121455369,71.60187285086508,71.77074547947944,1435200.0
2024-09-13,75.11067199707031,75.59852949815634,74.28507635535891,74.62282165372808,1209500.0
2024-09-16,76.4616470336914,76.68680816189246,74.40703116034506,75.28892238593541,1016800.0
2024-09-17,75.43901824951172,77.32475392140383,75.17632197276468,76.60235884413906,1301600.0
2024-09-18,76.26461791992188,78.22540978076707,75.42963867725912,75.90811226097058,1436000.0
2024-09-19,77.2215576171875,78.66635500457971,76.72432359353955,78.00024837311341,1695000.0
2024-09-20,76.01130676269531,77.0151586314825,75.80491326667416,76.78999753544167,2453900.0
2024-09-23,77.0902099609375,77.12773800091983,76.09574195350172,76.50854323556567,891500.0
2024-09-24,77.39043426513672,77.8595240715939,76.63989486945069,76.94948870182819,712000.0
2024-09-25,75.80491638183594,77.79385260112488,75.3358265704576,77.53116345199182,1105600.0
2024-09-26,75.29829406738281,76.78061234366979,74.91363700911594,76.73370765995519,1052500.0
2024-09-27,75.77677154541016,76.42411783167132,74.96055978385625,76.18957290566286,942000.0
2024-09-30,76.4130630493164,76.76445558628761,75.32090371419713,75.58681925756771,1212800.0
2024-10-01,75.67230987548828,76.36559602037346,74.8080769582791,76.36559602037346,640800.0
2024-10-02,76.10916900634766,76.24212679632382,74.91254165090609,75.03600763135262,631700.0
2024-10-03,75.80525970458984,75.85274773188897,74.97901585091273,75.77676978647266,751000.0
2024-10-04,76.67898559570312,77.20132492192516,75.62481513416833,76.10916548706005,950800.0
2024-10-07,75.88124084472656,76.1756463385401,75.18795474351171,76.1756463385401,905800.0
2024-10-08,76.84992218017578,77.0968468513093,75.672293145443,76.06166739063929,1190300.0
2024-10-09,78.2554931640625,78.49291880640149,76.76446041999986,77.05886589789043,1339500.0
2024-10-10,78.09403991699219,79.21468915902692,77.29628604767939,78.20799957999753,1336300.0
2024-10-11,78.79682922363281,79.02475582851716,78.21751003340734,78.340968768208,863400.0
2024-10-14,80.1454086303711,80.37333524491477,78.17002531590876,78.63538484624166,763200.0
2024-10-15,82.13027954101562,83.24142978324386,80.54427077912106,80.56326888764853,1537500.0
2024-10-16,83.0040054321289,83.37438885194292,82.52915415076164,82.62412295790399,907900.0
2024-10-17,84.44755554199219,84.63750041408427,82.34871361355256,82.66211721826252,972100.0
2024-10-18,85.20731353759766,85.57769695067299,83.64980194270261,84.5330255998027,1058500.0
2024-10-21,82.55764770507812,85.2358087601387,82.46267889375231,84.8939152428411,1303000.0
2024-10-22,82.45317077636719,83.21293567477842,81.97831952627392,82.32021300599348,765800.0
2024-10-23,82.58612823486328,84.11514983404179,82.03529904787803,83.1179593143497,1244100.0
2024-10-24,83.1939468383789,83.45986240876007,82.25374328720096,82.73809364505573,922300.0
2024-10-25,82.6146240234375,83.67829350368046,82.33920941036597,83.57382564197555,990100.0
2024-10-28,82.9945068359375,84.25761299030547,82.95651786373972,83.46935811992645,977700.0
2024-10-29,81.85486602783203,83.66879415108332,81.73140005771775,83.11796492690326,1311300.0
2024-10-30,78.587890625,81.47498741592885,77.64768707410086,81.02862603192604,2179900.0
2024-10-31,76.50804138183594,78.16052917118564,76.46056059783653,77.52422290382049,1890000.0
2024-11-01,75.17845153808594,77.79013334917073,74.74158202260091,77.41974271723258,1595600.0
2024-11-04,76.28961181640625,76.81194390051526,75.01700656100454,75.04549647978156,873000.0
2024-11-05,77.28680419921875,77.73316563377078,75.69130335106291,75.81476934101107,899400.0
2024-11-06,76.87841796875,79.72752559816367,74.33321486331424,78.67335519562818,2451400.0
2024-11-07,78.46442413330078,78.70184976125063,76.1756376019498,76.22312562580183,2028800.0
2024-11-08,78.7303466796875,78.94877421926172,77.90410281249889,78.57839078636995,1280100.0
2024-11-11,77.8376235961914,79.28117559406877,77.45774111013654,79.12921970138451,962400.0
2024-11-12,75.05499267578125,77.97057926528836,74.92203489611556,77.23931147712709,1112100.0
2024-11-13,75.39688110351562,76.64098906334094,74.90303899024038,76.19463497345883,1128300.0
2024-11-14,75.47286224365234,76.88791700379142,75.37789343849332,75.89073368113853,1273800.0
2024-11-15,74.58013916015625,75.17845639639847,73.58295584251145,75.17845639639847,1379600.0
2024-11-18,74.46617889404297,74.85555316380524,73.39301039736401,74.39969276107922,1066300.0
2024-11-19,75.42537689208984,75.74827953586397,73.68741943801267,73.96283405469612,820100.0
2024-11-20,75.55833435058594,75.72928110346464,74.76058766758906,74.91253631145035,731600.0
2024-11-21,76.70747375488281,77.57170657559935,75.64381150865401,75.97620596060051,792400.0
2024-11-22,76.60301208496094,77.7331532060479,76.3750782533395,76.87841945160633,1326400.0
2024-11-25,77.98957061767578,78.12252838582286,76.86892139639679,77.43874143783502,3005700.0
2024-11-26,79.03425598144531,79.30967062043163,77.02088374764332,77.61920105655219,968300.0
2024-11-27,78.69235229492188,80.48728949878212,78.4549266621821,79.65155387997403,899000.0
2024-11-29,77.86610412597656,79.59456234574499,77.67616652867868,78.82530565733717,957500.0
2024-12-02,76.81193542480469,78.06554243225689,76.25161442893558,77.84711491529794,1054000.0
2024-12-03,76.11865997314453,77.03987259555973,75.68179767455024,76.91640662823272,762200.0
2024-12-04,75.75776672363281,76.47004361261101,75.38738332101656,76.14714823418872,866300.0
2024-12-05,75.24493408203125,75.97620183662042,74.76058376653933,75.56782946192237,803800.0
2024-12-06,76.29910278320312,76.4510586758774,75.13097265230664,75.7197908679358,854200.0
2024-12-09,78.83482360839844,79.10073920662008,76.54603661034265,76.54603661034265,1164400.0
2024-12-10,77.10636138916016,78.92978875988926,76.45106423425652,78.83481994289102,1108500.0
2024-12-11,75.96671295166016,77.83762833163617,75.46337170641914,77.66668156479429,1741800.0
2024-12-12,75.91921997070312,76.92590229946929,75.64380537694247,75.8717319475649,815600.0
2024-12-13,75.90973663330078,76.0806834080742,74.70361739981813,75.5203550507838,679900.0
2024-12-16,76.51753234863281,77.48622573856645,75.52984085058279,75.52984085058279,1267900.0
2024-12-17,76.3180923461914,76.69797478968049,75.7292741965006,75.86223196487353,893400.0
2024-12-18,70.49642944335938,76.74546724475294,70.24000567558151,76.29910584915567,1598400.0
2024-12-19,69.6417007446289,71.31317228010829,69.04338340628264,70.83832093000825,1745700.0
2024-12-20,70.88579559326172,72.24387048822281,69.64168760926532,69.8316252152179,3032000.0
2024-12-23,71.80701446533203,72.12041806359738,70.22101285567041,70.45843850666128,1287900.0
2024-12-24,72.30085754394531,72.32935470877484,71.29417508964671,71.64556766598488,246500.0
2024-12-26,72.39583587646484,73.01313679970174,71.43663417543581,71.99695525853544,677600.0
2024-12-27,70.85731506347656,72.54778461562053,70.70535916206056,71.5980819687391,593300.0
2024-12-30,70.43943786621094,70.75284145321609,69.20482887280993,70.24950025050481,616400.0
2024-12-31,71.56547546386719,72.28728969406272,70.8244087423023,70.86290638236694,980700.0
2025-01-02,70.9302749633789,72.29691547757827,70.50681561072291,70.96877260319745,935600.0
2025-01-03,72.09480285644531,72.21028842438615,70.93026953343661,71.15162910977895,747800.0
2025-01-06,69.28453826904297,71.99855941882089,69.19792408788331,71.79645232010778,1227700.0
2025-01-07,67.68692779541016,70.27582982683691,67.57143487586409,69.4577751724058,1448100.0
2025-01-08,67.30195617675781,67.9371488533882,66.16630154382592,67.46556563287903,1199900.0
2025-01-10,65.58885955810547,66.51278096261896,64.8574190260293,65.64660235130174,1886400.0
2025-01-13,66.71488189697266,66.89774384870894,65.165386786665,65.42524401730856,1387500.0
2025-01-14,67.64842987060547,68.11038686149581,66.92661564749957,67.06135371506542,1148800.0
2025-01-15,69.2941665649414,70.29508318533368,69.15942849514573,70.05447844031652,1422300.0
2025-01-16,69.7176284790039,69.93898071732411,68.89956652797456,69.2749166596899,575300.0
2025-01-17,70.43944549560547,71.15163346463291,69.87161449533947,70.25658354494243,1086600.0
2025-01-21,71.25749969482422,71.71945667734309,70.68966869808054,70.85328549945174,961500.0
2025-01-22,69.99673461914062,70.91102969965587,69.97748212792561,70.76666538623925,740600.0
2025-01-23,69.159423828125,70.09297135062172,67.93714769402206,69.98710468254434,1074500.0
2025-01-24,70.79553985595703,71.34411839663287,68.8129590497732,68.87070184057876,1906200.0
2025-01-27,71.78682708740234,73.09571746744483,70.48756295296026,70.56455823241546,1182100.0
2025-01-28,70.42981719970703,71.28636945523301,69.39040299884168,70.99764084076809,1535000.0
2025-01-29,66.25292205810547,69.36153873501475,66.16630787046786,67.77354587758863,3228000.0
2025-01-30,69.67913818359375,71.28637617707219,68.06227394401247,68.41836428039939,1834400.0
2025-01-31,70.39131927490234,70.9976405516008,69.67913132950952,69.67913132950952,1506200.0
2025-02-03,68.98619079589844,69.89086696073349,67.67730043333134,68.42798604131197,919800.0
2025-02-04,69.55400848388672,69.9582299896008,68.14887781521634,68.89956335877021,959800.0
2025-02-05,70.23734283447266,70.64155705789199,68.21625703202731,70.13147615557602,1275400.0
2025-02-06,69.66950988769531,71.10351212250373,69.27492192118088,70.93990265694102,1316700.0
2025-02-07,70.00634765625,70.18920959410066,68.63008835665299,69.94860487279121,795400.0
2025-02-10,68.4472427368164,70.1122235147061,68.33174981208111,70.05448072367562,1011000.0
2025-02-11,68.86107635498047,69.03431205351235,67.36932409858521,67.41744798143937,976700.0
2025-02-12,67.78317260742188,67.95640832660762,66.79188218089915,67.22496780752624,1049200.0
2025-02-13,68.58197021484375,68.81294868595299,67.56180122732093,67.97564163200632,901500.0
2025-02-14,68.21625518798828,69.82350047748322,68.18738379319227,69.04393610462007,846800.0
2025-02-18,68.49535369873047,68.84182510202113,67.93714895535396,68.22587757232077,1118300.0
2025-02-19,67.26346588134766,68.10077308656228,66.51278020761879,68.10077308656228,1159000.0
2025-02-20,66.95549011230469,67.44632586247609,66.30104489296758,67.25383765521558,1164000.0
2025-02-21,66.27217102050781,67.26346138715668,65.5022329055922,67.25383514148487,1205100.0
2025-02-24,66.25292205810547,66.98436257196785,66.0219435483974,66.71488642019604,1124100.0
2025-02-25,67.27308654785156,68.13926507749343,66.42615316656888,66.42615316656888,1445000.0
2025-02-26,67.35969543457031,68.19700250451868,67.0517216863146,67.63879779121977,1030800.0
2025-02-27,67.40782928466797,68.78408878193109,66.92661977293506,67.69655058610306,1097400.0
2025-02-28,68.26437377929688,68.42798323223286,67.38856904415675,67.6965428025489,2958400.0
2025-03-03,65.47335815429688,69.04393147736613,64.8574106310149,68.12001019244317,1385500.0
2025-03-04,64.5398178100586,65.53110823625224,63.17318454953288,64.94403938314078,1576800.0
2025-03-05,65.13652038574219,65.43486793603509,62.94220616739871,64.0778609189751,2133900.0
2025-03-06,64.16447448730469,64.8092934703335,63.30792214443371,63.96236737363929,1614300.0
2025-03-07,66.40690612792969,66.57051558368434,64.17409450545117,64.33770396120583,1357800.0
2025-03-10,65.60809326171875,67.27308115424434,65.0017720109181,65.97381713528677,2282600.0
2025-03-11,63.10581588745117,65.92570395621982,62.53799218077919,65.92570395621982,1579400.0
2025-03-12,63.60626602172852,64.15485188203375,62.836335253524936,63.51002559353732,1123000.0
2025-03-13,61.5659408569336,64.33770476483669,61.32533612158067,63.58701916536338,1518900.0
2025-03-14,63.04806518554688,63.1924294913498,61.96052711214867,62.53798433536035,1182500.0
2025-03-17,66.06043243408203,66.65713479296498,63.74100671291027,63.79874949701481,1765100.0
2025-03-18,65.8390884399414,66.40691213516418,65.05952404359698,65.44449311871251,1418500.0
2025-03-19,66.27217102050781,67.22496374714349,65.66584971131675,65.82945917436726,1462700.0
2025-03-20,65.8968276977539,66.72450859493439,65.61772531682803,66.14705868456228,1346500.0
2025-03-21,65.7717056274414,66.41653188583344,64.90553447148476,65.95456757233939,2903000.0
2025-03-24,66.8688735961914,67.24421640892878,66.27217118848566,66.4069092575363,1555400.0
2025-03-25,65.9353256225586,67.27308740206318,65.27125418428868,67.11909684253868,1139100.0
2025-03-26,66.32991027832031,66.55126986094422,65.41561524036752,66.01231027212354,1106700.0
2025-03-27,65.75245666503906,66.82074219425925,65.56959473075011,66.21442095173154,1063100.0
2025-03-28,65.13652038574219,66.24330374118372,64.54944418875168,65.93532994462103,1216700.0
2025-03-31,65.61502838134766,66.09354040054389,64.3552658629863,65.03885446183807,1582200.0
2025-04-01,65.39041900634766,66.10331067359078,64.16971971011829,65.88846640536526,1340100.0
2025-04-02,66.23026275634766,66.35721280486163,63.97441277167328,64.7263602830456,1148100.0
2025-04-03,61.13261795043945,64.90213789217933,61.025199543915264,64.23807719128844,1449700.0
2025-04-04,59.003719329833984,60.44903057323295,57.49982062973704,59.78496985878865,2530800.0
2025-04-07,57.11896133422852,60.5662148476228,55.11701157036805,57.48028727161197,2276600.0
2025-04-08,55.52716827392578,59.93144954418145,54.65803100093562,58.55450093438477,1983800.0
2025-04-09,60.14629364013672,60.51738725549311,52.94905189981486,54.49201381582769,2482700.0
2025-04-10,58.26153564453125,58.75957931641615,55.53693393142344,58.3982533691554,2200500.0
2025-04-11,59.218563079833984,59.36504848405132,56.2009943002413,57.68536507688118,1907200.0
2025-04-14,61.36699295043945,61.87480428634529,59.8337949878277,60.536918949124775,1903300.0
2025-04-15,62.09941101074219,62.34355085530002,60.93730669174711,61.269337029356905,1486600.0
2025-04-16,61.59160232543945,62.60722501637328,61.01543211859031,62.099413670906365,1412100.0
2025-04-17,62.38261413574219,63.29081093040495,61.88456676659852,61.98222493960629,1413500.0
2025-04-21,61.10332107543945,61.77714571720142,60.13652936009744,61.39628814901951,1388600.0
2025-04-22,62.43144226074219,62.82206750785478,61.46464682304165,62.245897317266845,1588200.0
2025-04-23,63.75956344604492,65.87869553350926,63.48612800902461,64.10135774232032,1742400.0
2025-04-24,64.48221588134766,64.73612341107612,63.55448743313237,63.749796332580765,1004100.0
2025-04-25,64.30643463134766,64.4919833004625,63.788859344402994,64.16971691217574,770200.0
2025-04-28,64.68729400634766,65.20486930775229,63.78886112652992,63.96464212045575,1331000.0
2025-04-29,63.59354782104492,64.7068248886718,62.40214421695663,64.40408642252302,2443200.0
2025-04-30,62.23612976074219,62.70487782304083,59.3552788020832,60.66386853964634,3881200.0
2025-05-01,62.77323532104492,63.74979469430463,61.71855313506919,62.919720717145225,1244100.0
2025-05-02,63.52518844604492,64.55057128914856,62.94901455753823,63.82791945916745,1254700.0
2025-05-05,63.22245407104492,64.0330001688863,62.85136417771662,63.00760980891279,691800.0
2025-05-06,62.48027038574219,63.34941138682937,62.21659889893306,62.841596323097576,1038400.0
2025-05-07,62.54863357543945,63.59355185254413,62.43144376331812,62.9392513813964,1337100.0
2025-05-08,62.05058670043945,63.15409616745515,61.98222783877578,62.90019608159413,1402800.0
2025-05-09,62.70487976074219,62.9099563458454,61.80644687822609,62.2263677288347,1105300.0
2025-05-12,65.03885650634766,65.57596717272747,64.41385906759142,64.57987238245167,1216100.0
2025-05-13,64.49198913574219,65.5369074842764,63.94511820957327,65.3708941603405,1215800.0
2025-05-14,64.56034851074219,65.24393717384524,63.83769657395359,64.29667327600413,2143500.0
2025-05-15,65.40995788574219,65.44901370883194,64.26737762058964,64.56034844766621,923200.0
2025-05-16,66.24978637695312,66.34744827777786,64.96072826197053,65.48807123408481,1103300.0
2025-05-19,66.30838775634766,66.39627453006486,65.32206063147441,65.5954960837821,1044500.0
2025-05-20,66.01541900634766,66.75760629335153,65.91776454897919,65.91776454897919,1217800.0
2025-05-21,63.46659469604492,65.91776092935162,63.417771195320405,65.91776092935162,1257900.0
2025-05-22,63.11503219604492,63.91581061688634,62.42167590670539,63.28105295872051,999800.0
2025-05-23,63.09550476074219,63.49589024889679,62.3630851952953,62.548633869386784,1369700.0
2025-05-27,65.51737213134766,65.75175177164459,63.83769607923176,64.08183594995621,1619300.0
2025-05-28,66.18142700195312,66.25955354178247,64.94119984702934,65.58573262478598,1392000.0
2025-05-29,67.23611450195312,67.26541009243134,66.13260504078356,66.7185392020191,1643800.0
2025-05-30,65.75174713134766,66.92361544789978,65.2634674243581,66.92361544789978,2502800.0
2025-06-02,66.00564575195312,66.15213115091541,64.27713890575741,65.24393061801749,1110600.0
2025-06-03,68.7302474975586,69.1599360152846,65.54666923612815,65.90799144370966,1838300.0
2025-06-04,69.56033325195312,70.01930993729573,68.13454989128444,68.70095616326982,1886600.0
2025-06-05,70.1267318725586,70.73220141507363,69.28689014769081,69.6384521464986,1314200.0
2025-06-06,72.38258361816406,72.60718810229146,70.69313261974617,70.93727246370179,1741000.0
2025-06-09,70.8786849975586,72.84156408136555,70.66384073153623,72.69508612776589,3455100.0
2025-06-10,71.18141174316406,71.67945910703973,69.4236019004009,71.19117942300072,2044200.0
2025-06-11,71.2693099975586,72.47047391602155,70.9275082389249,71.50368217301722,1693600.0
2025-06-12,71.7575912475586,71.88454129312078,70.97634071187228,71.22048057295459,806100.0
2025-06-13,70.4099349975586,71.82595067326223,69.8240008164828,71.15212226721853,1065600.0
2025-06-16,71.11305236816406,71.88453515740096,70.39040052719855,71.06422141989266,2143300.0
2025-06-17,70.0583724975586,71.50368375439173,69.85329590817717,71.49391607378577,1669000.0
2025-06-18,70.0290756225586,70.7126716918559,69.78493576578609,70.09743448443261,1775300.0
2025-06-20,69.7947006225586,70.98610426749745,69.66774313381657,70.2048537772093,3225600.0
2025-06-23,69.3259506225586,70.8689162827837,67.41189506770192,70.8689162827837,2169500.0
2025-06-24,68.6911849975586,70.16579178582539,68.09549061479446,69.69704744355903,2004700.0
2025-06-25,65.07791900634766,67.88064721764283,65.00956014512373,67.74392949519498,2886700.0
2025-06-26,66.17166900634766,66.29861904993847,65.17557421628777,65.67362161131771,2988900.0
2025-06-27,66.99197387695312,67.60721107215,66.28884991133212,66.71853843489096,1996900.0
2025-06-30,66.84336853027344,67.32881550217809,66.05079556678605,67.13067604057423,1473100.0
2025-07-01,67.48733520507812,69.25080216690331,65.88237830573017,66.30838496403348,1392900.0
2025-07-02,67.63593292236328,67.87370934297033,66.83345828878808,67.37835313784275,1222200.0
2025-07-03,68.19074249267578,68.56721051775808,67.28919049878502,67.28919049878502,774300.0
2025-07-07,66.70467376708984,67.94306437961474,66.35792590729017,67.8638055663644,1560600.0
2025-07-08,67.66566467285156,68.01241252538007,66.31829510999539,66.54615474514142,1149900.0
2025-07-09,68.38887786865234,69.03284246019022,67.91334013478831,67.93315105764265,1479800.0
2025-07-10,69.62727355957031,69.93439201702488,68.23037285961377,68.32944259828912,1400900.0
2025-07-11,70.11271667480469,70.38021326875705,68.63655724250418,68.63655724250418,1490500.0
2025-07-14,70.56845092773438,71.03407942866833,70.06318546335874,70.08299638654344,1605700.0
2025-07-15,69.27061462402344,70.99445977730014,69.2210835352622,70.88548080007449,1042100.0
2025-07-16,69.44894409179688,70.46937674793189,68.57711982098579,69.5678323117633,1654400.0
2025-07-17,68.38887786865234,69.56782807968926,67.68547295001545,69.32014997206207,1366500.0
2025-07-18,68.30962371826172,68.91395894676512,68.16102289038098,68.73563039477172,1369000.0
2025-07-21,68.36907196044922,69.05265844783463,68.08176442750428,68.80498032204106,873900.0
2025-07-22,70.45947265625,70.59817179553399,68.51767714773797,68.75544602100535,848700.0
2025-07-23,70.82603454589844,71.37092944459992,70.25142704008368,70.81613286303953,1055800.0
2025-07-24,70.08300018310547,70.77650346871717,69.79569265087818,70.19197916286535,1175100.0
2025-07-25,71.1331558227539,71.3808339313867,69.90466696178929,70.29104420657357,1540300.0
2025-07-28,68.95358276367188,70.94491683973882,68.86442227417163,70.86565803227023,1287200.0
2025-07-29,69.77587890625,70.03346626241036,68.71581687569095,69.17154370056775,2058900.0
2025-07-30,65.81302642822266,69.74615594888975,65.0799013530855,69.12200228620765,3158500.0
2025-07-31,64.82231903076172,66.1696886323979,64.6935291271261,65.21860554157293,4179700.0
2025-08-01,64.01984405517578,65.73377243626099,62.6823799213035,65.73377243626099,2711900.0
2025-08-04,65.12943267822266,65.5653485637876,63.86132198407298,64.22788830225585,2056300.0
2025-08-05,65.48609161376953,65.9319167526199,64.53500856617273,65.2780429057205,2195200.0
2025-08-06,65.40682983398438,65.82293478972714,65.00064167724497,65.63469701352294,1537500.0
2025-08-07,65.07990264892578,65.93191595261867,64.59444811083225,65.85265714331327,1255100.0
2025-08-08,62.66256332397461,65.30776378779171,62.44460537261238,64.94120501371546,2107600.0
2025-08-11,61.53315353393555,63.18764158290164,61.414269092991866,62.414887047865335,1535100.0
2025-08-12,63.07865905761719,63.08856829837852,61.66194374945688,62.246464238530585,2294100.0
2025-08-13,64.89166259765625,65.09971129590689,63.07865708049757,63.128195724215445,1183300.0
2025-08-14,64.60436248779297,64.84213137607615,63.36597183845205,64.00993648781666,1105600.0
2025-08-15,64.83222961425781,65.06999850225212,63.950496077681294,64.8421312972941,937200.0
2025-08-18,64.55482482910156,65.33748098834492,64.35667781024458,65.05018103844014,1156000.0
2025-08-19,66.24894714355469,66.27866730898585,64.83222797589023,64.99073804436853,1306300.0
2025-08-20,65.81302642822266,66.57587166662353,65.456369351986,66.37773220584135,1188500.0
2025-08-21,65.8031234741211,65.9021932139768,65.01055799673878,65.23841764255324,1031000.0
2025-08-22,68.72572326660156,69.21117023580051,65.94181622780715,66.01116579483558,1286900.0
2025-08-25,69.03284454345703,69.33006130499344,68.10157241194345,68.50776814880746,1128400.0
2025-08-26,68.83470153808594,69.57773584521385,68.44831674452645,68.99321159316791,2430100.0
2025-08-27,70.39012145996094,70.5387222782339,68.70590578701906,68.83470324090368,1120500.0
2025-08-28,71.00436401367188,71.15297240237318,69.68671455694319,70.62789597969366,1303700.0
2025-08-29,71.83656311035156,71.97526225107143,70.84585064318894,70.91520021354887,1088000.0
2025-09-02,71.72758483886719,71.93563355199066,70.5189144076901,70.85575302173679,1486000.0
2025-09-03,73.09476470947266,73.21365292675418,71.41055653660057,71.4997170306595,1364000.0
2025-09-04,74.59074401855469,74.90777171190575,73.20374502569263,73.52077271904369,2322200.0
2025-09-05,76.11643981933594,76.70095654036156,74.97711898306693,75.33377607196047,2049900.0
2025-09-08,75.08609771728516,75.4031253998927,72.6390367490944,74.30343397241802,3498700.0
2025-09-09,71.72758483886719,74.30343576708555,71.34120757756125,74.30343576708555,3222900.0
2025-09-10,73.18392944335938,73.63965625113474,70.52881984609812,70.52881984609812,2389100.0
2025-09-11,75.52201080322266,75.88856955970778,72.95606171514737,73.27308938595023,1508300.0
2025-09-12,76.46318817138672,77.19631327737405,75.3436858096401,75.56163620225756,2141900.0
2025-09-15,77.08733367919922,77.21613113576957,75.57154483291876,76.96845302210188,2099900.0
2025-09-16,78.19693756103516,78.48424509171367,76.93873601768516,77.22603598982718,2682900.0
2025-09-17,75.72015380859375,78.59322146145148,75.630985756533,78.20684420577277,1667700.0
2025-09-18,77.02789306640625,77.45389972268408,75.53191514898367,75.74987309757273,1480000.0
2025-09-19,75.73006439208984,77.50344063836475,75.4031274596318,77.30529360723727,6244800.0
2025-09-22,74.93749237060547,75.68052674040275,74.33315714515409,74.92758312928463,1453900.0
2025-09-23,75.48238372802734,76.55234742590817,75.16535604744485,75.34368459018101,1105000.0
2025-09-24,74.75916290283203,75.53191742858002,74.15482768479089,74.55111418886422,2856200.0
2025-09-25,74.66009521484375,74.78888511982314,73.05513823065407,74.10529862904136,5472200.0
2025-09-26,74.12510681152344,74.83842100033301,73.32263212838082,74.66009245313062,2563300.0
2025-09-29,74.66999816894531,74.95730567912582,73.6198378589837,74.82850822645486,1982700.0
2025-09-30,74.33999633789062,75.19999694824219,73.0199966430664,74.8499984741211,2480900.0
2025-10-01,76.31999969482422,76.37000274658203,74.01000213623047,74.98999786376953,1844000.0
2025-10-02,75.61000061035156,76.37000274658203,74.73999786376953,76.37000274658203,1465700.0
2025-10-03,75.61000061035156,76.36000061035156,75.37999725341797,76.12999725341797,1509900.0
2025-10-06,74.61000061035156,75.94000244140625,74.5199966430664,75.4000015258789,1015700.0
2025-10-07,73.7699966430664,75.0199966430664,73.56999969482422,74.9000015258789,2118700.0
2025-10-08,73.02999877929688,73.94999694824219,72.83999633789062,73.87999725341797,2479300.0
2025-10-09,71.44999694824219,73.11000061035156,71.26000213623047,73.04000091552734,1309900.0
2025-10-10,69.48999786376953,71.86000061035156,69.41000366210938,71.68000030517578,1541800.0
2025-10-13,70.0999984741211,70.80999755859375,69.77999877929688,70.43000030517578,1847600.0
2025-10-14,70.23999786376953,70.52999877929688,69.44000244140625,69.58000183105469,313146.0
