Date,Close_CEG,High_CEG,Low_CEG,Open_CEG,Volume_CEG
2022-01-19,40.65599822998047,41.623998187837145,36.78399839855376,36.78399839855376,129900.0
2022-01-20,43.55999755859375,46.82215634182406,39.63959851684567,39.63959851684567,153400.0
2022-01-21,43.55999755859375,48.35159802856441,41.57559840833872,41.623997667100696,329500.0
2022-01-24,41.43039321899414,43.559993646924624,40.53983512133992,43.48255188575831,110000.0
2022-01-25,40.55725860595703,43.48255367963478,40.00743758802417,41.13999569710731,23500.0
2022-01-26,41.836952209472656,43.618071975206654,40.89799122919746,43.569669031485375,90500.0
2022-01-27,44.29566955566406,48.032149402524894,42.34999156781812,45.747669266560685,151600.0
2022-01-28,45.25399017333984,46.07678851762284,42.73719219689975,43.124389897245685,43600.0
2022-01-31,46.46399688720703,46.46399688720703,44.52799701690674,44.52799701690674,71300.0
2022-02-01,48.18703079223633,48.39999193840574,45.54439167551453,45.979992341485456,298800.0
2022-02-02,51.31366729736328,54.43062780609708,48.20638885441036,48.433869396120905,23860900.0
2022-02-03,51.90415573120117,54.759756291754734,48.69039622690497,50.5199155220621,8425500.0
2022-02-04,48.53550720214844,52.59142854533612,48.51614676390249,50.91678571700919,6757800.0
2022-02-07,44.59574890136719,48.43870915205909,44.52798921319198,48.39998827520867,9432500.0
2022-02-08,44.04399490356445,46.038076002170286,42.75655328007645,43.68583597894342,7277500.0
2022-02-09,45.79607009887695,45.931589474823525,42.475830617681765,43.31798937722549,4393100.0
2022-02-10,45.544395446777344,46.94799606774026,43.92783735463759,44.05367468540633,2450000.0
2022-02-11,46.55110931396485,47.344868833824734,44.58607095292465,45.263667841127415,3456800.0
2022-02-14,46.57047271728516,47.431991980810274,45.48631393451629,46.647910784026905,2155000.0
2022-02-15,46.46399688720703,46.89959759654994,45.689597677612255,46.17359764518733,2359800.0
2022-02-16,45.68959426879883,46.918954537834495,45.447594303066445,46.19295464063735,5855300.0
2022-02-17,43.8407096862793,45.57343012985305,43.74390749543311,44.83774824992602,3142600.0
2022-02-18,43.95687484741211,44.43119641816222,43.36639432382328,43.7051965008238,2018700.0
2022-02-22,42.1467170715332,44.21823629321979,42.098317814439206,43.95687587376028,2611100.0
2022-02-23,41.71110916137695,42.58231040896122,40.830229541097744,42.291907531349146,2791200.0
2022-02-24,43.042598724365234,43.30481716838462,41.00312687721336,41.90632250503042,2447900.0
2022-02-25,42.64441680908203,43.63501860406,42.47931836229368,43.02317555618405,2040700.0
2022-02-28,44.65475463867188,45.27630783567438,41.23620835040881,42.05199784766192,5534900.0
2022-03-01,46.41258239746094,46.66508696515683,44.04290647797422,44.30512489716737,4212900.0
2022-03-02,48.034454345703125,48.85024386706876,45.96584824542727,46.61653561003767,3517100.0
2022-03-03,48.09272003173828,48.87937530053687,46.17658684922502,48.38407260008072,2072200.0
2022-03-04,49.53007507324219,49.568923080086655,46.85933573105756,47.75281765998122,2544600.0
2022-03-07,50.16134262084961,51.06453841111581,48.43264334988048,49.58834748191459,2726900.0
2022-03-08,50.8120231628418,53.7255566180724,49.384390584259,49.70488104261407,3873700.0
2022-03-09,49.85055923461914,52.13282562769305,49.1318860183675,50.92856350187255,3050600.0
2022-03-10,49.84083938598633,50.15161595434447,47.84992583720792,49.1124561092565,2692700.0
2022-03-11,47.89848327636719,50.34585149472705,46.89817144323457,49.93795493929264,3034100.0
2022-03-14,49.48150634765625,50.36527793846732,47.1895262999047,50.36527793846732,2916600.0
2022-03-15,49.81170654296875,50.10305912032951,48.46177009422299,49.86026468840404,2117400.0
2022-03-16,50.27787780761719,50.88972089128121,48.89880333226726,50.21960580282792,2989800.0
2022-03-17,49.52035903930664,51.19078238287079,49.44266303485048,50.38470671275978,2244600.0
2022-03-18,47.59742736816406,49.92825581590375,47.47117690826752,49.19016224014434,9663900.0
2022-03-21,47.801368713378906,48.00531514607682,47.19923585767695,47.50030228552793,2452000.0
2022-03-22,49.66603088378906,50.549802511971,48.56859895931614,48.89879955142528,3841900.0
2022-03-23,49.52035903930664,50.27787655900725,49.23871658027714,49.23871658027714,2396200.0
2022-03-24,50.89942932128906,51.06453147690988,49.30378265389644,49.70488104905954,2335200.0
2022-03-25,52.24935531616211,52.26877931316953,50.53037048086573,50.73432059706936,2441200.0
2022-03-28,55.14347076416016,55.21145290942302,52.49215598466125,52.81264641639967,3127000.0
2022-03-29,54.70643997192383,55.73588593188518,53.05543719069011,55.357127233050434,2201300.0
2022-03-30,55.84272766113281,56.12437013325929,54.09460823182118,54.5510593126042,1934100.0
2022-03-31,54.62874984741211,57.37718472912597,54.17229510761177,56.65851154548815,3817600.0
2022-04-01,56.34773635864258,56.61966495692047,54.09460416069904,54.73558136003212,2156500.0
2022-04-04,56.69736099243164,57.008137592002925,55.87185763971162,56.677936991864776,1885100.0
2022-04-05,57.29949188232422,58.58144631958271,56.76534481759142,56.959581124244096,2143100.0
2022-04-06,57.88219451904297,58.34836311614264,56.6876462877545,57.20237303316686,2559400.0
2022-04-07,59.15443801879883,59.30982631432448,57.63939935886186,58.037582097693154,3925800.0
2022-04-08,62.1747932434082,63.02943436354301,59.14472355419673,59.45550012256452,4762100.0
2022-04-11,58.93106460571289,62.79829649700875,58.66884617558731,62.330186640694194,3487700.0
2022-04-12,60.08676910400391,61.38814749672899,59.12530516217861,59.24184546018032,2553000.0
2022-04-13,62.34961700439453,62.68953519038749,59.97023415943914,60.25187663410516,3405700.0
2022-04-14,60.747169494628906,62.85462720704904,60.38880539708506,62.27192202002232,1860100.0
2022-04-18,61.48526382446289,62.32047356576776,60.49466208877678,60.49466208877678,1216800.0
2022-04-19,64.78726196289062,64.96207424118278,61.06765338533849,61.79603664330615,2078800.0
2022-04-20,63.52473831176758,66.7004862004882,63.18968081237316,65.86527276734495,2182800.0
2022-04-21,60.86371612548828,64.3890965814768,60.35870688670577,63.12656237027168,2493700.0
2022-04-22,60.63062286376953,62.59822979202716,60.49465858131816,60.698605004995215,2030500.0
2022-04-25,60.47523498535156,61.02880597029887,57.72680035416682,60.562641125330025,2261600.0
2022-04-26,58.22210311889648,60.42667691455791,58.18325512224854,60.018780359252176,2136500.0
2022-04-27,58.35806655883789,59.42636051797202,58.00844200355797,58.2803705666651,1991600.0
2022-04-28,59.542911529541016,59.58175582546043,57.105253206446655,58.48432759219013,3354600.0
2022-04-29,57.50343322753906,60.0770557263142,57.44516493404544,59.72743114635617,2578400.0
2022-05-02,56.52254867553711,58.26095782589535,55.260018277054606,57.59084277315708,2488200.0
2022-05-03,57.97931289672852,58.70769621526845,56.76534069916196,56.76534069916196,2224200.0
2022-05-04,60.02850341796875,60.49952155676171,58.11819382727727,58.38721050296539,2628900.0
2022-05-05,58.426055908203125,60.203313048570536,57.464588262557776,59.45550570301288,1946800.0
2022-05-06,58.53288650512695,59.46521630485613,57.00813765408572,58.52317265245829,2861000.0
2022-05-09,55.959266662597656,58.82424206017349,54.93953066135867,58.82424206017349,2193700.0
2022-05-10,55.39598846435547,58.144420002785,55.09977890762415,56.57111283759301,2156200.0
2022-05-11,55.71646881103516,57.32862379528872,54.90067931871712,55.46396421556138,1877000.0
2022-05-12,52.05681228637695,56.321048112647006,51.677120411395855,55.79532290091436,3785600.0
2022-05-13,53.16669464111328,54.4235747268991,52.2125958345179,53.08880720520638,2317500.0
2022-05-16,55.0943603515625,55.62008936640642,52.90382650358995,52.98171022030177,1631900.0
2022-05-17,57.75220489501953,57.907976034912544,54.50047910011055,55.34748444116151,2215100.0
2022-05-18,55.7661247253418,58.6624995897279,55.42537648900331,57.84956528781653,4609100.0
2022-05-19,55.71743774414063,55.99003628823803,53.46848861370713,55.6200821823563,2181100.0
2022-05-20,55.15277862548828,57.382252584061696,54.02343682378164,55.99004626205989,2266200.0
2022-05-23,55.10408782958984,56.06792424146924,54.38364775223703,55.9803027494802,1581800.0
2022-05-24,55.27933120727539,55.84400387386567,53.6145265615034,55.05541044034788,1682300.0
2022-05-25,57.60617065429688,57.771679587613406,55.37669680149054,55.37669680149054,1974700.0
2022-05-26,60.8189582824707,61.376812350469,57.60617224093034,57.615910026975634,3260100.0
2022-05-27,64.83980560302734,64.87874932143815,60.36138197435218,60.75081173070541,2793800.0
2022-05-31,60.43926239013672,64.63534914370359,59.74802446721477,63.80781564993166,7389300.0
2022-06-01,61.96776580810547,62.23062658336737,60.50741001103034,60.7313307875833,2008600.0
2022-06-02,62.06512069702149,62.42534446368569,60.34190042965073,62.006705128781576,1758500.0
2022-06-03,63.44757843017578,64.08040064824648,61.45175993961797,61.58805919547906,1793500.0
2022-06-06,64.63536071777344,65.17082759490954,63.6569247998305,63.837033009523886,2033200.0
2022-06-07,64.79113006591797,64.93715972197455,63.43884048544971,63.78834605188341,2721700.0
2022-06-08,63.05816268920898,64.7132371184971,61.46151125899891,64.68403118977358,1922200.0
2022-06-09,59.59225463867188,62.75635904109807,59.54357685217919,62.56164789512734,1811000.0
2022-06-10,58.20978546142578,59.44622053502246,57.64511274632368,58.26819731893496,1540800.0
2022-06-13,54.01369857788086,57.43093359875967,53.74109998754377,56.729961550604585,2113200.0
2022-06-14,53.00118255615234,54.98726748756409,51.91078451520903,54.54915997124133,2330400.0
2022-06-15,56.66181182861328,57.98099959637258,54.20841337716946,54.22788523557901,3891700.0
2022-06-16,56.72021484375,56.80783633598868,54.59783460240247,54.84122722374583,4837000.0
2022-06-17,56.5644416809082,57.92744179697589,54.01855703296323,57.00254912634971,6478700.0
2022-06-21,58.78418731689453,59.32938441525567,56.56444407082935,56.56444407082935,4363600.0
2022-06-22,57.64511489868164,58.83287223074358,57.30923556383176,57.71326454423826,3233400.0
2022-06-23,57.09991836547852,59.61172863460703,56.26264703780996,58.29740978276826,2667600.0
2022-06-24,57.713260650634766,58.74524676410515,56.44761968641288,57.28489094833907,6473700.0
2022-06-27,57.84956359863281,58.288644149709285,56.87599299309101,57.5574931597457,1718900.0
2022-06-28,56.54497909545898,59.30018180947747,56.30158645895417,58.25846162234703,1401700.0
2022-06-29,55.79533386230469,56.6179985150899,54.83149730933542,56.428152540302754,1412200.0
2022-06-30,55.74665069580078,57.2790520915595,55.05541646393475,55.39616840087901,2424400.0
2022-07-01,56.07767105102539,56.55472232997389,55.123572207005886,55.22093150570839,1531900.0
2022-07-05,53.48796081542969,55.853737378109415,51.492142074905566,55.63955439802072,2696000.0
2022-07-06,55.259864807128906,55.707710099072365,53.11801248981059,53.67294742651833,1716600.0
2022-07-07,57.54775619506836,58.31687782611579,56.04845664656811,56.04845664656811,1872100.0
2022-07-08,58.073486328125,58.22925747168748,55.90242067602488,57.38224839680685,2096000.0
2022-07-11,58.25845336914063,58.55052374879475,56.86624738845035,58.07347632859749,1774700.0
2022-07-12,57.664588928222656,59.494902782947214,57.362780690907655,57.839831941647205,1808400.0
2022-07-13,58.238990783691406,58.6868323513574,56.61312972608256,56.61312972608256,1577200.0
2022-07-14,56.38920593261719,57.41145800767325,55.58114428642161,56.74942971943068,2608600.0
2022-07-15,54.188941955566406,55.14888267101905,51.24875816181549,53.50744176124792,5186100.0
2022-07-18,53.36140441894531,55.17224256424806,53.14721770454173,54.841232134899975,2583100.0
2022-07-19,53.54637908935547,54.03316435380415,52.73831376770977,53.97474878507465,2326200.0
2022-07-20,52.64095687866211,53.88226075739035,51.95945678276968,53.70214887707092,2803600.0
2022-07-21,52.72858810424805,53.40521943261234,51.90105450828346,52.43651764178275,1816800.0
2022-07-22,52.57280349731445,54.13051470798059,52.00813086227518,53.34192503240182,1503100.0
2022-07-25,53.5074348449707,53.60479412521872,51.9594575708567,52.55333618180085,1847700.0
2022-07-26,54.033164978027344,55.17224072733567,53.43928635431882,53.93580940956363,1993500.0
2022-07-27,54.06236267089844,54.286283415358405,52.74804412745369,53.57557747497427,1557200.0
2022-07-28,62.88291549682617,64.19724162379286,60.5463485077942,60.92604412527135,8460600.0
2022-07-29,64.35301971435547,64.83980504869666,61.95803676072734,62.16248570982008,3895200.0
2022-08-01,63.57416915893555,64.83980660188725,62.43508580419763,64.30434717793823,2735200.0
2022-08-02,64.09988403320312,65.02478054967636,63.27235051786169,63.57416245141285,1722900.0
2022-08-03,65.39473724365234,65.59918618402534,63.80781979537371,64.8690082136556,2286700.0
2022-08-04,65.67707061767578,66.5630234132556,63.77861095251056,63.77861095251056,2425900.0
2022-08-05,72.33628845214844,73.97188712891078,67.9065398694891,67.91627765390078,4216800.0
2022-08-08,73.88426208496094,75.57827261636115,72.98857903872663,74.9746636810852,3183600.0
2022-08-09,73.7187728881836,74.74101764289799,73.03726895728586,73.7479788200676,2945700.0
2022-08-10,75.0817642211914,75.15964422085695,73.50457724084025,74.04004401965655,2134600.0
2022-08-11,76.74657440185547,77.94406211497072,74.653396065724,75.0817695190033,2540200.0
2022-08-12,79.48817443847656,79.66373144040038,77.08890037289306,77.68384313268696,2170800.0
2022-08-15,79.1955795288086,80.39522032112077,78.26903320252492,78.26903320252492,1980100.0
2022-08-16,79.39065551757812,80.08312838829723,78.90299793754517,79.09805799313268,1878800.0
2022-08-17,77.73261260986328,79.43941408133136,77.14742502214415,78.4348406915518,2502200.0
2022-08-18,79.58572387695312,80.11726890879382,77.45953630852546,77.45953630852546,1939600.0
2022-08-19,78.84446716308594,79.27360817761704,77.87890732145448,78.32755136343539,1704000.0
2022-08-22,77.68384552001953,78.75669059094042,77.55704980075048,78.75669059094042,1724600.0
2022-08-23,77.78135681152344,78.89321510984524,77.63505810046814,78.28851724331206,1065800.0
2022-08-24,78.38607025146484,78.82008513448481,77.35223127805384,77.69359748535788,1430200.0
2022-08-25,80.69756317138672,80.7853453930835,77.7960024571183,78.03495731728182,1551700.0
2022-08-26,78.834716796875,81.17547439082126,78.61039106267437,80.69756466166844,1641000.0
2022-08-29,79.00052642822266,79.96608633440302,77.1961949054205,77.68385247596508,1191200.0
2022-08-30,77.72286224365234,79.56620717654077,77.03038941964708,79.56620717654077,1802800.0
2022-08-31,79.57596588134766,80.35622104017881,77.60583239484278,78.27880228330802,3016500.0
2022-09-01,80.4830093383789,80.8926473893373,79.15658747411321,79.57596587872013,2421100.0
2022-09-02,79.06878662109375,81.62411459563425,78.96150137598683,80.54151435214646,2232200.0
2022-09-06,80.22942352294922,80.65855711405133,79.07855138846553,79.68324199808427,2013300.0
2022-09-07,80.85362243652344,82.3751115955443,79.66763595367307,80.56102493314391,1759100.0
2022-09-08,83.67227935791016,83.82832589716425,80.82436118668703,80.82436118668703,2184400.0
2022-09-09,85.34983825683594,85.6424283625548,83.32605468055642,84.36476778646693,1905300.0
2022-09-12,85.95452117919922,86.47144445731959,85.30106181692287,86.37390698982183,1733800.0
2022-09-13,84.24771881103516,85.85699027445285,83.65277598249247,84.75488684900465,1974200.0
2022-09-14,85.87649536132812,86.34464243050239,84.1306804835172,84.24771353027901,3600300.0
2022-09-15,84.65735626220703,86.08131545910932,84.17944649093094,85.71069094742062,3631800.0
2022-09-16,83.45771026611328,84.71586759970053,82.7974200586223,84.47203883213083,6245600.0
2022-09-19,87.15414428710938,87.48574779748553,83.14559925837095,83.29189798868029,4407400.0
2022-09-20,85.58389282226562,87.95390861344781,85.3985805877211,86.22760430580148,4626000.0
2022-09-21,85.1255111694336,87.86614455515372,85.07674987309618,86.59823923441203,2155100.0
2022-09-22,83.27239990234375,85.82772812296962,82.5409135831139,85.82772812296962,1863300.0
2022-09-23,81.78018188476562,82.25808427178339,80.12702284052153,81.71679145370288,2678800.0
2022-09-26,80.87313842773438,82.85302718691784,79.63449133914902,81.60462486237249,1973300.0
2022-09-27,81.89720153808594,83.30653141195897,81.02917178551711,81.6241145293312,1777800.0
2022-09-28,82.92129516601562,83.41870800232998,81.12671876678144,82.0337622019126,1564300.0
2022-09-29,80.99016571044922,84.08191275011832,80.04410888557032,82.95055111864859,1823700.0
2022-09-30,81.13645935058594,82.36535092512173,80.19040258530299,81.22423413116859,3267800.0
2022-10-03,84.4525375366211,84.76464553643113,81.7996865078142,82.93104824286851,2026700.0
2022-10-04,87.1346435546875,87.25655793672018,85.00846387545836,86.12032244431134,1679100.0
2022-10-05,85.9935302734375,87.26144287532605,83.47721553858625,85.5156279596454,1766700.0
2022-10-06,84.15018463134766,87.6896009439048,83.82832886634041,86.05205351824752,1677300.0
2022-10-07,82.30683898925781,83.63326809307445,81.3120208819271,83.59425459695473,2017200.0
2022-10-10,82.62869262695312,83.51622545740081,81.85819284079201,82.85301092254461,982800.0
2022-10-11,80.83412170410156,83.213893191109,80.51227334089418,82.3263602217991,1534200.0
2022-10-12,80.13188934326172,81.52658274333302,79.66373483781182,81.05843567894655,1878400.0
2022-10-13,81.75091552734375,82.23857310205734,77.34249432600107,78.5713860567132,2746500.0
2022-10-14,79.25410461425781,82.66770735678378,78.71767834972121,82.13128109224718,1693300.0
2022-10-17,83.08708953857422,84.1599345801559,81.0876907566232,81.1657177446452,1678900.0
2022-10-18,84.37450408935547,85.24253385801926,82.42387405800979,84.3647488557011,1598900.0
2022-10-19,83.57475280761719,84.10142385144106,82.47264198883138,82.9895577982149,1325800.0
2022-10-20,82.4726333618164,84.58907255016297,82.1020163435517,84.2379585576752,2076500.0
2022-10-21,85.1255111694336,85.30106820659039,81.59487483704017,82.60919611720767,1749200.0
2022-10-24,85.41810607910156,85.54489437494868,83.45772046478115,85.40640128484324,1325000.0
2022-10-25,85.97402954101562,86.37390487190801,84.60858688123253,85.3400732231452,1647200.0
2022-10-26,86.58847045898438,87.46625550751018,85.17426658823861,87.46625550751018,1370100.0
2022-10-27,90.7433090209961,90.84083903335107,87.58816438235012,87.58816438235012,3345800.0
2022-10-28,91.43579864501952,92.90072098219768,89.55344003927149,90.59702699016408,1958000.0
2022-10-31,92.20629119873048,93.06456581494548,91.07004820503847,91.81616366733682,2276600.0
2022-11-01,93.1620864868164,93.86431448462932,91.68448484186128,92.8889994745698,1467400.0
2022-11-02,90.79207611083984,93.91308879316146,90.68479829913537,92.34283093835435,1966100.0
2022-11-03,92.07949829101562,93.09381940423012,89.88503940828672,89.88503940828672,1484400.0
2022-11-04,91.9917221069336,93.83506709418292,90.45560376458045,92.74271147760174,1974300.0
2022-11-07,91.19197082519533,92.71346014980126,90.66529972643222,92.71346014980126,2120300.0
2022-11-08,85.37908935546875,90.80672056107854,83.95513012553478,87.3492226897434,4345400.0
2022-11-09,85.19377136230469,87.70033083828355,84.19895324762021,84.85241257006314,2241500.0
2022-11-10,92.79148864746094,93.47420631923696,86.02279869700499,88.26602666037968,4885600.0
2022-11-11,90.03132629394531,93.5034527934013,89.3437348663243,92.93776830110538,3133200.0
2022-11-14,91.74172973632812,92.52317847135238,89.86626171520685,89.86626171520685,1997000.0
2022-11-15,91.33148193359376,92.55249105035304,90.50119722468708,92.31805938662076,2537200.0
2022-11-16,89.55367279052734,92.32780130190558,89.16294847066443,92.12267271077802,1384600.0
2022-11-17,87.96148681640625,89.33878102228813,86.8088540815976,88.33267085043214,1792500.0
2022-11-18,91.1361083984375,91.27286080072452,87.93803982113869,88.02986142051627,2515700.0
2022-11-21,91.22401428222656,92.03476596212003,90.608628493393,91.88824340693678,1744800.0
2022-11-22,94.03722381591795,94.12514033727504,91.90778386821908,92.3668844346072,1567600.0
2022-11-23,94.37911224365234,95.6196540809301,92.22525062706352,93.80279213322288,1135900.0
2022-11-25,94.90657806396484,95.18984555481532,93.77347829077698,94.35956103960504,631700.0
2022-11-28,92.611083984375,94.3497995279512,92.19105660961075,93.84186308640815,1590100.0
2022-11-29,92.23990631103516,92.90413552037734,91.1556496979553,92.4938782755492,1436200.0
2022-11-30,93.89070892333984,94.69169051368532,91.5854433799168,91.9566274258266,3361800.0
2022-12-01,92.27896881103516,95.51219795814283,91.70264874125662,94.75028960525496,1748600.0
2022-12-02,89.90532684326172,91.32169416460812,88.92851973820991,90.83329061208222,1848700.0
2022-12-05,87.97125244140625,89.48530655474799,87.71728793980428,88.89922373593575,2397000.0
2022-12-06,88.67454528808594,88.77222450533013,87.71727852566765,87.77588456552486,1237500.0
2022-12-07,89.83694458007812,91.0384130648234,88.4889460965296,88.7722210321674,1237200.0
2022-12-08,89.28993225097656,90.8284003088477,88.82106160767948,90.1885929104794,1002400.0
2022-12-09,87.6391372680664,89.72950393894537,87.60983424643351,89.24110037187184,1384600.0
2022-12-12,88.77223205566406,88.81130523637434,87.00421348009543,87.89311157324804,1554100.0
2022-12-13,88.733154296875,90.5597862754898,88.29359407834556,89.84672125854678,1629900.0
2022-12-14,88.742919921875,90.149524473238,87.79541588116223,89.41691917814417,2561600.0
2022-12-15,87.61959075927734,88.74292037464171,87.35585613077443,88.70384719774378,2245100.0
2022-12-16,86.15437316894531,86.54509745376521,83.93702459019467,86.10553729112151,3911700.0
2022-12-19,85.69529724121094,86.61349092339748,84.98222472022873,86.33021594670304,1238100.0
2022-12-20,85.52924346923828,86.07626061637141,85.10433468514893,85.95904105931828,1306600.0
2022-12-21,87.57076263427734,88.07869907404911,84.69894722369686,85.94925918539398,1409500.0
2022-12-22,85.30457305908203,87.30214195924036,84.5231243318945,87.06282151658293,1548300.0
2022-12-23,85.99810791015625,86.18370366537353,85.10920976932357,85.49016398612397,600700.0
2022-12-27,85.6073989868164,86.84794854437797,85.24597756995811,86.38884787909687,634400.0
2022-12-28,84.60127258300781,86.29114487352341,84.41567682935849,85.91019065994139,752000.0
2022-12-29,84.75755310058594,85.6562213421718,84.27891968391704,85.13851474522116,870800.0
2022-12-30,84.21054077148438,84.59149495141267,83.1458245897481,84.59149495141267,1343300.0
2023-01-03,80.01028442382812,84.12264200059299,78.91625763463205,84.00542244917804,4030600.0
2023-01-04,81.4754867553711,81.79782744625065,79.40465294507406,80.04934177928021,2612200.0
2023-01-05,80.49869537353516,81.97366907114446,79.98587003650876,80.9968617444079,1906300.0
2023-01-06,81.56340026855469,83.18490377921209,81.15314303782718,81.68061981409716,1914100.0
2023-01-09,82.05179595947266,83.23373164983336,81.6415387682625,81.90527340476997,1301500.0
2023-01-10,81.15315246582031,81.55363958450081,79.68794151233152,81.46573050446666,1376700.0
2023-01-11,82.15924835205078,82.41810164546744,80.52798223251443,81.07499184087465,1696200.0
2023-01-12,82.3839111328125,82.83324897821511,80.85032421138608,81.934580739857,1496700.0
2023-01-13,83.18489074707031,83.71724879300169,81.51454415767616,81.86619528676479,1366200.0
2023-01-17,81.43641662597656,83.04814249808503,81.07499528939583,81.98342625760381,2763600.0
2023-01-18,79.95166015625,82.5499706360552,79.8735137991626,81.38756779483217,2084900.0
2023-01-19,78.965087890625,79.89305917177185,78.88206017563165,79.70746342505304,1635500.0
2023-01-20,81.07499694824219,81.17267617696744,78.5841356272871,79.23860210988597,1795100.0
2023-01-23,82.18855285644531,82.33507541917025,80.64324323249984,81.00661710137248,1596200.0
2023-01-24,81.96388244628906,82.27646040153547,81.05545159940945,82.05179150286791,1176000.0
2023-01-25,81.46572875976562,81.62201404951759,80.57683055651088,81.48526162631657,1535200.0
2023-01-26,83.88819885253906,84.07379460355105,81.34850164726595,81.69038267351374,2161100.0
2023-01-27,84.57196807861328,84.65011444219722,82.87231820667598,83.88819857592493,1455100.0
2023-01-30,80.48889923095703,84.83568745076843,80.3423766887558,83.92725663205609,3045800.0
2023-01-31,83.38025665283203,83.51700905391755,80.46936814591123,80.95777170763006,2509000.0
2023-02-01,83.4291000366211,83.87843041935996,80.95289040014792,83.4730545686131,2623400.0
2023-02-02,83.3509521484375,84.66964025112519,81.81247648492953,83.49747470483541,2389600.0
2023-02-03,81.27034759521484,83.18489606598023,81.1238324924315,82.42298026927315,1807200.0
2023-02-06,81.32896423339844,81.90527686648763,80.59635888136823,81.08476244938836,1502000.0
2023-02-07,83.9370346069336,84.26914544457358,80.42053052879955,81.39733763119494,2032900.0
2023-02-08,82.3839111328125,83.02860742647503,82.18855268455258,82.78440563992658,2005900.0
2023-02-09,82.46205139160156,83.47793164277026,81.9834180120666,82.96022508598497,1975000.0
2023-02-10,84.796630859375,84.98222661262255,82.21786044111882,82.25693362351028,1350300.0
2023-02-13,84.3863754272461,85.27527357765089,83.94681515772686,84.87477903891089,1173500.0
2023-02-14,84.06403350830078,85.57027017986191,83.175142744221,83.92728108305774,2383100.0
2023-02-15,84.01519775390625,84.47917972978016,82.40346422236424,82.54021664783342,2030600.0
2023-02-16,83.64400482177734,85.88089439043371,82.95536135226429,83.02861891738861,3037600.0
2023-02-17,82.58905792236328,84.04449867261054,80.00051715813424,83.22397668792581,3570700.0
2023-02-21,78.50598907470703,81.08475921478629,78.04688854669084,79.71722778839354,5056000.0
2023-02-22,75.99559783935547,77.47057124269581,74.62806636426804,77.47057124269581,3341000.0
2023-02-23,77.38265991210938,77.602440019852,76.190954053749,76.190954053749,1584900.0
2023-02-24,77.70812225341797,77.84537068299866,75.95339760346086,76.19847179780994,1529100.0
2023-02-27,76.82585144042969,78.52176046299624,76.45824019530417,77.85515843933918,1326200.0
2023-02-28,73.41442108154297,76.45333943093642,72.93407778079506,76.27688572140671,3584800.0
2023-03-01,72.88504791259766,73.90455723489764,71.39500042866337,72.66938147223641,2594400.0
2023-03-02,74.67900085449219,75.2181670163149,72.54195380801227,72.6693896830476,1949900.0
2023-03-03,77.42383575439453,77.63949474346194,74.50254833165202,74.72801986081502,2304600.0
2023-03-06,77.24738311767578,77.32580116975093,75.82594841217816,76.81605017544612,2295000.0
2023-03-07,76.36512756347656,77.51207310481729,75.79655358468368,77.51207310481729,2203900.0
2023-03-08,76.53176879882812,76.90427888024806,75.58087973199552,76.21807413050847,1261600.0
2023-03-09,77.09054565429688,78.61000880222721,75.87497962339557,76.50236902509118,3110500.0
2023-03-10,76.02201843261719,78.20807606810801,75.7181213444414,77.62970455670572,2895700.0
2023-03-13,75.58087158203125,77.05622285348895,74.98289001642308,75.41422294350308,2242400.0
2023-03-14,76.39453887939453,77.54148447488143,75.64951112991017,75.97301090681322,2142800.0
2023-03-15,75.80634307861328,76.34550175819571,74.84564905385164,75.7671303144322,1957000.0
2023-03-16,76.88467407226562,77.48265568552934,74.53196038653122,75.11033935567002,1962900.0
2023-03-17,75.25738525390625,76.91408930984474,74.4878561222133,76.1886717410555,3896500.0
2023-03-20,75.48284912109375,76.88467376107688,75.39462600428273,75.5416645323011,1629500.0
2023-03-21,75.01229858398438,76.57097419266294,74.47313989799301,76.05141814946013,2045700.0
2023-03-22,72.95368194580078,74.8260523181369,72.93407930169779,74.76722942768671,1863400.0
2023-03-23,71.95378112792969,73.64969027430362,71.33618940442769,73.19875467818483,1655400.0
2023-03-24,71.99298095703125,72.07139899686435,69.75790602180183,71.13031520724508,2777200.0
2023-03-27,73.78693389892578,73.93888617927807,71.99299651065098,71.99299651065098,3225500.0
2023-03-28,74.0221939086914,75.29657492461267,73.37911363383873,73.59086103732808,1752200.0
2023-03-29,74.3849105834961,75.05151263579087,73.93888127100854,74.78683581872056,2299500.0
2023-03-30,75.30638885498047,75.91417547449028,74.50254589579392,75.17895298209758,1737800.0
2023-03-31,76.95329284667969,77.05132102328174,75.21817093570479,75.3063940509255,2984400.0
2023-04-03,75.1103286743164,77.00230142381817,74.97308774774692,76.46313529867406,1894900.0
2023-04-04,74.52215576171875,75.45344216312965,73.63989466858409,75.15935014603764,1316200.0
2023-04-05,74.99268341064453,75.60046994251586,74.18884056736638,74.3848968787732,1204800.0
2023-04-06,75.4436264038086,75.46323652433843,74.6593936012161,75.10052408523252,1223000.0
2023-04-10,75.80634307861328,75.84555584279437,74.36530578100584,75.02210275313153,1485500.0
2023-04-11,75.89456939697266,76.27688451506216,75.65440148993227,76.22787416706655,1371500.0
2023-04-12,75.29660034179688,76.41413817750336,75.14956179426044,76.39453553085569,1171100.0
2023-04-13,75.62010192871094,76.06123254010487,74.66921274332176,75.17897131731701,1324700.0
2023-04-14,74.924072265625,75.12503487118823,74.01239609404549,74.81623903722863,1328400.0
2023-04-17,73.56145477294922,75.31128024374391,73.188944772548,75.07111237310556,1093300.0
2023-04-18,73.01248931884766,74.45351894487817,72.70859230680927,73.85553745937334,1235200.0
2023-04-19,73.27718353271484,73.9143779288135,73.03504861512745,73.49285001869323,1039300.0
2023-04-20,74.96329498291016,75.06132316381401,73.21836793398099,73.26737828489752,1926900.0
2023-04-21,75.04170989990234,75.44852641913005,74.4633309999973,75.30638669879467,1178900.0
2023-04-24,75.76713562011719,75.81124717825861,74.11043174303607,74.92407982886283,1094300.0
2023-04-25,75.41422271728516,75.62008411939127,74.34569546360676,75.12993578702338,1722400.0
2023-04-26,74.36531066894531,75.4534406395144,73.97319048043087,75.00250504039748,3100600.0
2023-04-27,75.23777770996094,75.71812103703127,74.48295248170757,74.76723196573938,1865700.0
2023-04-28,75.87496185302734,75.94358231904549,74.79663703885508,75.38481353030633,2233400.0
2023-05-01,75.5318603515625,76.12003684946637,75.24757342377714,75.99259349755607,1788300.0
2023-05-02,75.27699279785156,75.8749744491688,74.45353958986097,75.21817738266334,2554000.0
2023-05-03,75.00249481201172,76.07101451394806,74.64958743838314,75.67889437890858,1607000.0
2023-05-04,77.04151153564453,78.78644588681975,73.4340269778981,75.46324078116548,3830400.0
2023-05-05,77.92377471923828,78.86485855870858,76.73761672951834,77.5610697634733,2359300.0
2023-05-08,77.15914154052734,78.27667902350453,76.54155739858813,78.16884580329891,2360100.0
2023-05-09,77.39441680908203,77.54146280103414,76.27687923675772,76.44353534980735,3158300.0
2023-05-10,77.88947296142578,78.54137113820042,77.1934632299018,78.2766868515644,1629400.0
2023-05-11,77.83733367919922,78.26036295212946,76.97159516396945,77.30608709186527,2497400.0
2023-05-12,78.55549621582031,79.08674281177355,77.58154787609402,78.16197938485023,1991000.0
2023-05-15,78.96868896484375,79.77539512604844,77.89636324689894,79.32285337763699,2048300.0
2023-05-16,77.71927642822266,78.88998691801902,77.06014006241679,78.88998691801902,3709100.0
2023-05-17,79.08675384521484,79.32286097445264,77.43398892912963,77.80782584256534,2329500.0
2023-05-18,80.08036804199219,80.14923292183582,78.27216018716847,78.96868247431927,2849300.0
2023-05-19,80.96578216552734,81.88562184775424,80.20826095193286,80.40502312039668,2444800.0
2023-05-22,82.17583465576172,82.59886392065391,80.97561174115089,81.3888085272544,1908300.0
2023-05-23,82.67758178710938,83.18914847580275,81.81676689806105,82.00860534453484,2232200.0
2023-05-24,81.95940399169922,83.0022247332858,81.21173025934279,82.67757278055481,2430300.0
2023-05-25,81.40849304199219,81.85119483570689,80.57227437291435,81.85119483570689,1863100.0
2023-05-26,82.49066162109375,82.5890389668476,80.97562647821121,81.60525049788832,2267100.0
2023-05-30,82.34308624267578,83.66628284424014,81.78725089944496,82.50049598973185,2198200.0
2023-05-31,82.65790557861328,83.17931978280309,81.11335795045123,82.17585132039609,5214700.0
2023-06-01,87.43910217285156,87.71653569987107,83.41541159311706,83.49903269866921,3646900.0
2023-06-02,86.12083435058594,87.6063568829517,85.85520728890704,87.22268002115736,3225600.0
2023-06-05,86.09132385253906,87.37024425228111,85.76667188344149,86.39629585069814,1819000.0
2023-06-06,88.0982437133789,88.43272812673881,85.72731034945782,85.72731034945782,2311500.0
2023-06-07,89.33781433105469,89.40667921275895,87.68504966444331,88.09824646037804,2452100.0
2023-06-08,90.8036651611328,90.96894087875036,89.5837622372283,90.00679151609486,3075700.0
2023-06-09,91.7776336669922,92.24984796232368,90.59708291724162,90.80368511537392,2530100.0
2023-06-12,92.23014831542967,92.4957678400663,91.37424983700738,91.49230712890623,1720700.0
2023-06-13,92.7220458984375,93.78453904803378,92.0727420273368,92.436746394988,2429900.0
2023-06-14,91.68907165527344,93.45989369600792,91.26604236252628,92.99751196838784,2573200.0
2023-06-15,91.94486236572266,92.23016190055354,91.4529681689197,92.20064944965893,3712300.0
2023-06-16,91.38409423828124,92.98766645911482,91.23652449270182,92.0727430433732,4963400.0
2023-06-20,90.4986801147461,91.84647273566628,90.40030278969331,91.620198132907,1846900.0
2023-06-21,89.0328369140625,89.55916723226152,87.73915295928552,89.40667374822111,2684900.0
2023-06-22,87.80311584472656,89.21484981530479,86.44056679136368,89.03285136075914,3205600.0
2023-06-23,88.8951187133789,89.22960316019994,87.67522322245856,88.18678987809945,2875900.0
2023-06-26,89.16073608398438,89.72149514719021,88.23598013237884,88.78689921041699,1890400.0
2023-06-27,89.37716674804688,89.53949272040083,88.52127571926492,89.49522404767953,1472800.0
2023-06-28,89.08203125,89.4263556449013,88.255645196528,89.4263556449013,1605400.0
2023-06-29,89.39684295654297,89.86414088448541,88.67867421564902,89.04267857825403,1738700.0
2023-06-30,90.06582641601562,90.79382769318444,89.56409225607725,90.55772059085852,2667100.0
2023-07-03,90.11500549316406,90.25273525274233,88.86559767250168,89.53457400718558,1089100.0
2023-07-05,90.6462631225586,91.69891641668256,89.86906938118335,89.93793426937053,2087300.0
2023-07-06,89.52473449707031,89.98711619483676,88.39337646107542,89.98711619483676,2263300.0
2023-07-07,89.84938049316406,90.22321731703566,89.19024418303184,89.5247285771735,1334000.0
2023-07-10,92.08259582519533,92.1121082772709,89.89858430308011,89.89858430308011,1539300.0
2023-07-11,92.83026123046876,92.89912610874931,91.35457883384925,92.31868712977705,1260900.0
2023-07-12,94.5027084350586,94.60109327664156,92.55481166535328,93.40087026414152,1532600.0
2023-07-13,93.72550201416016,94.5125356058562,93.3418252022782,94.29610099285436,1462400.0
2023-07-14,93.45989227294922,93.98622263743738,93.16376952082226,93.35167495512378,1259900.0
2023-07-17,94.6207504272461,95.34875160173418,92.93847348724488,92.93847348724488,1951400.0
2023-07-18,93.82389831542967,95.0831462115605,92.36788824445998,94.44368227832578,1925300.0
2023-07-19,93.19427490234376,93.99114107431448,92.40724120988928,93.29265223747316,1785300.0
2023-07-20,95.31924438476562,95.74227363889682,93.69599224655484,93.9517792970248,1600300.0
2023-07-21,95.03395080566406,96.55882571349176,94.7486512903933,95.9980666678104,5081100.0
2023-07-24,94.98477172851562,95.2405513049206,94.20757800241644,95.03395664441976,1077800.0
2023-07-25,95.93903350830078,96.56866493733216,94.34530123613928,94.394486148634,854800.0
2023-07-26,95.76195526123048,96.6473662854623,95.10281886207824,95.10281886207824,1243000.0
2023-07-27,93.87308502197266,96.16531373906705,93.65665037837272,96.14564127406231,897900.0
2023-07-28,94.1878890991211,95.09298003329766,93.71567492153326,94.6994632148351,1135900.0
2023-07-31,95.0831527709961,95.12250520867865,93.8534172398288,94.28627904291687,1170200.0
2023-08-01,94.7388153076172,95.51600145151554,94.51254069845696,94.67978290634856,1469600.0
2023-08-02,94.00098419189452,94.468282178613,92.89913848688386,94.43384598202996,2040300.0
2023-08-03,99.50035095214844,101.89488988249684,94.20757244644211,94.41416709475884,3511000.0
2023-08-04,102.25497436523438,103.00757193248975,100.13982768686196,100.2677174838946,2723600.0
2023-08-07,102.06804656982422,102.9534576315719,101.10885438031,102.88459274375316,1759800.0
2023-08-08,103.11083984375,103.22889713095404,101.29083315717756,101.29083315717756,1207300.0
2023-08-09,103.4059829711914,104.18317658496636,102.61698287770707,102.9239288330252,1646700.0
2023-08-10,104.006103515625,105.11778162718696,103.40599203348104,104.2520505982837,1563700.0
2023-08-11,105.11285400390624,105.26772709523634,103.56417577108728,104.0080690382977,1414100.0
2023-08-14,105.54689025878906,106.13874047470962,104.27736578841484,105.0142228067254,2404000.0
2023-08-15,104.79721069335938,105.13752664161318,104.18563538997816,104.94517513074588,1709600.0
2023-08-16,103.67269134521484,105.00435620873556,103.57405089713625,104.95503974758816,1835200.0
2023-08-17,103.39649200439452,104.7034948355683,103.14988712864222,104.04753248875672,1800600.0
2023-08-18,103.34716033935548,104.10670751467052,103.09069670619468,103.11042178344437,1669000.0
2023-08-21,104.66898345947266,105.01028530041158,102.86383380078176,103.17948776904048,1377000.0
2023-08-22,104.8169403076172,105.0980659574236,104.0771256675805,104.22509010074458,1276900.0
2023-08-23,106.9673309326172,107.7761946060416,105.4975604872982,105.4975604872982,1393500.0
2023-08-24,105.4679718017578,108.7527505637489,105.38905643506996,107.42108573547196,1498700.0
2023-08-25,104.43223571777344,105.9809140398018,104.13630685591994,105.36933123733692,1383800.0
2023-08-28,103.93903350830078,105.89214005576788,103.80093536962266,104.86133340428334,1088000.0
2023-08-29,104.1067123413086,104.72815390155544,103.3767640367004,103.80092471217203,1131500.0
2023-08-30,104.3040008544922,104.82483025520489,103.6628266434047,103.90943153030112,1167400.0
2023-08-31,102.7454605102539,104.64924295344422,102.36074997487611,104.51114482311728,2035500.0
2023-09-01,105.83294677734376,105.95131982407484,103.77132615336522,104.19548683025567,1338800.0
2023-09-05,104.60978698730467,105.2805525227005,103.7229938436833,105.10299671845505,1433200.0
2023-09-06,105.1917724609375,106.32615636502938,104.55059829551313,104.88598483121434,1337800.0
2023-09-07,107.06597900390624,109.44818312345012,105.72444781204156,106.39521340797393,1951100.0
2023-09-08,107.16461181640624,108.17076390148964,106.7601837425937,106.7601837425937,1428100.0
2023-09-11,108.4864273071289,108.89776408601402,107.17448747662364,107.32245191685382,1820700.0
2023-09-12,107.02651977539062,108.59986014119112,106.68127444256226,108.05239699706908,1557100.0
2023-09-13,107.78606414794922,108.59492790216284,107.03639068604282,107.30272066118091,1894600.0
2023-09-14,110.93274688720705,111.09057763497782,108.03760778056797,108.26941698774114,2308300.0
2023-09-15,108.43709564208984,111.14974925973662,108.30886381671952,110.93273576619951,4287700.0
2023-09-18,109.23609924316406,110.72559487611122,108.9105865101174,108.93031158984172,1358500.0
2023-09-19,109.038818359375,109.86740717203288,108.8020797737276,109.58134459839128,1972100.0
2023-09-20,108.63438415527344,109.6701277104684,108.41737817229024,109.42352281883,924500.0
2023-09-21,108.44696044921876,109.1374510775144,108.02279977018472,108.1411652917306,1443800.0
2023-09-22,108.86125183105467,109.23608851527597,107.13994717002764,107.97347281496934,1210500.0
2023-09-25,110.6861343383789,111.38649130019392,108.008008932124,108.22995182077644,2115200.0
2023-09-26,107.0166473388672,110.19784865852044,106.4642548380036,110.14360281184165,2309700.0
2023-09-27,109.24596405029295,109.77863150496408,107.50000477591308,107.50000477591308,2819500.0
2023-09-28,107.83538818359376,109.47284829875534,107.35697408523536,109.26569356426717,1550700.0
2023-09-29,107.5986328125,109.20649376787055,107.1646058567359,108.5455945585265,2867500.0
2023-10-02,103.30772399902344,106.82924153294874,101.36447625852136,106.82924153294874,2892500.0
2023-10-03,103.46554565429688,103.4951370365733,101.01429247861368,101.80836051476152,2557000.0
2023-10-04,104.7183074951172,105.1523269980474,102.80958046713644,103.218945500895,1973900.0
2023-10-05,106.41493225097656,107.02651504623712,105.1621828055589,105.527160727441,1589200.0
2023-10-06,108.673828125,109.0782637086184,103.70227323394936,105.10299456126246,2095800.0
2023-10-09,109.8674087524414,109.97295787382824,108.4765610752491,108.67384197849576,1258400.0
2023-10-10,111.46540832519533,111.94875179389923,109.45311155499152,109.45311155499152,1464400.0
2023-10-11,113.5073013305664,113.6138363315086,111.77120075396635,112.36305852551888,1353300.0
2023-10-12,114.14847564697266,114.582502672877,112.9055848619274,113.34947819090708,1299700.0
2023-10-13,112.14603424072266,115.795783343877,111.45553608216407,115.18420055071658,1699400.0
2023-10-16,115.24340057373048,115.52946315312848,113.05354791651982,113.21137113486596,1701700.0
2023-10-17,115.55905151367188,116.38764032133103,114.13860495678884,114.47399151640128,1214600.0
2023-10-18,114.49371337890624,117.0337406324494,114.23724219650128,115.73660408125552,1050700.0
2023-10-19,112.7378921508789,115.02638522367609,112.5603363294643,114.42466869142568,981000.0
2023-10-20,110.57762145996094,113.23109225158508,110.40006565372244,112.56032670866009,1654400.0
2023-10-23,110.5875015258789,111.4950057481441,108.8997390418254,110.3113052430838,950800.0
2023-10-24,112.71817016601562,113.7341887278225,111.72189173744545,111.72189173744545,1930900.0
2023-10-25,110.50857543945312,112.718153013405,110.1534638172022,112.67870285607358,1575000.0
2023-10-26,111.18921661376952,111.49500427628678,109.63067186624671,110.47899330979538,1652700.0
2023-10-27,109.27555084228516,111.82051495466332,108.40059572358844,111.46540333313224,1128700.0
2023-10-30,111.49500274658205,111.69229117597038,109.99071139780114,110.34089365635042,1271600.0
2023-10-31,111.3864974975586,111.96848896489136,109.66026322744209,111.58378592961384,1942000.0
2023-11-01,113.290283203125,113.8130843576882,111.29771903418494,112.04739246958916,2751300.0
2023-11-02,115.5985107421875,116.29886772728436,112.82666665871564,113.34947534761532,1894600.0
2023-11-03,115.48013305664062,117.05840278555132,115.26311955783096,117.03867770647032,1853200.0
2023-11-06,123.03610229492188,123.91795852079416,116.45667879114912,117.3740491880253,2530800.0
2023-11-07,118.24211883544922,123.27680074481326,117.04855203592663,122.75005605587094,2271500.0
2023-11-08,119.53431701660156,119.83024588113744,117.34939387951864,118.78463607868538,1730200.0
2023-11-09,118.99179077148438,122.6662097135728,118.8832840160362,119.9387526615722,1603200.0
2023-11-10,120.11629486083984,121.05832725546864,119.72764836137974,119.80064093328367,1219700.0
2023-11-13,120.0669937133789,120.57598507796098,119.26799625363368,119.73160713933072,891600.0
2023-11-14,124.80178833007812,124.98921043807483,121.70443178896922,122.36533855503744,1433300.0
2023-11-15,120.33332061767578,125.51202333351888,120.03739926366944,124.86099033407773,1982200.0
2023-11-16,120.29574584960938,122.43135245338802,120.13755695852642,121.61072542268302,1474500.0
2023-11-17,120.31552124023438,122.12484576831434,120.226533862304,120.8197553900296,1487900.0
2023-11-20,120.89884948730467,121.46241105093164,120.10788999168514,121.06692753151152,1041600.0
2023-11-21,121.12625885009766,121.78868942903534,120.4737098906276,121.51185321952234,984700.0
2023-11-22,121.85789489746094,122.44122724417544,120.59729447608444,121.51184964574718,1376700.0
2023-11-24,122.46100616455078,122.89603879351851,121.6601575005154,121.67992828218632,532500.0
2023-11-27,123.68700408935548,123.96384030504151,121.9765485239147,122.5302209552868,1073200.0
2023-11-28,123.0443344116211,125.07118268185638,122.36213309001911,123.56835439868829,2003000.0
2023-11-29,119.21805572509766,122.54010526829222,118.40731789272404,122.15451090553044,2078800.0
2023-11-30,119.67286682128906,120.48360470570698,119.15379513248986,119.22794499808062,2650000.0
2023-12-01,118.52596282958984,119.57399534868544,118.29856488432937,119.25761002333346,1454900.0
2023-12-04,117.57681274414062,118.1997018063243,116.7166441050817,117.65591096524672,1946900.0
2023-12-05,116.97370147705078,117.59659053640264,114.57609606354164,117.36424422747322,1805900.0
2023-12-06,111.35784912109376,118.31833370673876,110.95248396558743,117.99205922384422,2629800.0
2023-12-07,109.28157043457033,112.15870581571382,108.21376714611162,111.9807386009707,3497000.0
2023-12-08,109.95388793945312,110.34937146893948,108.41151047199942,108.7476665689692,2627300.0
2023-12-11,114.83809661865234,114.9864038893844,109.4199894580264,110.29005475660318,2582900.0
2023-12-12,113.19684600830078,115.0852763904233,112.56407534093084,114.84798927596492,1846200.0
2023-12-13,115.11492919921876,115.4313145132865,112.247683047418,113.2957079859135,1731100.0
2023-12-14,114.2943115234375,116.47934895562896,114.06691356773342,115.3225657638608,2456400.0
2023-12-15,117.40872192382812,119.50477929604877,114.30418874336308,114.36350863113609,6046800.0
2023-12-18,118.01184844970705,120.16722599929804,117.56693414518934,118.21947562803008,2019800.0
2023-12-19,119.44546508789062,119.68275975169298,117.90802829940424,118.41721084107844,1012700.0
2023-12-20,115.68839263916016,118.76820709394796,115.67850347547898,118.47654088273772,1324300.0
2023-12-21,116.97370147705078,117.09234880817054,115.49064378255056,116.16296357245284,904600.0
2023-12-22,114.02735900878906,116.64742898683242,112.73215022094098,113.70108452109456,1188400.0
2023-12-26,116.24205017089844,116.50899721020068,114.28441089087252,114.28441089087252,740700.0
2023-12-27,116.09375,116.42991365348786,115.55984834555775,115.9553318906877,541300.0
2023-12-28,115.7872543334961,117.43839003255144,115.62905789747532,117.36918097759764,559700.0
2023-12-29,115.56973266601562,115.94543786937474,114.62057672340768,115.41154378052477,849900.0
2024-01-02,113.94827270507812,115.90591229269496,113.6714364598685,115.08528517780788,1362800.0
2024-01-03,114.5414810180664,115.84261876280466,114.19543575170545,114.19543575170545,1372400.0
2024-01-04,114.05701446533205,115.7862601301882,113.70108004607796,114.89741224398496,1348900.0
2024-01-05,114.92707824707033,116.33302154020822,113.80984420414867,113.80984420414867,1729900.0
2024-01-08,115.70816040039062,115.8366968952228,113.7307501362309,114.87765171018988,1351700.0
2024-01-09,115.17425537109376,115.60928803037572,113.8691649364691,115.12482464186162,1514000.0
2024-01-10,114.5414810180664,115.1149317698766,113.66647491773716,114.70955906983872,1090500.0
2024-01-11,111.63469696044922,113.98781239340155,110.22084835940431,113.70108700793412,1609300.0
2024-01-12,111.63469696044922,113.12763623699928,111.46661135985016,112.65306201108314,1556900.0
2024-01-16,110.547119140625,111.56054341640387,110.04288495102392,111.10079914766968,1417000.0
2024-01-17,110.65587615966795,110.73497438031278,108.2038916654508,109.9736747504656,1484500.0
2024-01-18,110.15164184570312,110.63610524594496,109.00474027736728,110.11209273542724,1614900.0
2024-01-19,113.15730285644533,113.31549930322755,110.19118736827404,110.19118736827404,1684200.0
2024-01-22,115.88612365722656,116.04926090361948,113.03865568991148,113.16718463712049,1876700.0
2024-01-23,117.34941864013672,119.19829247405696,115.83670094212133,116.40026258536668,1929400.0
2024-01-24,114.36351776123048,118.17003090937423,114.0372432659898,117.79432568478342,1514600.0
2024-01-25,119.18840026855467,119.22794183367274,115.7180433298087,116.56833030104812,1425800.0
2024-01-26,119.90026092529295,121.02739164866745,118.71381785456975,118.71381785456975,1558800.0
2024-01-29,119.64319610595705,120.36692286728824,118.6495427371519,119.72228677439443,1801500.0
2024-01-30,120.50337982177734,120.92852333396776,119.33670745413072,119.95959652037575,1285500.0
2024-01-31,120.62201690673828,122.7773942318826,119.9941870836874,121.39320564398076,1666100.0
2024-02-01,126.1884307861328,126.2576398422753,120.62202371861228,120.62202371861228,1937400.0
2024-02-02,128.2449493408203,131.56699918860275,125.00199017076868,125.57544095784075,3781700.0
2024-02-05,125.59520721435548,126.96950669517366,124.428534898637,126.4553833639583,1878000.0
2024-02-06,129.53025817871094,130.00978078698333,125.75341229501832,126.31697393709224,2656900.0
2024-02-07,131.00341796875,132.288737539694,129.33250403516698,130.4695238844966,2087600.0
2024-02-08,129.24354553222656,132.4568374466793,128.6997546524919,131.05287786673787,1228700.0
2024-02-09,130.67715454101562,131.01331066271825,128.53166623046485,128.5514445571659,1245300.0
2024-02-12,127.0584945678711,130.69693739839704,126.51471125628608,130.33112131718318,1206900.0
2024-02-13,126.46527862548828,127.3551072207622,125.29860625351006,126.46527862548828,1503700.0
2024-02-14,127.21668243408205,127.97304122634212,126.2477556676932,126.85086637754024,1372300.0
2024-02-15,130.01470947265625,130.13334924679518,127.37486889297604,128.45255373858143,1348900.0
2024-02-16,129.67855834960938,131.16161592885072,129.01612777458791,129.77741980302702,1295700.0
2024-02-20,130.3113555908203,130.56841352593017,127.92857230617209,129.52038836974663,2121200.0
2024-02-21,129.91583251953125,131.08349289711623,128.6700696357477,130.7957793765999,983400.0
2024-02-22,131.8833770751953,132.54580770387076,130.16302471281517,130.9045535624965,1529900.0
2024-02-23,132.4766082763672,132.63478963442756,129.8664272878296,131.98225570212566,2052200.0
2024-02-26,131.71530151367188,133.67293348979334,131.42856857127651,133.1588025867158,1494700.0
2024-02-27,154.00070190429688,154.90042717164832,133.47518933154333,133.47518933154333,4888300.0
2024-02-28,168.90048217773438,169.04878189773896,154.73233727970532,156.68996901597336,8227500.0
2024-02-29,166.54737854003906,169.37112320806528,161.5247545966221,169.24653935977383,4536900.0
2024-03-01,168.0699920654297,168.3863698650641,163.1857862633201,165.15329983525854,4557600.0
2024-03-04,174.00221252441406,175.03540752302158,167.70415090371338,171.00643733782593,3818200.0
2024-03-05,174.77340698242188,183.4838966107922,173.43864904580488,175.38639932458594,4323800.0
2024-03-06,177.9471435546875,178.76777061595786,173.03327789360443,174.7734085628786,2073600.0
2024-03-07,177.9005889892578,180.34749102448924,174.56210970355983,180.0502935689702,1967800.0
2024-03-08,168.974853515625,178.1482494713038,166.88458542192473,177.90058744653408,3196900.0
2024-03-11,166.3397216796875,169.36120132763344,164.84383341413115,168.7172710100866,2601700.0
2024-03-12,166.79541015625,167.47895974086018,162.6644095319645,165.01225572902857,2617000.0
2024-03-13,166.2902069091797,169.70794016470938,164.88348828374194,169.63860265130546,1639000.0
2024-03-14,163.1002960205078,166.8152262461171,161.74311301523394,166.2802829447089,3012300.0
2024-03-15,163.97207641601562,166.8152316028317,161.14872330745408,162.6445964845421,4532000.0
2024-03-18,167.26101684570312,169.48007396873683,164.63580550138485,166.12177760935896,2006800.0
2024-03-19,170.7976531982422,172.3826811874158,166.68645425725117,167.4195393387522,1922200.0
2024-03-20,174.06680297851562,175.1168876586096,171.0364044318201,171.30288601795152,1969200.0
2024-03-21,172.5015869140625,176.14716526703853,170.75803629647146,175.80044744456242,2212100.0
2024-03-22,176.5731201171875,176.70189408929983,172.5857525052956,173.36341487990424,1608400.0
2024-03-25,185.50875854492188,187.2820271163953,177.86095397144882,178.31665875044644,3570600.0
2024-03-26,183.6760406494141,196.97053436878397,182.7547301924782,188.12404028543943,4228700.0
2024-03-27,183.16091918945312,188.342004310202,180.6347636135014,186.32108891909445,2452100.0
2024-03-28,183.12130737304688,185.0827863789873,181.62047610584943,183.299616775364,2050800.0
2024-04-01,184.24073791503903,187.04427398145708,181.6848638850598,184.29027334554505,1977500.0
2024-04-02,186.37063598632807,186.6083818612556,182.3981273437198,182.95784595109612,1875500.0
2024-04-03,188.480712890625,191.4031370463627,185.12241624336656,186.71736038062448,2555800.0
2024-04-04,181.39756774902344,193.67169666717416,181.2489765857403,191.63096407227343,3747800.0
2024-04-05,191.2743225097656,193.02777374678496,179.7233629086629,180.61495520095085,4331400.0
2024-04-08,190.1846160888672,195.7916879062224,186.3508128176521,193.0426455028626,1663500.0
2024-04-09,186.3408966064453,193.01785451521303,183.31941715468932,190.7988126485508,1958600.0
2024-04-10,189.2930450439453,192.01732738057157,180.79328233974056,181.78393046215007,3861900.0
2024-04-11,191.0762176513672,192.46311899781708,188.22314617742344,189.7784710094553,2267300.0
2024-04-12,189.8775329589844,191.44275888175451,188.5698852347521,190.16482939333952,1801900.0
2024-04-15,183.6661529541016,194.1670289326073,183.05195596503512,192.2748874207595,2531500.0
2024-04-16,184.9044647216797,186.5142679094546,181.39757704369916,183.29961961163156,2982700.0
2024-04-17,183.6661529541016,187.27211145820635,180.92206858185344,186.1625904157404,3282900.0
2024-04-18,182.14056396484372,186.50734559443163,181.37776067986715,184.38933942995905,1654200.0
2024-04-19,179.20822143554688,184.22091313283423,175.98861535861795,181.58578576200944,3442500.0
2024-04-22,181.5065460205078,182.13065916041336,176.54340448323575,179.90170093628254,2327500.0
2024-04-23,186.489501953125,187.97547408024155,182.2495293597064,182.2495293597064,2387300.0
2024-04-24,184.41905212402344,192.5522644806367,181.9295529893048,184.9837136751456,2266400.0
2024-04-25,186.2517242431641,188.74717887924035,183.6710904466848,183.8642740615828,2908900.0
2024-04-26,186.60836791992188,187.6089321224596,183.89400194334925,185.16697319649631,1826600.0
2024-04-29,186.84613037109372,188.6392009331529,184.39922846447809,186.66780586071937,2205500.0
2024-04-30,184.20111083984372,187.62874481399408,183.9732660084742,186.8461394630689,2173200.0
2024-05-01,182.83399963378903,186.44491596794597,182.19998549356097,184.50819723804008,2717000.0
2024-05-02,184.43885803222656,185.4295061431297,181.8829992082561,183.2699005170843,3071000.0
2024-05-03,193.0376892089844,195.4251547558467,186.24184264403195,187.5594064298594,3480200.0
2024-05-06,195.85113525390625,197.0498261605013,192.3046130806829,195.9006706843772,2708000.0
2024-05-07,198.6843719482422,203.1621053996245,195.5044001494038,196.84176595706947,2797300.0
2024-05-08,206.05479431152344,206.3222735174137,196.25728570587395,196.683257111468,3992100.0
2024-05-09,213.89083862304688,213.93045789665692,201.1015678015033,203.50883547069435,4313500.0
2024-05-10,212.91998291015625,218.45771712218897,209.8787011887557,218.45771712218897,2744700.0
2024-05-13,211.59251403808597,216.6299660392817,210.6018659849657,214.9706275270874,1919300.0
2024-05-14,215.7037048339844,215.8721131830769,208.79888694074583,212.5633524315412,1951000.0
2024-05-15,221.2216339111328,222.618451417571,217.70482998795285,218.08128111861905,2682200.0
2024-05-16,214.3168029785156,222.69769242468607,214.2177472397171,221.63769171851996,3539800.0
2024-05-17,211.11700439453125,215.6759716323752,207.94693368996707,214.33661052430995,3057300.0
2024-05-20,213.0586700439453,213.22707838798183,209.1753166286621,211.9491340183978,2326200.0
2024-05-21,220.50836181640625,220.58761548008576,213.4846702602981,213.91064169697333,1881100.0
2024-05-22,218.0515289306641,222.3063602190925,215.82257096086013,220.02292386574925,1573700.0
2024-05-23,219.0917205810547,225.91728486069172,218.6756502249712,221.6872135663757,2658300.0
2024-05-24,228.47317504882807,234.09014793506736,219.56724323057549,221.2216237357424,2672000.0
2024-05-28,229.1071929931641,232.5843624229497,219.7455713621329,230.56344692644564,2602200.0
2024-05-29,219.00994873046875,227.08615061788856,217.1744421082015,225.0026033785148,3809400.0
2024-05-30,223.1968994140625,223.52429974114216,218.2757663834426,220.5875069986621,2037800.0
2024-05-31,215.54730224609372,222.72063285286856,206.36979915851555,222.3039264212715,5618300.0
2024-06-03,206.62774658203125,215.49768131567976,202.45075114153704,213.81100817692635,4922600.0
2024-06-04,201.54788208007807,206.8658734860549,195.2972555368326,205.3677136173942,4666700.0
2024-06-05,207.6893615722656,211.1817775359796,202.84760410933464,202.88729908415704,4502200.0
2024-06-06,201.0121307373047,208.16561396199185,194.6722128990642,207.85804600592547,4842100.0
2024-06-07,196.4481658935547,202.4011406176018,195.97193215460624,200.49619052261045,4558700.0
2024-06-10,212.9478454589844,213.08674760552947,196.57914719495545,197.9661854253985,5719100.0
2024-06-11,216.59896850585935,217.83917149088143,208.8005715304729,209.50501348721187,3701900.0
2024-06-12,216.4203948974609,220.03186552369343,210.4872526878526,219.53578431053404,3137900.0
2024-06-13,218.20628356933597,218.63292130149028,212.4418220723695,218.58331015042148,2238200.0
2024-06-14,213.21571350097656,217.1545998058301,209.306605998949,217.0851563037647,2373800.0
2024-06-17,210.35829162597656,213.03712727347377,207.0742362647798,212.1937831162997,3321100.0
2024-06-18,218.6825408935547,219.46634260958396,207.4760672402101,211.12225232694155,2714700.0
2024-06-20,220.567626953125,225.98484047141676,217.57129218149856,222.06580190853688,3075100.0
2024-06-21,216.4203948974609,222.8198395193777,214.04912730412693,221.25222106909035,5511600.0
2024-06-24,214.4063262939453,219.11909825660965,213.6631884530116,216.29142902333163,2474100.0
2024-06-25,220.62716674804688,220.7164728774077,212.5013535808756,214.80317781083684,2221900.0
2024-06-26,208.66168212890625,220.4584930364072,205.8240969205312,218.8412785399511,4237000.0
2024-06-27,203.17503356933597,206.2904231835682,199.68261736421505,205.96300774503828,4733600.0
2024-06-28,198.7003936767578,205.6752950358901,197.87689696199956,203.6413588261087,10579100.0
2024-07-01,203.4429168701172,211.91597767638075,201.54788292488945,206.55830641068317,4168400.0
2024-07-02,204.53428649902344,210.1400135206167,201.50820308628835,201.86538217994595,1905300.0
2024-07-03,208.42356872558597,210.76505752438248,200.42672683096856,203.70086587448824,1612700.0
2024-07-05,209.63400268554688,211.09248273496084,206.43925344404727,208.35411975401925,1601600.0
2024-07-08,214.0392303466797,214.73374112874083,209.5943462022887,210.16980231862496,1634400.0
2024-07-09,214.2674102783203,220.6271601041908,213.37445498598825,215.33893240640265,1773200.0
2024-07-10,217.8292694091797,218.23605964799063,212.0648079841473,216.46999655500616,2584300.0
2024-07-11,215.1405029296875,218.81448340421983,213.5034409359794,217.83918601617663,2438200.0
2024-07-12,215.4381561279297,219.4068059710447,210.64304234291447,214.56504831790116,1760700.0
2024-07-15,211.2115631103516,217.9284925025915,209.97929289454015,215.2992678677205,2164300.0
2024-07-16,203.2742462158203,213.3248414712004,202.4606657455477,212.4616649901237,4049600.0
2024-07-17,185.20697021484372,201.46851282241695,184.31403002941093,200.54580897341629,6748700.0
2024-07-18,185.8121795654297,191.3286002802668,176.6743720195006,188.8779578553435,5484900.0
2024-07-19,187.81634521484372,188.45132854482625,184.93906517336316,186.5463785548788,2827000.0
2024-07-22,188.92759704589844,195.2774466541564,187.13178519476784,190.73334021193665,1868800.0
2024-07-23,188.38189697265625,190.6559409064589,186.8242096543671,188.1834674921301,1856600.0
2024-07-24,173.7078094482422,186.81426737886235,173.33078285992462,186.81426737886235,4910100.0
2024-07-25,169.09423828125,175.4540031888644,164.5699799530717,175.3151010520939,5542000.0
2024-07-26,173.66810607910156,175.68220975158098,170.09633039419415,175.1563497326123,3469300.0
2024-07-29,171.3266143798828,175.76158199570216,169.78679137095762,174.67021232191652,2100100.0
2024-07-30,167.36788940429688,173.6581958275972,164.45092932165915,172.11042479742972,3517100.0
2024-07-31,188.31243896484372,194.9599244553284,181.56573117213787,191.76516010553527,7483700.0
2024-08-01,176.17828369140625,192.7473926548418,175.23571730509613,186.81624900835516,4482100.0
2024-08-02,165.7705078125,173.95584821509348,160.17272883518928,173.10258788270977,6099200.0
2024-08-05,168.63784790039062,171.4059743936007,154.3804787558498,155.01546209969135,5430800.0
2024-08-06,179.62109375,182.38923562469975,167.0702440820698,172.2790972479947,6322100.0
2024-08-07,178.25192260742188,188.60017046082788,175.51354435344396,188.60017046082788,6154900.0
2024-08-08,185.5641632080078,186.1594668023256,175.03731779418922,181.81378992572365,3338800.0
2024-08-09,188.38189697265625,188.61010525750032,181.6352037995736,185.613770142199,3204000.0
2024-08-12,186.2080078125,189.68704491800068,182.5997444752276,188.86201429860847,2232300.0
2024-08-13,188.27554321289065,189.7069208415364,185.94956215004,188.20595519356047,2349000.0
2024-08-14,185.03504943847656,188.75265418743305,181.1186607893964,187.82823169813497,2327900.0
2024-08-15,189.2496795654297,191.42656522965737,184.37903363993448,185.28357176845336,4241900.0
2024-08-16,188.8421173095703,190.2138567022883,184.71697965372027,190.07469583399785,2572300.0
2024-08-19,191.62533569335935,191.72474280653972,184.44857894274008,188.47432434820985,2025100.0
2024-08-20,189.57769775390625,192.3410459342992,188.5031786338022,191.8440406476473,2507000.0
2024-08-21,195.56163024902344,196.1480928009057,189.83612009061764,190.3331253381239,2404200.0
2024-08-22,193.7823486328125,197.61724293340015,193.54379581417115,194.39864547156213,1520300.0
2024-08-23,193.82212829589844,196.1481094110201,191.3669209519152,193.84199758695576,2683300.0
2024-08-26,193.72271728515625,196.80415608578417,191.9235605997009,194.32906433299345,1953400.0
2024-08-27,194.96522521972656,197.11229160990223,192.4106260384856,193.72271205421708,1703200.0
2024-08-28,192.6094207763672,196.26737217294584,191.2575658760236,196.00893490059957,2493200.0
2024-08-29,193.27542114257807,197.9174487680919,191.1581737367343,194.73661792021716,2463800.0
2024-08-30,195.52186584472656,196.62521812633247,193.98114650844485,194.0904882721138,2239400.0
2024-09-03,176.71519470214844,194.62726909413183,176.1187823040537,194.3290628950845,4252300.0
2024-09-04,176.4567413330078,181.65541179862285,174.9458411849938,176.61577147959144,3310400.0
2024-09-05,175.01544189453125,178.6733933770601,174.06118510882104,176.9040558410156,2444900.0
2024-09-06,172.07318115234375,175.58203747073014,170.91019053272038,174.75700682588993,3390300.0
2024-09-09,173.87232971191406,175.29377273554203,170.01556378846243,175.29377273554203,2184400.0
2024-09-10,179.17037963867188,180.1196614174552,172.81865361074293,175.79075025058714,2301800.0
2024-09-11,186.1284637451172,187.02306711672,178.0720129924999,180.4427225444247,2846900.0
2024-09-12,188.79241943359372,190.53193792329736,183.0868084945004,185.879975756898,2154600.0
2024-09-13,194.80616760253903,196.6252085821552,188.04689337518295,190.30330138824516,2613600.0
2024-09-16,198.05661010742188,198.33493185930016,191.53590306216196,193.83206509885704,2264000.0
2024-09-17,200.0247344970703,203.47395224597605,197.0625873676211,198.8021057933126,2881700.0
2024-09-18,199.130126953125,203.72543862517077,197.23156324204624,200.75036893526405,1796000.0
2024-09-19,207.25119018554688,207.3903510494792,201.25730805688175,203.88149518203167,3432600.0
2024-09-20,253.4528045654297,253.71125701431305,231.60445702904585,233.7515234468295,15031400.0
2024-09-23,255.5799865722656,270.2217728261088,250.59999920021912,258.0053747297548,10270000.0
2024-09-24,251.9717254638672,257.88608486686053,249.58410425003527,252.5581880148717,4562700.0
2024-09-25,261.2856140136719,265.49028980854087,251.72325197998683,252.91606167681704,6246200.0
2024-09-26,255.2320556640625,268.5021014120749,252.97566283357693,262.24976710606126,4072200.0
2024-09-27,255.46067810058597,260.828328305002,253.8106171621738,255.63959269594864,2598100.0
2024-09-30,258.4626159667969,259.55603365430835,249.7699984369719,256.20622290672844,2899300.0
2024-10-01,264.01910400390625,264.4067826444234,252.4389033668037,257.5481165300039,3179800.0
2024-10-02,263.7904968261719,268.1044985185808,260.0828269446936,263.3233107034912,3233600.0
2024-10-03,275.70867919921875,277.83587616563324,266.39480594926096,270.5199433326362,4274200.0
2024-10-04,283.8098449707031,284.28698089412705,273.9492785649351,276.2454402146044,3829200.0
2024-10-07,276.8915710449219,287.0235135908136,272.35888545106,283.2930012903361,3477000.0
2024-10-08,277.7166442871094,279.7145850243856,271.46430893492783,277.21963897244814,2599100.0
2024-10-09,260.7091064453125,274.39662188005616,255.95773685418783,274.39662188005616,5235800.0
2024-10-10,260.7388916015625,266.15626095577056,257.4785383777884,259.49637847764257,2733500.0
2024-10-11,264.62548828125,265.3014081709322,247.55832905800835,254.8543779794083,4477700.0
2024-10-14,270.1124267578125,271.1859751774838,263.62153884882224,265.96741960435884,2229300.0
2024-10-15,264.555908203125,268.1840407312657,260.76873034296887,268.1840407312657,3000900.0
2024-10-16,278.1241455078125,278.561512585641,262.5380670418362,266.61351644807723,2469300.0
2024-10-17,269.5756530761719,283.2929855034759,268.9196025221993,283.2929855034759,3209900.0
2024-10-18,268.5418701171875,270.9473584483092,263.41277249188744,266.176120363505,1708800.0
2024-10-21,272.08056640625,272.4781645555601,266.40477471275284,271.4443850995184,1650900.0
2024-10-22,264.40679931640625,269.7992942738102,264.2577038048032,268.7506204516088,2134100.0
2024-10-23,264.4564819335937,266.3212526730912,261.03708337979566,263.4127830403699,2633700.0
2024-10-24,262.915771484375,266.195993928524,260.9973385417957,266.1860744514008,1553700.0
2024-10-25,262.82635498046875,268.1244183044025,261.5142536652126,267.38886014348486,2016200.0
2024-10-28,265.38092041015625,269.565695903797,263.4227186135952,265.2914631099834,1542500.0
2024-10-29,263.41278076171875,265.6294350826164,260.13255826728243,264.6851129799308,1829700.0
2024-10-30,260.2120666503906,266.3948131541511,259.8641569095367,265.28152625125284,1831000.0
2024-10-31,261.385009765625,262.607653681508,257.7966461854827,260.1723156625297,2290900.0
2024-11-01,256.5541076660156,263.1841404951369,255.28177548131825,261.15638098298274,2804500.0
2024-11-04,224.5966796875,234.0874964999978,223.33428204803903,231.1074517929972,10719400.0
2024-11-05,232.34996032714844,235.4413336680365,225.6403892802682,228.97033060753049,6347400.0
2024-11-06,233.58255004882807,240.5505587064672,232.35990612330613,237.3896123641463,4790100.0
2024-11-07,240.1429901123047,246.8625107171028,236.9691214196884,241.0674277530236,4154900.0
2024-11-08,237.9362945556641,246.5146102414225,235.41151449539447,241.79306024687915,5162100.0
2024-11-11,235.848876953125,242.4491061048037,232.88671472537712,240.54060775379503,3382100.0
2024-11-12,227.3302001953125,234.56659548172664,224.33823402584787,234.02983648094505,4460000.0
2024-11-13,224.60662841796875,231.37583777238,224.25871866181487,229.6164348687225,2979500.0
2024-11-14,224.0301055908203,230.15319913299868,223.77165313725013,226.8332074920381,2513200.0
2024-11-15,223.28640747070312,226.74103610770524,220.6780192930161,223.8538895839077,2717400.0
2024-11-18,229.25982666015625,231.01202414886103,220.2001348373425,224.9888386352924,3293200.0
2024-11-19,233.5407867431641,233.84941097863745,225.0983583250142,225.30243678432456,2197500.0
2024-11-20,234.37705993652344,240.4102109944316,231.1115919369217,237.085011232465,2567600.0
2024-11-21,250.7242889404297,251.0727444387812,233.07284105150967,236.25866129899373,3586400.0
2024-11-22,248.78294372558597,252.1081433054117,243.94447375358,250.09710319039277,2471600.0
2024-11-25,247.8271942138672,254.4776086776121,241.92347232503175,252.37695569710104,3459600.0
2024-11-26,265.54833984375,265.9465616815038,248.09598752674748,248.44444302817405,3881600.0
2024-11-27,252.26744079589844,264.8215770683265,249.7387000899712,263.82600722972376,2298200.0
2024-11-29,255.4233856201172,259.63365419594373,254.06941008360712,256.8371081052646,1185700.0
2024-12-02,248.4743194580078,257.29506874041573,248.40462227828704,255.86144575771985,1908400.0
2024-12-03,246.41346740722656,253.0539159260207,245.4875948162664,250.35691779349304,1784600.0
2024-12-04,253.0738525390625,256.5185309002022,249.8880320609852,251.56058211527943,2701200.0
2024-12-05,254.9554748535156,258.6092295083918,251.9787307755992,252.5959792107971,2118200.0
2024-12-06,252.50637817382807,257.4244955126095,249.31059236919992,255.3138923565099,1329700.0
2024-12-09,238.7874298095703,252.87473682804236,235.28301975432564,252.6656604796121,3262400.0
2024-12-10,231.3106842041016,238.43896763394983,229.6879157564765,236.8261494155188,2771500.0
2024-12-11,235.5518341064453,238.3872090365929,231.09167021200773,233.72993944624616,2386700.0
2024-12-12,237.9611053466797,247.0307471180733,237.86154228706704,241.88365291285288,2822000.0
2024-12-13,238.0108795166016,242.34159903441392,235.45225783733812,240.9179415113545,2004800.0
2024-12-16,238.2398681640625,242.62036942796925,236.1969568872116,238.98654555162776,1974400.0
2024-12-17,233.2022857666016,237.0252703223188,227.8461151438001,236.60713281071128,2506500.0
2024-12-18,224.7598419189453,235.94010217519147,223.7742374983504,233.28193252167543,3173700.0
2024-12-19,224.1724548339844,232.7542618322108,223.98329413735135,227.84610990508665,3626800.0
2024-12-20,226.0142517089844,230.6735109051509,218.66694200144133,220.83729198284743,4985400.0
2024-12-23,227.2686767578125,228.3438939838171,220.7178255347337,225.99434860651587,1935200.0
2024-12-24,228.77198791503903,229.09057755709424,226.14966946180567,228.22940417265465,978400.0
2024-12-26,227.6270904541016,229.21004287359457,226.31194352973577,227.5574084638498,920500.0
2024-12-27,225.536376953125,227.16911082576823,221.75322384686623,227.16911082576823,1466000.0
2024-12-30,225.3173828125,227.98550280243373,221.26540610410876,222.5297841068085,1587100.0
2024-12-31,222.7189178466797,226.02420155273137,221.8925931223695,225.3472214072372,1885700.0
2025-01-02,241.52525329589844,242.6402866741477,224.14060686899649,225.3771090059988,4552500.0
2025-01-03,251.2818145751953,253.0529401986509,243.26748973826616,249.3902380080968,4576600.0
2025-01-06,263.1092224121094,266.63354850522563,250.3957900303709,256.7375808753902,4116000.0
2025-01-07,254.4975128173828,264.30388142317287,248.45439684003443,262.3326422816542,3112400.0
2025-01-08,242.7597503662109,254.85593324752205,227.0397090030455,254.37804877834503,8414200.0
2025-01-10,303.83795166015625,308.6266399985761,278.88897474118426,281.23850490085715,14707200.0
2025-01-13,278.0029296875,299.12892422136457,277.62460826359234,296.1770631080818,6920600.0
2025-01-14,287.5902404785156,293.09574020388067,280.1533329292725,282.63727469502635,4852400.0
2025-01-15,299.4375305175781,303.7563251323534,291.72186424009675,295.7738407898486,4140700.0
2025-01-16,313.8434143066406,319.0900866019941,301.1299988870761,301.1299988870761,5269100.0
2025-01-17,314.9584655761719,318.7416492645931,309.66205702419165,318.7416492645931,2820000.0
2025-01-21,322.20623779296875,328.8765374955117,316.91973398763145,324.555768033225,4032300.0
2025-01-22,330.9971008300781,334.9574744329286,317.5867740762046,327.5424723231076,4576600.0
2025-01-23,344.68621826171875,350.44061117307217,331.52478272907115,331.6542116796061,4853500.0
2025-01-24,345.9007873535156,348.4494437112129,340.43511865880714,346.2094115730694,3226600.0
2025-01-27,273.7817077636719,301.3291387821768,269.24191169461744,291.16434877498244,16083200.0
2025-01-28,277.5648498535156,283.110180966578,257.94217747769994,280.3026668209395,9989300.0
2025-01-29,290.59686279296875,292.8866610168095,274.8369769681376,277.79382027868087,6638500.0
2025-01-30,307.1830749511719,309.3136090822854,297.4663335624594,299.66653449470584,6023100.0
2025-01-31,298.65106201171875,310.6178009704219,296.62507367040087,310.6178009704219,4719900.0
2025-02-03,304.9529724121094,307.2826020172831,282.76171383405733,284.1356049715035,3723500.0
2025-02-04,304.972900390625,305.7295432029772,292.1997525160092,296.9058010132982,2996300.0
2025-02-05,312.43963623046875,316.9595313295688,301.5082999966575,309.15426826145625,3578600.0
2025-02-06,310.4186706542969,315.1774933768421,304.51494866753404,313.92807872189366,2480100.0
2025-02-07,308.4175720214844,318.1940442138476,307.93470487720543,313.0867967409885,2298000.0
2025-02-10,320.4042358398437,320.5734960849065,311.19026227326185,311.2450113239894,2729800.0
2025-02-11,312.1907653808594,317.7460618943859,308.06912219627515,315.90425168280626,2642900.0
2025-02-12,312.4098205566406,316.0237441327224,302.44418657860103,304.0769054057781,1766400.0
2025-02-13,310.11004638671875,316.330383165333,303.7384053506131,314.95846675026803,2707200.0
2025-02-14,315.8943176269531,316.7803894229269,304.8634164853956,309.8064174009885,2193000.0
2025-02-18,324.1575622558594,328.10997593439834,314.41590723646226,322.4053495271221,3253000.0
2025-02-19,320.239990234375,328.42655324149484,316.7206471036027,322.37547666449194,3079100.0
2025-02-20,308.0492248535156,320.57347973064606,302.83241837427835,316.0834501524299,3860000.0
2025-02-21,283.17987060546875,309.0845853389921,276.53940680575533,308.62663174733626,6478000.0
2025-02-24,266.533935546875,288.7251938531747,261.486389606288,288.7251938531747,7221400.0
2025-02-25,263.1390686035156,266.8624901764794,247.4588432288148,263.6069876553892,5094600.0
2025-02-26,268.9432373046875,278.7097745013069,266.8624697097978,271.5416598696694,4724900.0
2025-02-27,248.63360595703125,279.35689042415646,247.6878024992675,275.1655500962128,5131000.0
2025-02-28,249.4350433349609,250.42464303561167,240.5396292595909,245.3283177516272,6029600.0
2025-03-03,231.2609100341797,248.6156901845032,228.2244341937148,248.2752100409582,5315000.0
2025-03-04,230.62374877929688,238.56840708906296,220.26982845603183,226.4921399943378,5525500.0
2025-03-05,228.3040771484375,232.50536778965056,222.43020612828872,229.62817163344957,3840200.0
2025-03-06,206.7698974609375,221.79304233451816,203.8031036635754,219.21452015764572,7710800.0
2025-03-07,211.9944610595703,215.58522692874263,202.57870375080807,207.56587011375635,4986200.0
2025-03-10,201.69097900390625,207.7055001295086,195.058038929828,203.08737943022632,7689500.0
2025-03-11,208.04461669921875,211.09675982698528,199.41183365307853,203.46640200756897,5051000.0
2025-03-12,214.79725646972656,223.7542027929975,209.46098249451683,218.856801882916,7320400.0
2025-03-13,209.331298828125,216.2135969746172,203.1970907941597,216.2135969746172,3654300.0
2025-03-14,215.90440368652344,216.94172754920493,208.49346687259248,213.2811494210513,3829900.0
2025-03-17,217.9790496826172,221.49501092264063,213.80978611924672,216.35324387977744,3547600.0
2025-03-18,210.30880737304688,217.57509705044248,208.71290808123103,217.3606525538692,2716500.0
2025-03-19,217.4903259277344,219.8043631824841,210.57810550454215,210.57810550454215,3091900.0
2025-03-20,218.87673950195312,221.8590549702435,213.4507005664332,216.50284366275756,2250500.0
2025-03-21,221.908935546875,222.24807440403853,212.0044311105774,215.22114407014664,3733500.0
2025-03-24,228.0331878662109,230.5566928056847,226.01838363175972,227.6541735753667,2773600.0
2025-03-25,226.2876739501953,230.2794006748944,221.43017894893728,228.72141348729636,2849900.0
2025-03-26,216.4130859375,225.51965606331223,213.45070807053995,223.4250402233689,4059000.0
2025-03-27,208.66302490234372,216.99159831022803,206.987344411636,211.415950307968,4178300.0
2025-03-28,204.86280822753903,214.8620701594773,203.36665839914195,209.36122656585545,5572000.0
2025-03-31,201.1124725341797,203.03751141529668,195.0480765036067,198.46926527063275,4518500.0
2025-04-01,206.40884399414065,207.22673136397205,197.58155343834304,200.43421320852136,2863100.0
2025-04-02,213.90953063964844,214.7872615057757,201.7508175038404,202.30937766036396,3179100.0
2025-04-03,189.75169372558597,203.5232452466616,189.29286776595055,199.9554308999722,5557500.0
2025-04-04,170.5211944580078,182.5203151915921,164.65628210038108,179.6078119391963,9358600.0
2025-04-07,179.32850646972656,189.30283836618136,160.93585123714698,161.1153819058643,7458400.0
2025-04-08,184.46530151367188,192.80384381325663,181.52287656861807,188.4550343800833,6895700.0
2025-04-09,214.89698791503903,217.34069630230243,182.1412840574569,185.6522533139644,7984300.0
2025-04-10,203.9651336669922,210.9322056259296,199.03781090690563,208.4635522092859,4048600.0
2025-04-11,207.7154693603516,207.99474944612336,197.4917787915948,203.96512590882807,2960700.0
2025-04-14,206.16943359375,216.65246597127955,203.3466958908369,214.4182101870951,3427300.0
2025-04-15,207.88504028320312,211.45585321574848,205.82036132874435,206.06971964621573,1986000.0
2025-04-16,203.6658935546875,206.86764569820397,200.9229521737249,204.52368674079165,2433300.0
2025-04-17,206.1494903564453,208.2840120555184,203.0813969770549,207.8152172251119,1962800.0
2025-04-21,192.1156005859375,204.3441255867027,187.52341444427103,202.96767818219877,3290900.0
2025-04-22,200.3643951416016,201.90043564238772,195.34730713642776,197.0429406091361,2457800.0
2025-04-23,209.2614898681641,216.7821295521533,207.7354182790557,212.70263138831777,2976100.0
2025-04-24,217.51026916503903,219.6248227170204,209.03208681163525,209.03208681163525,2336500.0
2025-04-25,222.41763305664065,223.37018358175573,215.9442861587753,217.55015420735523,2710400.0
2025-04-28,224.24295043945312,224.911228890208,219.126112999662,221.7693050227689,2396300.0
2025-04-29,225.8687438964844,226.7764117563732,219.9340194319283,223.73423746860567,2038900.0
2025-04-30,222.8664703369141,223.30035133149727,216.1936399825887,218.9864559074878,2185200.0
2025-05-01,239.9973907470703,243.35374366647423,229.7188338846015,231.60398199121892,4557800.0
2025-05-02,246.62533569335935,249.99666489091695,240.94296757541676,243.6529889207448,3316000.0
2025-05-05,247.63275146484372,249.3583066856137,240.8402336258673,242.64558533113149,3117800.0
2025-05-06,273.1171875,279.1716148031593,255.46260630288495,258.16564196340045,7195600.0
2025-05-07,267.4317932128906,277.8050927347122,263.9806827542007,276.64806653323166,5165600.0
2025-05-08,269.8954467773437,273.2767599467311,264.38962645429444,271.05247294566306,2862300.0
2025-05-09,270.6734619140625,274.24429007065754,265.3770936795452,271.3716773795469,3245900.0
2025-05-12,284.5477600097656,291.2405286805348,282.7224705320095,285.6249745403803,4744900.0
2025-05-13,290.7716979980469,295.40978645017674,278.4733607758173,279.7500739773746,3651100.0
2025-05-14,287.4103698730469,291.2504937726241,282.2037673626925,290.771714879527,3129300.0
2025-05-15,283.66998291015625,287.978901440861,282.55286264795376,283.8794353495082,2187300.0
2025-05-16,290.7694396972656,290.81939777770066,283.8577895624447,286.24489576700336,2104900.0
2025-05-19,293.6659545898437,294.01553924511154,281.6604390475136,283.00881958592856,1972700.0
2025-05-20,292.04791259765625,292.6771588862757,289.32121932141405,292.20772359800657,1481300.0
2025-05-21,286.7642517089844,291.85512933851567,284.8665457573442,287.9228585116602,2040900.0
2025-05-22,291.1190185546875,294.84453793229164,282.37955513929234,284.8465820312142,2390800.0
2025-05-23,297.1317749023437,302.2356376702328,292.7570440958192,298.28538291796855,5373300.0
2025-05-27,308.6878356933594,309.88640287746694,295.90826016281585,303.49408520333293,3611500.0
2025-05-28,307.6790466308594,312.7079873480453,306.2907362618869,309.0773851929377,2512000.0
2025-05-29,303.00469970703125,314.1213026721718,299.73864816903983,313.502054106635,2710600.0
2025-05-30,305.7813415527344,306.1309261943099,298.8996540374193,301.07702166199914,3656100.0
2025-06-02,313.0525817871094,313.5220170645954,304.2032650219084,306.5204787525132,2097100.0
2025-06-03,312.653076171875,341.58819431926344,309.12732790003514,341.58819431926344,10696100.0
2025-06-04,299.1793212890625,310.03622744117627,298.5800376751937,303.6339423026864,4966800.0
2025-06-05,289.53094482421875,301.63634560535513,289.0115514763722,298.8746604593288,4673800.0
2025-06-06,298.440185546875,299.4090187333339,285.6556109551982,293.2264700297882,3735300.0
2025-06-09,299.2991638183594,308.44813733213465,296.6523609496126,300.33292116612864,2997400.0
2025-06-10,290.6695556640625,300.1381512420693,287.3635438575664,299.63875331986947,3374300.0
2025-06-11,291.8381652832031,298.11060207576,289.4510285428218,296.4725622316912,2751400.0
2025-06-12,300.018310546875,300.95718111014924,288.73189884313445,289.7606573776799,2084000.0
2025-06-13,296.53253173828125,299.5888447781026,293.73588490755776,297.00193655341286,1525900.0
2025-06-16,307.6391296386719,309.5867633217823,299.6387648629647,299.6387648629647,2592700.0
2025-06-17,305.3319091796875,313.16246513069194,302.33552157431603,307.4493515438837,2158100.0
2025-06-18,306.0610046386719,309.166269711134,302.8848411548219,304.63273389025784,1451500.0
2025-06-20,304.5528564453125,307.82890574802167,302.3255306356486,307.1596990895956,4194800.0
2025-06-23,314.8304443359375,315.4097630221092,304.32312253343207,305.63154271246003,2314500.0
2025-06-24,320.2738952636719,323.9194941832911,316.46848534319514,317.5571692107573,2385000.0
2025-06-25,314.76055908203125,323.25032435408644,314.4758985887389,321.6222821367474,2263900.0
2025-06-26,322.1216735839844,323.2153563073384,314.3510427465425,316.6182984532185,2192400.0
2025-06-27,319.78448486328125,328.0445156770632,317.4173130641104,327.5101562326668,3689700.0
2025-06-30,322.3713684082031,324.3489647454816,317.83682657238467,323.609865547172,1968000.0
2025-07-01,307.5492248535156,320.3387981191576,301.8860390956403,320.3387981191576,3553000.0
2025-07-02,306.2607727050781,309.9463317860317,302.6451366481888,306.51047166459625,2106500.0
2025-07-03,311.50445556640625,313.5619725854886,306.07898966423176,307.8288941421068,1465800.0
2025-07-07,317.8667907714844,320.024193543297,308.7178167965284,309.6267247106368,2002100.0
2025-07-08,312.4632873535156,320.2988419482219,307.37942017869034,320.2988419482219,1793000.0
2025-07-09,316.7281494140625,319.36998404556454,309.8764242531561,312.84284925976044,1685700.0
2025-07-10,313.2423400878906,316.97782669959,306.8650190254339,315.87917568261685,1745800.0
2025-07-11,321.15283203125,322.61106546435093,309.37202135295985,310.4357413911772,2015600.0
2025-07-14,325.5974426269531,326.1567658528729,313.50703862147884,321.6921472768427,2000100.0
2025-07-15,317.6070861816406,327.59504479466324,313.82167181350314,327.18553483382965,2742400.0
2025-07-16,307.8288879394531,321.6122582432609,301.00709533043226,318.2463211628031,2952800.0
2025-07-17,307.7090148925781,314.4409197105905,304.6427347702474,311.44453213297294,1984900.0
2025-07-18,321.0329895019531,326.6162548889464,310.5456326201503,311.4045824577654,3532900.0
2025-07-21,317.4972229003906,325.24788828487783,316.2686930580052,324.02935615464486,1937600.0
2025-07-22,317.4073486328125,318.35819815736966,311.02002952494263,317.6170872312571,1780100.0
2025-07-23,323.31024169921875,342.81672420648994,322.41130101379287,328.99339275027154,3821400.0
2025-07-24,321.2826843261719,326.5263626993546,320.50959900147046,324.68855145590754,1818100.0
2025-07-25,326.9558410644531,327.88471392782395,320.64344371697905,322.1116748962043,1383900.0
2025-07-28,328.2642517089844,331.60022623083586,322.11166554049566,329.6875236202031,1701400.0
2025-07-29,330.1220092773437,338.83151072828423,328.30422390817654,331.60023817967794,2696000.0
2025-07-30,344.854248046875,347.71581901594743,331.10083953173324,331.10083953173324,3026600.0
2025-07-31,347.421142578125,353.5837263446668,343.86043295724505,349.05918239241805,3581100.0
2025-08-01,340.3596496582031,342.9665226677492,326.61623953654043,336.02987819801007,2871900.0
2025-08-04,354.4626770019531,356.5701216334699,344.1610706653359,344.71441966505466,2899300.0
2025-08-05,343.15631103515625,353.3510214097604,338.55184613500865,351.60611572481287,3380500.0
2025-08-06,338.05242919921875,343.6456919617842,331.8998432084797,343.20621935667214,2946500.0
2025-08-07,336.0049133300781,344.8342649278817,321.6122615692336,334.856304206354,3632000.0
2025-08-08,335.3607177734375,341.7879669089077,331.84993557738767,338.3021485140262,1961000.0
2025-08-11,331.0908203125,337.8926174841333,327.60503261566834,335.8351005104403,1829800.0
2025-08-12,338.1623229980469,339.3209298580145,330.52154073442847,332.648950320902,1890600.0
2025-08-13,327.2355041503906,342.3372932148386,322.1116763290604,339.3559020972898,2788100.0
2025-08-14,325.81719970703125,333.18831827399066,322.87077011130566,325.0481378425534,2020700.0
2025-08-15,321.8420104980469,327.54113350443043,319.29506269091644,327.4951988912189,1749100.0
2025-08-18,322.7699890136719,326.0,319.7799987792969,322.07000732421875,1860300.0
2025-08-19,317.2349853515625,321.79901123046875,313.8500061035156,320.8500061035156,2122300.0
2025-08-20,314.2099914550781,315.5299987792969,304.7799987792969,313.92498779296875,2638500.0
2025-08-21,312.5199890136719,318.20001220703125,310.70001220703125,314.9800109863281,1622600.0
2025-08-22,310.1600036621094,318.0,309.20001220703125,313.9200134277344,1856300.0
2025-08-25,310.67999267578125,317.6199951171875,309.9849853515625,310.4100036621094,1386200.0
2025-08-26,316.5799865722656,318.4800109863281,310.3099975585937,310.7699890136719,1674000.0
2025-08-27,315.94000244140625,319.489990234375,314.1400146484375,316.3500061035156,1369900.0
2025-08-28,319.54998779296875,323.9700012207031,315.79998779296875,317.29998779296875,1751500.0
2025-08-29,307.9800109863281,317.989990234375,305.8900146484375,317.3500061035156,2326300.0
2025-09-02,307.19000244140625,307.4549865722656,296.989990234375,300.489990234375,2426900.0
2025-09-03,308.4800109863281,309.5899963378906,303.9200134277344,306.5199890136719,1374400.0
2025-09-04,309.0599975585937,312.1600036621094,307.25,310.0,1757700.0
2025-09-05,301.5799865722656,312.989990234375,293.1549987792969,311.04998779296875,2821200.0
2025-09-08,298.82000732421875,304.7900085449219,296.3599853515625,304.2099914550781,2333700.0
2025-09-09,300.82000732421875,305.29998779296875,296.3500061035156,300.6099853515625,2081600.0
2025-09-10,320.0,328.3009948730469,308.5,308.5,4040700.0
2025-09-11,318.0,322.260986328125,316.1099853515625,320.010009765625,2263800.0
2025-09-12,323.4800109863281,325.4100036621094,315.281005859375,318.0599975585937,1414800.0
2025-09-15,330.4200134277344,334.8599853515625,324.6099853515625,325.75,2049300.0
2025-09-16,322.9100036621094,332.8599853515625,321.50799560546875,332.0400085449219,2374000.0
2025-09-17,321.2749938964844,326.20001220703125,316.1839904785156,322.5299987792969,2171800.0
2025-09-18,322.7099914550781,330.1300048828125,319.5899963378906,325.17999267578125,1732400.0
2025-09-19,330.8999938964844,331.8599853515625,319.760009765625,325.7099914550781,3416400.0
2025-09-22,347.1199951171875,347.3299865722656,326.5,332.9700012207031,2879900.0
2025-09-23,336.6499938964844,348.44000244140625,336.1400146484375,346.75,2522700.0
2025-09-24,339.1300048828125,344.3999938964844,335.5,339.6889953613281,1735200.0
2025-09-25,326.3299865722656,336.5599975585937,325.0599975585937,335.0,2447800.0
2025-09-26,331.260009765625,332.8399963378906,326.44000244140625,328.7200012207031,1263500.0
2025-09-29,334.2650146484375,340.5450134277344,322.5599975585937,334.8999938964844,2286000.0
