Date,Close_CFG,High_CFG,Low_CFG,Open_CFG,Volume_CFG
2023-10-16,24.205766677856445,24.31533537350776,23.61226464198328,23.8131417450527,4577100.0
2023-10-17,24.74448585510254,24.97275601660429,23.76748984252514,23.76748984252514,6290100.0
2023-10-18,23.3657341003418,24.351861138060983,23.037024507247686,23.475302803664405,11393000.0
2023-10-19,22.717443466186523,23.75835648425241,22.680921149560557,23.383993595630724,8792200.0
2023-10-20,21.694795608520508,22.64439854194451,21.512178789003592,22.59874520784681,9384500.0
2023-10-23,21.53043937683105,22.114810373634214,21.52130836231064,21.78610255871391,9768000.0
2023-10-24,21.53043937683105,21.966892466467108,21.238253878429475,21.64000980951312,6029800.0
2023-10-25,21.43000030517578,21.56696378363369,20.98715741393425,21.110423499608583,6842400.0
2023-10-26,21.676532745361328,22.05546202175195,21.549614600558296,21.566964051111672,5115100.0
2023-10-27,20.882152557373047,21.57152759354577,20.79084415575445,21.5395699142137,4891900.0
2023-10-30,21.356956481933597,21.398045182069207,20.8638938218694,21.119555296879284,6635400.0
2023-10-31,21.784648895263672,21.84973292235113,21.20818707616225,21.44992901492048,6150600.0
2023-11-01,21.542909622192383,21.942713579094168,21.44993166910246,21.8125437354055,5418700.0
2023-11-02,23.15142250061035,23.24440045712024,21.849736429693024,21.94271438620291,6679900.0
2023-11-03,24.332239151000977,24.67625706770146,24.08119919341471,24.183475125781055,8175900.0
2023-11-06,24.025413513183597,24.527491663012984,23.72788545796513,24.443813449214,4116200.0
2023-11-07,23.997520446777344,24.160232326981383,23.58842024300029,23.83016046641075,4946800.0
2023-11-08,23.904539108276367,24.0672509655105,23.69069106284433,24.016113003905684,3879200.0
2023-11-09,23.26299476623535,24.11373884093288,23.170016816267733,23.95102875854472,7525500.0
2023-11-10,23.4024600982666,23.45824615720096,22.886434176254987,23.4303540144372,3800100.0
2023-11-13,23.197912216186523,23.476844310512984,22.99336035850058,23.2444003074386,3732000.0
2023-11-14,24.71344757080078,25.31315355431617,24.109093487290732,24.146283607469293,5212400.0
2023-11-15,25.401477813720703,25.573485862116687,24.72274181872524,24.73203979072054,5517500.0
2023-11-16,25.178333282470703,25.513053200301638,24.825019192965662,25.410777275762864,4843500.0
2023-11-17,25.819881439208984,25.82917941255568,25.27131342560365,25.42937542568328,4791100.0
2023-11-20,25.643220901489254,25.70830493493305,25.16903494916132,25.63392292908201,4384600.0
2023-11-21,24.992380142211918,25.52235399518608,24.769234096784064,25.2992061763511,4619400.0
2023-11-22,24.88080596923828,25.317800050749057,24.70414803270968,25.29920410513405,2764100.0
2023-11-24,24.983081817626957,25.07140989890815,24.601872027354,24.806423881657583,1559000.0
2023-11-27,24.54608726501465,24.80642519637736,24.40662121276597,24.713447237075886,4823600.0
2023-11-28,24.71344757080078,24.834317678139957,24.2950476349977,24.49959950290458,4616500.0
2023-11-29,25.32710075378418,25.55954477880798,24.880808651356208,24.908702572785646,5287700.0
2023-11-30,25.354990005493164,25.56883804351217,25.094652106987304,25.45726415175056,7219900.0
2023-12-01,26.5172119140625,26.54510405904884,25.090005897633414,25.26201396087477,7566800.0
2023-12-04,26.63808250427246,26.74035843352483,26.005834529634196,26.052324394479367,5361600.0
2023-12-05,27.019290924072266,27.26568277783716,26.21038677141473,26.34055484807065,9472700.0
2023-12-06,26.740354537963867,27.95836044495494,26.70316265150588,27.335410534037656,6707000.0
2023-12-07,27.11226463317871,27.284272675149666,26.75430070506144,26.89841660549517,3254800.0
2023-12-08,27.530668258666992,27.79565427998205,27.07507822599537,27.27033033710877,4002800.0
2023-12-11,27.51207160949707,27.69337764329798,27.112267651163297,27.33541367533418,3222700.0
2023-12-12,27.25173568725586,27.51207362119475,27.205247593848632,27.419095660973213,3587300.0
2023-12-13,29.325136184692383,29.39022022159856,27.17735232634645,27.214544217953986,8223800.0
2023-12-14,31.26836585998535,32.29111797541285,30.4036739519109,30.48735392839597,13602000.0
2023-12-15,31.203283309936523,31.556595630264237,30.85926364203978,30.98943525916536,12213300.0
2023-12-18,30.645416259765625,31.61238415576557,30.61752411460866,31.575192264346967,5814100.0
2023-12-19,31.19398498535156,31.305557115443797,30.282804904834524,30.673312680378437,4805600.0
2023-12-20,30.10614585876465,31.249769836629333,30.08754991439119,30.98013396343479,4894600.0
2023-12-21,30.59892463684082,30.71979649659197,30.11544074464978,30.45016063515231,4937000.0
2023-12-22,30.73838996887207,31.231170019819533,30.561730292635595,30.803473992702365,3662900.0
2023-12-26,31.17538833618164,31.277664264299013,30.640769970354626,30.8127762614484,2854900.0
2023-12-27,31.277666091918945,31.324154185557607,30.84996995554055,31.045222076911443,2343100.0
2023-12-28,31.212581634521484,31.33345351381874,31.082413555346356,31.10100950191625,2404300.0
2023-12-29,30.81277656555176,31.193984589778992,30.673312291408536,31.101008407016845,2620900.0
2024-01-02,31.156795501708984,31.4682731903011,30.375783437056995,30.49665532297611,4231400.0
2024-01-03,29.88300132751465,30.7012052349849,29.855109181323723,30.68260928858625,5697500.0
2024-01-04,30.05035781860352,30.39902379287272,29.63288897871479,29.901593811454536,4969600.0
2024-01-05,31.0266227722168,31.16144071194809,29.83651067915959,29.98527469079174,7532400.0
2024-01-08,31.2404727935791,31.305556831109616,30.603578491057085,30.794180730449572,4112600.0
2024-01-09,30.98944091796875,31.13820496074902,30.71980498204996,30.887164973529583,3855600.0
2024-01-10,31.0266227722168,31.101006551439777,30.5617347925146,30.849966616782933,4300600.0
2024-01-11,30.319995880126957,30.896456006118548,30.01316809813555,30.77558413319945,5952900.0
2024-01-12,29.41811180114746,30.496651809326096,29.26934778439227,30.45945991843381,5477800.0
2024-01-16,29.009010314941406,29.2321563298678,28.54226203667072,28.916032365370352,6150900.0
2024-01-17,29.50179100036621,29.87370280580443,28.74867296382696,29.371622932506984,9114900.0
2024-01-18,29.380922317504883,29.752832367416183,28.767270291799484,29.64125846573929,5931400.0
2024-01-19,30.301403045654297,30.357190888148043,29.343733030397548,29.4831990898176,5226800.0
2024-01-22,30.840669631958008,30.924349617668337,30.25491327879984,30.478057542817965,5189600.0
2024-01-23,30.756990432739254,31.231174611332143,30.557088459639143,30.868562554735146,6250000.0
2024-01-24,31.31485366821289,31.57983966691556,31.017325653768268,31.03592159802277,4338500.0
2024-01-25,31.2404727935791,31.872720769716107,30.9243488055106,31.612384619594057,5382000.0
2024-01-26,31.23117446899414,31.53799868978792,31.06381451335616,31.249770413711005,2953200.0
2024-01-29,31.854122161865234,31.877367979103912,31.196773437737978,31.240470182989807,6261700.0
2024-01-30,32.29654312133789,32.36243493340091,31.79293936295084,31.957668893108387,5494500.0
2024-01-31,30.781024932861328,31.967081166671356,30.743371442052243,31.129310745759067,10906900.0
2024-02-01,29.35022735595703,30.98811486078935,28.818383418544517,30.931638210106424,14839400.0
2024-02-02,30.178586959838867,30.19270612282889,28.644241143505663,28.644241143505663,7396500.0
2024-02-05,29.69851303100586,30.432741803180992,29.52907769367785,30.432741803180992,5447800.0
2024-02-06,29.68910026550293,30.037386095179237,29.256094077424805,29.64203339972414,9771600.0
2024-02-07,29.47259521484375,29.92442813299963,28.48892019812604,29.92442813299963,7250800.0
2024-02-08,29.529075622558597,29.670272624803992,28.89839400347301,29.3596385016972,4082000.0
2024-02-09,29.651445388793945,29.830295879570173,29.072536432367563,29.406703084420496,4282500.0
2024-02-12,30.329195022583008,30.69630759549425,29.6420331513102,29.65144652438707,4495100.0
2024-02-13,28.945459365844727,29.51024917596906,28.46538811700991,29.41611724171212,10326700.0
2024-02-14,29.47259521484375,29.49142196047885,29.02546988080529,29.312571467780003,5308000.0
2024-02-15,29.87736320495605,30.338607730400707,29.482010498086726,29.73616619437788,7717300.0
2024-02-16,29.70792388916016,29.93383944855325,29.21844107485041,29.52907519344308,4401600.0
2024-02-20,29.529075622558597,29.700394340744012,29.152547889347808,29.2937466870105,3347800.0
2024-02-21,29.359638214111328,29.500835214973662,28.98311228000601,29.331398095771952,3953200.0
2024-02-22,29.25609397888184,29.999734296925787,29.13372371910386,29.463182801358933,4405700.0
2024-02-23,29.321983337402344,29.529073937937305,29.086654415279664,29.256091526474744,4066000.0
2024-02-26,28.64423942565918,29.44529899512785,28.51716158011764,29.11489731488679,4666400.0
2024-02-27,29.14313507080078,29.166669401137067,28.69130393685441,28.92663287687865,3934600.0
2024-02-28,28.93604850769043,29.46318487175814,28.804264865527863,28.879570060394684,4139100.0
2024-02-29,29.547901153564453,29.95266721792846,29.161961835314436,29.180788581428416,6841400.0
2024-03-01,29.773815155029297,29.957373226862277,28.74778268161353,29.256092232040416,4843600.0
2024-03-04,30.056211471557617,30.489215844482477,29.872655191930026,30.09386316704717,6365500.0
2024-03-05,31.62820816040039,31.745872630626337,29.83971036746681,29.867948691253947,9525100.0
2024-03-06,31.590559005737305,31.99532508014967,30.94104881660201,31.684689147809355,9633300.0
2024-03-07,31.90118789672852,32.30595392736035,31.59996716567706,31.863534407638493,6199500.0
2024-03-08,32.30595779418945,32.74837736686627,32.145935832654736,32.37184961256666,7328000.0
2024-03-11,32.23065185546875,32.5789376666804,31.84471255363029,32.01414607978189,5650000.0
2024-03-12,32.02356719970703,32.418918152264254,31.788238225803397,32.23065784580948,4079900.0
2024-03-13,32.28712463378906,32.6071720841182,32.042384155694585,32.12710270404153,3613600.0
2024-03-14,31.214031219482425,32.20147127472585,30.997529020300668,31.98590987424685,7500200.0
2024-03-15,31.52466583251953,31.73175285433999,31.006939300881903,31.006939300881903,20052600.0
2024-03-18,31.70351219177246,31.75999242492028,31.12930905602316,31.56231340432009,3789900.0
2024-03-19,31.552906036376957,32.023563936219986,31.468187470771817,31.5811443613004,5215100.0
2024-03-20,32.795440673828125,32.89898598023082,31.27992175102784,31.317575242598743,5320800.0
2024-03-21,33.6143798828125,33.887362274042474,32.8613281060006,32.94604665531907,4725700.0
2024-03-22,33.08725357055664,34.05680774718643,33.08725357055664,33.74617179302252,3934500.0
2024-03-25,33.219032287597656,33.65674423664321,33.09666023979071,33.11548698490212,2446400.0
2024-03-26,32.776615142822266,33.572028125273214,32.76720356499802,33.5296670479773,5140900.0
2024-03-27,33.71792984008789,33.75558333184616,32.85192107465539,32.898986143935915,4122300.0
2024-03-28,34.16035079956055,34.21682744869182,33.590855178866754,33.79323821686825,3765300.0
2024-04-01,33.548492431640625,34.245067659884185,33.501427362761845,34.05680379353447,3913500.0
2024-04-02,32.98370361328125,33.29433593291914,32.61659105787534,33.22844411994036,5173700.0
2024-04-03,32.8707389831543,33.43553049687731,32.729543797849075,32.98369944039933,11086100.0
2024-04-04,32.0988655090332,33.539081042484355,32.08945393153844,33.379055498396625,6662100.0
2024-04-05,31.98591041564941,32.22123936537388,31.79294254410945,31.93884534387148,5621400.0
2024-04-08,32.88956832885742,32.931929401385204,32.09886301973726,32.20240831832259,8242000.0
2024-04-09,32.93663787841797,33.14372489037046,32.52716425677142,33.05900633385167,3586100.0
2024-04-10,31.825883865356445,32.329487601532925,31.430529419580303,32.25888820862637,5238000.0
2024-04-11,31.599971771240234,32.023564608153954,31.063422041427817,31.929430871709304,4118700.0
2024-04-12,31.19520378112793,31.515251283871905,31.02576665668496,31.129311965048405,3453900.0
2024-04-15,31.063417434692383,32.11768999067863,30.75278153674497,31.609382252599584,3850200.0
2024-04-16,30.508041381835938,30.931634160677334,30.17858232653396,30.82808886020117,6218300.0
2024-04-17,31.08224868774414,31.722343730148843,30.7151360938898,31.32698922003541,6680400.0
2024-04-18,30.96929168701172,31.46818791888253,30.738666727403448,31.08224857914882,5066500.0
2024-04-19,31.995323181152344,32.00473475846705,30.93163540286374,31.08224577574079,8001400.0
2024-04-22,32.5224609375,32.55070285393256,31.85412756556597,32.070629773762846,4888700.0
2024-04-23,32.917816162109375,33.03077305777839,32.32478617588586,32.4753965670562,4208700.0
2024-04-24,33.4355354309082,33.524961575048486,32.65424164508895,32.67306839074136,4248200.0
2024-04-25,32.94605255126953,33.52025575598236,32.60717829335148,33.36023020492783,3078100.0
2024-04-26,33.08725357055664,33.51555041515946,33.06842682265261,33.29434061583092,3168300.0
2024-04-29,32.927223205566406,33.36022757168993,32.82367790261633,33.17196730178195,3859000.0
2024-04-30,32.49848175048828,33.0034408636093,32.46990025637888,32.67950393730249,4824900.0
2024-05-01,33.06060791015625,33.75611880669332,32.55564515608853,32.63186732065454,4859400.0
2024-05-02,33.336910247802734,33.49887690766455,33.00344370510052,33.40360282944856,4209200.0
2024-05-03,33.718013763427734,34.137228474677975,33.657990433594385,33.860928530349135,3647300.0
2024-05-06,34.070533752441406,34.108644843229186,33.679904158050775,34.01337075073339,2462300.0
2024-05-07,33.88951110839844,34.332542538585024,33.860929607894015,34.24202960768954,2455400.0
2024-05-08,34.25156021118164,34.337308349706234,33.64179728588398,33.65132324150951,3485200.0
2024-05-09,34.3182487487793,34.442107964117646,33.97525623521051,34.05147840910281,3675100.0
2024-05-10,34.35635757446289,34.58501681214335,34.203916871184894,34.46115760495715,6154800.0
2024-05-13,34.242027282714844,34.72793456513941,34.18009949100219,34.54690871563978,3276200.0
2024-05-14,34.70888137817383,34.794629514161265,34.39447033472868,34.546911061542616,2070500.0
2024-05-15,35.099510192871094,35.51872127373577,34.8327398354548,35.089984237737745,2783800.0
2024-05-16,34.79462432861328,35.156672363766866,34.77556878629224,35.03281315591665,2046500.0
2024-05-17,35.40439224243164,35.47108483292098,34.85655713386332,35.09951079034509,5027700.0
2024-05-20,34.76604080200195,35.53777023133245,34.67076309596106,35.442496159764424,3816400.0
2024-05-21,34.84226608276367,35.11856603210381,34.680299402823735,34.680299402823735,5488500.0
2024-05-22,34.21344757080078,34.8756123082452,34.194392025938704,34.6993512441262,5300700.0
2024-05-23,33.46076202392578,34.34682466174133,33.30832133540228,34.28013208766684,3425800.0
2024-05-24,33.67990493774414,33.82281971426999,33.47982715818695,33.58463084304274,2349500.0
2024-05-28,33.02250289916992,33.87045464626491,32.851006631839084,33.6513213345585,4331900.0
2024-05-29,32.58423614501953,32.62234723415648,31.998289961577893,32.35557324467137,3803100.0
2024-05-30,32.78430938720703,32.984387125856,32.488953938863546,32.965331583917106,3084700.0
2024-05-31,33.622737884521484,33.68943046967343,32.851004726297525,32.889115813376726,7351200.0
2024-06-03,33.07966995239258,34.03242538987418,32.765258913476345,33.984784710421245,3849200.0
2024-06-04,32.5556526184082,33.222582173341245,32.431797024307855,32.6414007559635,5428700.0
2024-06-05,32.49848175048828,32.77478164178849,32.28410964124937,32.73667055999409,3703300.0
2024-06-06,32.45084762573242,32.76525499255086,32.265060628414005,32.56517724689611,3224200.0
2024-06-07,32.53659439086914,32.78430916545332,32.05068716089632,32.06974270270633,3702300.0
2024-06-10,32.755733489990234,33.041559398979786,31.269433674981517,32.3174632194344,12071800.0
2024-06-11,32.3651008605957,32.536597116780754,31.91253988225666,32.37462681506231,6270700.0
2024-06-12,33.49888229370117,34.12293596564108,33.27021938095541,33.27021938095541,7147700.0
2024-06-13,32.860538482666016,33.451245869413725,32.712858910123764,33.260694044325305,4897000.0
2024-06-14,32.46037292480469,32.72714324696138,32.11738043376148,32.4032062981398,3156400.0
2024-06-17,32.870059967041016,32.87958592148641,32.07927127256213,32.43179337308739,4937000.0
2024-06-18,33.1273078918457,33.341676417277824,32.53660052230996,32.72714870737244,6284200.0
2024-06-20,33.04155349731445,33.22257569263099,32.841475760205704,32.96533133014561,3691700.0
2024-06-21,33.1273078918457,33.241637529777925,32.74144309227842,33.07967084558008,7288600.0
2024-06-24,33.718013763427734,34.003839662797034,33.15588791972959,33.30832864169145,3601200.0
2024-06-25,33.336910247802734,33.79423236529113,33.241632535113624,33.60368057438602,5222200.0
2024-06-26,33.1368293762207,33.24163304454831,32.77478496587302,33.17970525620616,2782100.0
2024-06-27,32.993919372558594,33.07966750095634,32.58423427404417,32.77478607431397,3865200.0
2024-06-28,34.32777786254883,34.35636299762585,33.21305572533294,33.346440907446954,8195700.0
2024-07-01,34.137229919433594,34.76604837844831,34.137229919433594,34.49927437786952,4038400.0
2024-07-02,34.66123962402344,34.68029516659582,33.89903609349374,33.92761759011576,4813100.0
2024-07-03,34.34682846069336,34.83273570780606,34.203917343786706,34.766043126355,2517200.0
2024-07-05,33.57509994506836,34.40399607727208,33.48935181866982,34.28013686481348,6431300.0
2024-07-08,33.87045669555664,34.10864556631931,33.54651968594046,33.83234560396092,5211200.0
2024-07-09,34.585018157958984,34.785095907333336,33.784703525988405,33.832340566152794,5263300.0
2024-07-10,34.94706344604492,35.023281977395534,34.49450614850471,34.64218205169665,4769800.0
2024-07-11,36.39525604248047,36.46194862795535,35.29958590772455,35.423445124095046,6667500.0
2024-07-12,36.39525604248047,36.5524615515884,36.05226352605346,36.39525604248047,3809800.0
2024-07-15,36.83352279663086,37.30990048599984,36.52864136619257,36.96690796813844,4354800.0
2024-07-16,37.72911071777344,37.80533289095002,36.88115903078687,36.96690715837389,8452000.0
2024-07-17,38.98674774169922,39.41072722230075,37.04312956176933,37.176514731184064,14373100.0
2024-07-18,38.82478332519531,39.95856096542246,38.57230372066992,38.79620182565613,9121400.0
2024-07-19,39.06297302246094,39.21541374741355,38.42462862249487,38.653287892687,5799100.0
2024-07-22,39.44407272338867,39.45359867766722,38.51989887602122,38.91052842195958,6648400.0
2024-07-23,40.301551818847656,40.60643324947602,39.34879643951569,39.34879643951569,8802700.0
2024-07-24,40.2253303527832,41.03993570672786,40.02524897547595,40.40635255327988,7490200.0
2024-07-25,41.197147369384766,41.6592307109356,40.20628082641209,40.20628082641209,9362700.0
2024-07-26,41.18761444091797,41.88312542879805,40.98277188983543,41.43533287381808,5802900.0
2024-07-29,40.96847915649414,41.44485682110454,40.80651249507372,41.27336057108694,8362400.0
2024-07-30,41.15903091430664,41.68304561803878,41.09233833207563,41.23524945065359,5560800.0
2024-07-31,41.053199768066406,41.80845904957943,40.90888558324944,40.96661345926954,5603000.0
2024-08-01,39.16746520996094,41.1397883640688,39.02315102999522,40.98585103667881,5431800.0
2024-08-02,37.71468353271485,38.33043286873377,37.07006842333809,38.28232814001146,7856200.0
2024-08-05,36.84878540039063,37.0363964199952,35.45661459600771,36.319626020219886,6805500.0
2024-08-06,37.37794494628906,38.01774851349822,36.43507826994934,36.71409084860298,5405600.0
2024-08-07,36.93537139892578,38.522853038312434,36.90650929753322,38.0899031666474,5941700.0
2024-08-08,38.26308441162109,38.30156966155189,37.37313411036523,37.483774616221964,4651100.0
2024-08-09,38.08990478515625,38.474749947468,37.935967454262645,38.243842116049855,3250300.0
2024-08-12,38.00331497192383,39.29254150005608,37.87823974310688,38.38816013590424,5377800.0
2024-08-13,38.18611145019531,38.49879766295454,37.81088946294632,38.30156719254516,4491400.0
2024-08-14,38.59020233154297,38.68641178779969,38.15725243807674,38.41702237415648,2691000.0
2024-08-15,39.0520133972168,39.64852008613536,38.950992369508,39.28292122494792,4645000.0
2024-08-16,39.667762756347656,39.8217000849594,39.05201344190067,39.05201344190067,3917600.0
2024-08-19,40.023738861083984,40.04298148435315,39.52344533670616,39.63889740616603,2594600.0
2024-08-20,39.64852523803711,39.99488518956185,39.55712734594177,39.80246258647523,3523600.0
2024-08-21,39.57155227661133,40.03336425047678,39.18189555635351,39.927531651645154,2980100.0
2024-08-22,39.81208419799805,40.19692571915597,39.55231424438468,39.667766333716486,2971600.0
2024-08-23,41.26486587524414,41.659330527915934,39.9756393106317,40.187304523825794,5899900.0
2024-08-26,41.0916862487793,41.649711389877496,41.04358151906702,41.53425563438128,4037100.0
2024-08-27,40.66836166381836,41.10131159469197,40.61544535725849,40.94737424928755,4177500.0
2024-08-28,41.0916862487793,41.27448935990383,40.56252688163297,40.66835948909336,7314200.0
2024-08-29,41.06282424926758,41.46787363499424,40.61063171448136,41.19751896086629,5514000.0
2024-08-30,41.41880416870117,41.4380467949051,40.97623477647798,41.13017211595368,5165100.0
2024-09-03,41.053199768066406,41.44766808230376,40.83672665576321,41.13017026942653,4884500.0
2024-09-04,40.37972640991211,41.2648651585216,40.26427065736307,40.88964313812603,4787900.0
2024-09-05,40.023738861083984,40.90888118068999,39.84575101861566,40.812668064344166,5204000.0
2024-09-06,39.148223876953125,40.49517828867452,39.02315231755388,40.02374314352538,4990500.0
2024-09-09,39.87942886352539,40.15362985102329,39.21557113683694,39.49458369819425,5711500.0
2024-09-10,38.48436737060547,40.02374059736758,38.11876485294124,40.02374059736758,8306200.0
2024-09-11,38.15725326538086,38.29194797512284,37.05082614366217,37.99369645216719,7187800.0
2024-09-12,38.20535659790039,38.53247388252506,37.801272483446326,38.19573712048,4846000.0
2024-09-13,38.57096099853516,39.03277301031977,38.214981594272025,38.47475153905505,4415600.0
2024-09-16,39.06163024902344,39.28484174585292,38.715274035940205,38.715274035940205,3794000.0
2024-09-17,39.00391006469727,39.84094408860671,38.81148747973444,39.17709002414826,3195400.0
2024-09-18,39.177093505859375,39.98526549840196,38.78262882319906,38.95580879804075,4328000.0
2024-09-19,40.61063003540039,40.80305261693794,39.49458346666916,40.11033279146495,6338500.0
2024-09-20,40.07185363769531,40.44707567582831,39.81689159138031,40.43745252758322,9965700.0
2024-09-23,39.504207611083984,40.43264319553473,39.38875185715504,40.148819054820535,4410200.0
2024-09-24,39.21556854248047,39.91791147326873,38.96061019713177,39.5523089574066,3808200.0
2024-09-25,38.71527862548828,39.29254271921461,38.58058024480691,39.15784800868884,4774300.0
2024-09-26,38.98466491699219,39.26367746362922,38.73932604528339,39.119359616705154,4408200.0
2024-09-27,39.254051208496094,39.542683209336616,38.84996714135037,39.196327010421,3554900.0
2024-09-30,39.51382446289063,39.64371125989,38.89807516347896,39.24443506193685,4017900.0
2024-10-01,38.40740203857422,39.273301888906666,38.00331788852292,39.11936454553154,5415200.0
2024-10-02,38.532470703125,38.898073207575415,38.10914399860435,38.19573396886484,4139300.0
2024-10-03,38.51323318481445,38.54690686270406,37.84937910492403,38.3111911174768,4191100.0
2024-10-04,39.619659423828125,39.81208200890448,39.109742693008,39.28292265256117,4677900.0
2024-10-07,39.61003494262695,40.11995532643756,39.28292133021073,39.75435279411504,3604000.0
2024-10-08,39.64852523803711,39.970830987867565,39.44648315636631,39.61966313212868,5272800.0
2024-10-09,39.8986701965332,40.17287117515004,39.51382504366677,39.54268714557737,3959600.0
2024-10-10,39.735111236572266,40.18730375790299,39.5523118005785,39.69662598578763,3741100.0
2024-10-11,40.9954719543457,41.17634821243715,39.91791072122466,39.92753019797034,4844600.0
2024-10-14,41.63046646118164,41.71705643793629,40.697219341732136,41.024336623899096,4091100.0
2024-10-15,41.8325080871582,42.70802732305887,41.62084288612001,41.96720278958056,5528500.0
2024-10-16,40.80305099487305,42.55408944395942,39.86018441999233,40.72608416741101,10866300.0
2024-10-17,40.53366088867188,40.86077815754668,40.004501572297855,40.40858566729629,7366600.0
2024-10-18,40.86077880859375,40.956988260320045,40.216163737530536,40.7260841081148,5760300.0
2024-10-21,39.504207611083984,40.990664658902354,39.37913237940541,40.65873578912888,6356800.0
2024-10-22,40.03336715698242,40.16325029306127,39.2155720785542,39.48496516881737,4904700.0
2024-10-23,39.86980438232422,40.10071220783108,39.52825605284009,39.725490202768384,3323500.0
2024-10-24,40.15844345092773,40.41820972995297,39.6581461788188,40.02374506715728,2952000.0
2024-10-25,39.93714904785156,40.68759667766742,39.83132012468938,40.6779735309176,4645500.0
2024-10-28,41.120548248291016,41.21675769888454,40.22578641118109,40.37010058707139,4163200.0
2024-10-29,40.639495849609375,41.226379402171005,40.49036642193431,40.88964263675405,3501300.0
2024-10-30,41.49465560913086,41.82505816151047,40.48401207161498,40.542319712746135,4102800.0
2024-10-31,40.93102645874024,41.72787902417564,40.906734388376265,41.29058468747255,3933800.0
2024-11-01,40.63949203491211,41.72787529659526,40.62491605259278,41.10594200420489,3305600.0
2024-11-04,40.41598892211914,40.6978036310962,40.046714603701446,40.63949598913072,4769500.0
2024-11-05,41.028202056884766,41.261425187232014,40.4159848524473,40.53259641762093,2971700.0
2024-11-06,46.94629287719727,46.985160928458505,43.496500323995086,43.80747068318933,11578800.0
2024-11-07,44.73065185546875,46.55758375848664,44.51686459415819,46.47012415390028,5227700.0
2024-11-08,44.51686096191406,45.04161483960124,44.29335392554431,44.99302699813211,6097500.0
2024-11-11,45.16794967651367,45.877342596314506,44.94930251953255,45.04161831333915,4430500.0
2024-11-12,45.10963821411133,45.5566559904472,44.83754333835313,44.83754333835313,3259600.0
2024-11-13,45.10963821411133,46.13971749764752,44.98331056866054,45.44004072339542,2994200.0
2024-11-14,45.26512908935547,45.67813133435748,44.95415872443205,45.36230477982125,2838300.0
2024-11-15,45.45948028564453,45.653835372801645,44.837546972353735,45.09020969776247,3794000.0
2024-11-18,45.25541305541992,45.64412326360272,45.1388014757712,45.28456502357829,4758400.0
2024-11-19,44.75008392333984,45.027038696437145,44.41968141271371,44.41968141271371,3718800.0
2024-11-20,44.81811141967773,45.03190238781068,44.46827300164746,44.73065181517016,2420900.0
2024-11-21,45.44976043701172,45.984234102187656,45.12907401369737,45.29427712156028,3589500.0
2024-11-22,46.30492401123047,46.479843217657695,45.36230425515208,45.70242287486339,2761000.0
2024-11-25,47.09206008911133,47.85976069347198,46.64504595505899,46.68391771637185,4462400.0
2024-11-26,46.742218017578125,47.2086717030399,46.62560644972014,46.93657310201805,2582100.0
2024-11-27,46.8005256652832,47.37387112564857,46.57701861558347,47.06290447328243,2120100.0
2024-11-29,46.78108978271485,47.02403271154657,46.227180201539696,46.93657310888655,1977700.0
2024-12-02,45.75101089477539,46.86854606399736,45.55665582408016,46.78108646753523,4491100.0
2024-12-03,45.47891616821289,45.99395770526717,45.17280940815432,45.93565006701151,3542900.0
2024-12-04,45.28456115722656,45.54208377969442,44.75008744686952,45.47891624472411,2762200.0
2024-12-05,45.44976043701172,46.08140978421432,45.323429084765344,45.50806807043651,3396200.0
2024-12-06,45.702423095703125,45.82389456147484,45.00274997362825,45.53722368162078,2616700.0
2024-12-09,44.67234802246094,45.71214348649907,44.44884096736082,45.62468388171946,4429400.0
2024-12-10,45.0902099609375,46.810242668727525,44.19617803760262,45.09992604719533,6743000.0
2024-12-11,44.92500686645508,45.595528029113225,44.78895941667067,45.177669593496105,6510400.0
2024-12-12,44.254486083984375,45.05133861700874,44.01639933780129,44.80839568115948,3878700.0
2024-12-13,44.409969329833984,44.5946046262014,43.92408345906341,44.44884108917923,4833000.0
2024-12-16,44.390533447265625,44.58780225075813,44.07956678655394,44.516864811621936,2946500.0
2024-12-17,43.47706604003906,44.22047077263974,43.31672282519958,43.92408011745696,3078700.0
2024-12-18,41.45578002929688,44.225327855119545,41.42662806492447,44.16702392637473,4574900.0
2024-12-19,41.251712799072266,42.67049870807407,40.940746126058585,42.427555763093686,5508900.0
2024-12-20,42.223480224609375,42.57331862242574,40.95045798966978,40.98932974654155,12936600.0
2024-12-23,42.340091705322266,42.5295868859327,41.86392565912699,41.92222958730573,2052800.0
2024-12-24,42.75795364379883,42.75795364379883,42.21376017198881,42.34981132020238,831800.0
2024-12-26,42.6607780456543,42.78710569444355,42.29150377092747,42.55388256820589,2156300.0
2024-12-27,42.3886833190918,42.9814646884133,42.13602429147063,42.3886833190918,2102100.0
2024-12-30,42.330379486083984,42.67535801837264,41.65013850808568,42.00969302375039,2580400.0
2024-12-31,42.52473068237305,42.86971292012398,42.233199895118894,42.44699086904565,2648600.0
2025-01-02,42.36924743652344,43.14666781349936,42.2915076230349,42.73852174488549,2665900.0
2025-01-03,43.30215072631836,43.33130269271613,41.75703348798052,42.466426424108384,2635900.0
2025-01-06,43.53537368774414,44.186462688327865,43.30215054351642,43.67142113971282,4662600.0
2025-01-07,43.43819808959961,44.205898663960525,43.04948790569116,43.79775260015514,2778600.0
2025-01-08,43.51593399047852,43.66170122309477,42.60246995952548,43.32158262300979,2617800.0
2025-01-10,42.07771682739258,42.86485329426731,41.86198337619829,42.66078211260112,4074800.0
2025-01-13,42.9134407043457,42.95231246436684,41.74926003572858,41.83477345935701,4302000.0
2025-01-14,44.409969329833984,44.54601678052735,43.29243034425565,43.44791367462164,4091700.0
2025-01-15,45.75101089477539,46.164013103118606,45.226253316002655,45.94536225845598,4279500.0
2025-01-16,45.47891616821289,45.71214301422058,44.41968483549893,45.38174047813508,6053300.0
2025-01-17,46.19803237915039,46.917141437050326,44.60432721622055,44.98331762606176,6399900.0
2025-01-21,46.94629287719727,47.31556345977592,46.47012310585177,46.74221799975496,4295400.0
2025-01-22,45.702423095703125,46.790810098068405,45.64411916462228,46.654758942511535,4488300.0
2025-01-23,46.0036735534668,46.45554755331925,45.84819022593773,45.857906312089256,3845700.0
2025-01-24,46.12028503417969,46.65475873985055,45.6829870178981,45.6829870178981,2317600.0
2025-01-27,46.20774459838867,46.68391437282956,45.74615451365729,46.11056890908152,2654800.0
2025-01-28,46.01339340209961,46.34379596349253,45.23597670088545,46.07170104482139,3861800.0
2025-01-29,46.2757682800293,47.07748069063314,45.90649769538753,45.90649769538753,3363400.0
2025-01-30,46.99488067626953,47.50020241232795,46.58673462879296,46.75193774779999,3827600.0
2025-01-31,46.63217544555664,47.30857101470329,46.23516106143708,46.83803447884145,5102400.0
2025-02-03,45.455833435058594,46.06361308196587,44.63239354070906,45.23036823939638,4664700.0
2025-02-04,46.11262893676758,46.49493966785619,45.58327389087923,45.68130094108421,2939100.0
2025-02-05,46.71060180664063,46.76941653862591,45.90676806057666,46.5243451833749,3801700.0
2025-02-06,47.36738967895508,47.41150446597881,46.6125694809787,47.0733048102675,3169100.0
2025-02-07,46.98508071899414,47.4654184831243,46.47533184925959,47.39679880253428,2068200.0
2025-02-10,46.42631530761719,47.146825646462375,46.2302574874667,46.9654715084121,3368400.0
2025-02-11,46.24005889892578,46.74196602323882,45.50484487474916,46.19104537854573,4720200.0
2025-02-12,45.24997329711914,45.75481967291329,45.00490195046241,45.64208894756671,3428900.0
2025-02-13,45.14213943481445,45.4264230826288,44.651996761820826,45.29898494059274,3134900.0
2025-02-14,45.43622589111328,45.89696121659316,45.24997301503237,45.26957917138173,2325600.0
2025-02-18,45.87735366821289,46.13124646717315,45.4362245124673,45.622481122388685,2664700.0
2025-02-19,46.45572280883789,46.96547164693589,45.3283968837584,45.3283968837584,6633100.0
2025-02-20,45.26957702636719,46.84783701253353,44.76962941187769,46.59296073156074,3970000.0
2025-02-21,43.995208740234375,45.61267736761187,43.84816443797644,45.61267736761187,2873800.0
2025-02-24,43.495262145996094,44.4559413891478,43.26979695276078,44.43633897190303,2715000.0
2025-02-25,43.53447341918945,44.465745274728704,43.07373809561392,43.76974355491728,3831700.0
2025-02-26,44.1030387878418,44.56867282533406,43.62759980290173,43.8285563516802,3697400.0
2025-02-27,44.27949142456055,45.03431166030488,43.97070285791194,44.24028284906784,2800500.0
2025-02-28,44.86766052246094,45.22056384366667,44.11284036088019,44.59318182351951,3821800.0
2025-03-03,44.1618537902832,45.45583013907945,43.7207246396727,44.99509857243454,3702300.0
2025-03-04,42.73064041137695,43.730531960529696,41.31903079230414,43.38742982943763,7131400.0
2025-03-05,42.48556900024414,43.093344895673965,41.91700167844476,42.61300714814608,5540200.0
2025-03-06,41.5346908569336,42.13266554214008,41.15238015379948,42.07384707262253,4290600.0
2025-03-07,40.81908416748047,41.515085916105086,39.77017907040052,41.42686007899125,5011800.0
2025-03-10,39.02516555786133,40.17209775254643,38.34876619633623,39.82899933691215,7375600.0
2025-03-11,39.123191833496094,39.64274192102371,38.3291592794039,38.878120473040845,10095600.0
2025-03-12,39.67215347290039,39.946632203056886,38.853612277768434,39.74077315543951,5917300.0
2025-03-13,38.94673538208008,39.975054475123336,38.84380587204144,39.85840103041288,5315300.0
2025-03-14,39.89761734008789,39.946630863187245,39.12319096084493,39.37806352465683,4880500.0
2025-03-17,40.05446243286133,40.24953677625658,39.32904958441185,39.71136029582076,3793800.0
2025-03-18,40.152488708496094,40.45637852585218,39.77998295243741,40.191701021605006,4117200.0
2025-03-19,40.54460525512695,40.97592949036521,39.85840471854948,40.20150311709217,3510400.0
2025-03-20,40.18190002441406,40.89260544066415,40.04465692781102,40.08386924112617,4114500.0
2025-03-21,40.3779525756836,40.5985190250701,39.55941519870699,39.85840253224799,17066500.0
2025-03-24,41.407257080078125,41.66703211362957,40.79457870302584,41.073959893382,4815500.0
2025-03-25,41.43666458129883,41.80917408282485,41.29942522270821,41.5837051485779,4050300.0
2025-03-26,41.16218566894531,42.19148459298659,41.020043836938406,41.63272221309298,3087100.0
2025-03-27,40.436771392822266,41.338632135596974,40.42697018452772,41.17198541814631,3023400.0
2025-03-28,39.45648956298828,40.7406648552307,39.13299356788825,40.2897307039253,3525200.0
2025-03-31,40.16229248046875,40.319137988819584,38.78498900391197,39.01535666231611,5132700.0
2025-04-01,39.7897834777832,40.13288186286525,39.34865431161205,39.86820436316256,3935400.0
2025-04-02,40.83868789672852,40.85829405264292,39.26042787079205,39.26042787079205,3274800.0
2025-04-03,35.50593948364258,38.72127449852847,35.48633332629667,38.72127449852847,6962300.0
2025-04-04,33.594383239746094,34.20706165364687,31.95730457326725,33.63359555571389,8827700.0
2025-04-07,34.15314102172852,35.652976378891026,32.123950689276256,32.83955853091235,7997300.0
2025-04-08,33.72181701660156,35.996078694426735,33.10423620855238,35.55494954582017,5873100.0
2025-04-09,36.73129653930664,37.368479829978426,32.18277270768184,32.927787994796034,10045800.0
2025-04-10,34.104129791259766,35.76081076267676,33.04541976964984,35.652978770902564,9122000.0
2025-04-11,34.13353729248047,34.476635686318176,33.065026058039,33.72181921987522,6848100.0
2025-04-14,34.88835525512695,35.143227797090894,34.182548616624054,34.8785540471441,7366100.0
2025-04-15,35.388301849365234,35.83923598054194,35.143230496559404,35.16283665352292,7316700.0
2025-04-16,34.76091766357422,35.8980485216319,34.192354104291304,35.27066649504722,8753900.0
2025-04-17,34.75111770629883,35.30007512957415,34.71190539335288,35.025596417936484,4654900.0
2025-04-21,33.8100471496582,34.599173504365815,33.28069210395414,34.43742924553313,5947500.0
2025-04-22,35.11382293701172,35.167738933490725,34.23156457598447,34.2903830465503,4961100.0
2025-04-23,35.77061462402344,37.29495492668338,35.5755365499498,36.280359723210175,4647600.0
2025-04-24,36.70188522338867,36.79011106183761,35.56965674620419,35.65298011043591,4389000.0
2025-04-25,36.329376220703125,36.63326228428456,36.10391104016174,36.29996511750776,3350600.0
2025-04-28,36.60385513305664,36.8391252625261,36.08430509398855,36.39799610695327,3762000.0
2025-04-29,36.809715270996094,37.00087062093619,36.211740590879096,36.33917873733648,4515000.0
2025-04-30,36.57178497314453,36.68083671440915,35.59032686534604,35.82825449920381,4811700.0
2025-05-01,36.96833801269531,37.4838529555056,36.39829719639026,36.67092656386408,3201200.0
2025-05-02,38.31660842895508,38.42169307954317,37.553249958956265,37.77134967767602,4876200.0
2025-05-05,38.3760871887207,38.88169005385394,37.84074431332966,37.84074431332966,4765700.0
2025-05-06,37.870487213134766,38.336430417293535,37.71186752584402,37.86057135542129,4353600.0
2025-05-07,37.75152587890625,38.594192314038736,37.602818257745504,38.20755703717108,3489000.0
2025-05-08,38.6635856628418,39.01552297595779,38.10841486623805,38.405830089077845,3869000.0
2025-05-09,38.78255081176758,38.94117050454772,38.50000936582195,38.752810801181234,3512800.0
2025-05-12,41.23124694824219,41.736846050458496,40.80495580360465,40.85452374981536,6897700.0
2025-05-13,41.508827209472656,41.82111243145619,41.1420198981976,41.32046751596202,4822600.0
2025-05-14,41.23124694824219,41.60797014666901,41.07262725129277,41.41960665655966,3571400.0
2025-05-15,41.36012649536133,41.58814207260079,40.92391949386681,41.2510747449877,3890000.0
2025-05-16,41.45926284790039,41.662496345270526,40.99331582996255,41.23124726812857,2962900.0
2025-05-19,41.22133255004883,41.40969224775751,40.75538556196903,40.86443730656572,2801300.0
2025-05-20,40.94374465942383,41.27585403543275,40.81486498299066,41.092452269292224,2315400.0
2025-05-21,39.29806518554688,40.84461000393913,39.2782372515146,40.527370623006114,3606200.0
2025-05-22,39.426944732666016,39.73427203644052,39.07996156096092,39.16918537290889,3433200.0
2025-05-23,39.22866821289063,39.40215790359323,38.4613464743867,38.47522564964291,3461300.0
2025-05-27,40.07133483886719,40.11594863492472,39.37737607167584,39.82349134150124,4661300.0
2025-05-28,39.38729095458984,40.19030530472882,39.32780714953781,40.110993564659424,5167500.0
2025-05-29,39.912715911865234,39.93254384584708,39.35259095859696,39.754096221802165,4553100.0
2025-05-30,40.0019416809082,40.120909290619565,39.4566867060028,39.81358197155307,7319300.0
2025-06-02,39.71444320678711,39.85323495962226,39.06013652785593,39.82349116844928,4901500.0
2025-06-03,40.47780227661133,40.54224022523215,39.44677240792805,39.65496004051072,4537100.0
2025-06-04,39.82349395751953,40.79504385899215,39.79375394605531,40.44806067081138,3575400.0
2025-06-05,39.922630310058594,40.24978175431814,39.35258951974597,39.86314651028796,5967200.0
2025-06-06,41.01314163208008,41.07758336291538,40.51250048117399,40.69590225221795,4759600.0
2025-06-09,40.99331283569336,41.53857155378992,40.93383281684038,41.22133218060191,4422000.0
2025-06-10,41.60796737670898,41.75667120544149,40.79999515827498,40.9536606976277,6139500.0
2025-06-11,41.04288482666016,42.13339470634296,40.98835895449685,41.88555120807035,7073900.0
2025-06-12,40.81486511230469,40.86443683694562,40.24978224388101,40.77521302710022,5923700.0
2025-06-13,39.98211669921875,40.65624756465393,39.8185390755993,40.39353405012125,4457600.0
2025-06-16,40.656246185302734,40.99331349748049,40.205172980621846,40.4678864862414,5069900.0
2025-06-17,40.10107803344727,40.77521263879456,39.902802482146605,40.25969771812947,4319800.0
2025-06-18,40.96357345581055,41.27585490496286,40.06142326535661,40.06142326535661,5895200.0
2025-06-20,41.3502082824707,41.53857176122348,41.01314097405125,41.10732271342764,6122300.0
2025-06-23,42.13339614868164,42.17800616463784,41.01810036827536,41.0924541766608,4511400.0
2025-06-24,42.54977035522461,43.124769091707385,42.34158272241189,42.44567653881825,5068900.0
2025-06-25,42.748046875,42.80753067791151,42.30192780764313,42.52994716124136,3008900.0
2025-06-26,43.73942184448242,43.84847359461382,42.956239222414105,43.00580716834878,4707300.0
2025-06-27,44.04674911499024,44.21528088735373,43.655155913461584,43.80881768023911,7484300.0
2025-06-30,44.36398696899414,44.76053808590296,44.19545520247252,44.31441902482848,7340600.0
2025-07-01,45.70233917236328,45.75686504405367,44.25493406263499,44.31441786314949,6367100.0
2025-07-02,46.62431716918945,46.67388889372902,45.608161106585776,45.79156287293236,5412300.0
2025-07-03,47.30836868286133,47.51159838715741,46.83250961473815,47.090265191799645,3302900.0
2025-07-07,46.6540641784668,47.432292656845824,46.34673686136348,47.04069945307917,4801400.0
2025-07-08,47.1200065612793,47.66030737560068,46.6540633375562,47.01095481260204,7950600.0
2025-07-09,46.9713020324707,47.74457255634935,46.644146791265584,47.704916687998704,7336000.0
2025-07-10,47.48681640625,47.70987404491213,46.87216179956058,47.0902652910821,5402700.0
2025-07-11,47.25879669189453,47.47690018173168,46.86224936158079,47.080352851417935,3750300.0
2025-07-14,47.46698760986328,47.50663969522625,46.941556824543845,47.15966031210254,4945500.0
2025-07-15,46.28725051879883,47.49672800427517,46.23768257534967,47.30836830645168,5823700.0
2025-07-16,46.56483840942383,46.73337017568121,45.68251614656644,46.66397429759973,6483700.0
2025-07-17,48.39888000488281,48.96892083040893,46.53509576331086,46.88207894405328,13406400.0
2025-07-18,48.16094970703125,49.25145957103236,48.01720002628528,49.25145957103236,9470100.0
2025-07-21,48.1807746887207,48.815257222810885,48.09155087781674,48.23034641394975,4702700.0
2025-07-22,48.70620727539063,48.84499903485326,47.76440118816183,48.17086439021318,6143200.0
2025-07-23,49.449737548828125,49.52904550449355,48.43357765796036,48.81525877633757,6110100.0
2025-07-24,48.85491180419922,49.54887439314811,48.73099004837948,49.54887439314811,2708400.0
2025-07-25,49.06310272216797,49.10275480945955,47.98250487129202,48.91439510400111,5220000.0
2025-07-28,48.904483795166016,49.1721514612004,48.64672442387025,49.02344762249151,3068400.0
2025-07-29,48.66654968261719,49.3208563696158,48.47323205567157,49.31094429363034,2812300.0
2025-07-30,48.27000045776367,49.0234468430265,47.86353725422172,48.76568747582907,3461900.0
2025-07-31,47.720001220703125,48.310001373291016,47.630001068115234,48.0,4652700.0
2025-08-01,46.81999969482422,47.16999816894531,45.90499877929688,47.16999816894531,5799000.0
2025-08-04,47.58000183105469,47.65999984741211,46.70000076293945,47.0099983215332,4873800.0
2025-08-05,47.29999923706055,47.869998931884766,46.619998931884766,47.790000915527344,4959900.0
2025-08-06,46.93000030517578,47.64500045776367,46.91999816894531,47.400001525878906,4012400.0
2025-08-07,46.63999938964844,47.43000030517578,46.52999877929688,47.43000030517578,3709300.0
2025-08-08,47.27999877929688,47.45500183105469,46.625,47.060001373291016,3150600.0
2025-08-11,46.93000030517578,47.560001373291016,46.790000915527344,47.36000061035156,3410800.0
2025-08-12,48.13999938964844,48.18000030517578,47.209999084472656,47.34999847412109,3851700.0
2025-08-13,48.54999923706055,48.650001525878906,47.900001525878906,48.400001525878906,3968900.0
2025-08-14,49.209999084472656,49.25,47.91999816894531,48.040000915527344,3696800.0
2025-08-15,48.27999877929688,49.43000030517578,48.27000045776367,49.369998931884766,2961700.0
2025-08-18,48.540000915527344,48.58000183105469,48.01499938964844,48.18999862670898,2613500.0
2025-08-19,48.38999938964844,49.0099983215332,48.244998931884766,48.43000030517578,3998900.0
2025-08-20,48.810001373291016,48.915000915527344,48.04999923706055,48.380001068115234,4342600.0
2025-08-21,48.459999084472656,48.744998931884766,48.15499877929688,48.52999877929688,2897700.0
2025-08-22,50.77000045776367,50.78499984741211,48.68000030517578,48.77000045776367,5327100.0
2025-08-25,50.68999862670898,50.880001068115234,50.369998931884766,50.63999938964844,2935400.0
2025-08-26,51.310001373291016,51.400001525878906,50.470001220703125,50.5,4097200.0
2025-08-27,51.900001525878906,52.025001525878906,51.060001373291016,51.060001373291016,2991400.0
2025-08-28,52.15999984741211,52.20000076293945,51.7400016784668,52.119998931884766,3833100.0
2025-08-29,52.27999877929688,52.525001525878906,51.9900016784668,52.18999862670898,2617400.0
2025-09-02,51.59999847412109,51.8650016784668,50.994998931884766,51.400001525878906,5375500.0
2025-09-03,51.66999816894531,52.21500015258789,51.060001373291016,51.61000061035156,3084100.0
2025-09-04,52.5099983215332,52.51499938964844,51.61000061035156,51.93000030517578,2806800.0
2025-09-05,51.709999084472656,52.84999847412109,51.25,52.61000061035156,2997600.0
2025-09-08,51.70000076293945,51.869998931884766,50.91999816894531,51.869998931884766,3396100.0
2025-09-09,51.709999084472656,52.30500030517578,51.459999084472656,51.72999954223633,3971000.0
2025-09-10,51.810001373291016,52.13999938964844,51.5,52.0099983215332,3332400.0
2025-09-11,51.7599983215332,52.10499954223633,51.40999984741211,51.810001373291016,4397900.0
2025-09-12,51.81999969482422,52.07500076293945,51.494998931884766,51.66999816894531,3733200.0
2025-09-15,51.34000015258789,52.040000915527344,51.23500061035156,51.86000061035156,2861800.0
2025-09-16,51.130001068115234,51.41999816894531,50.415000915527344,51.41999816894531,4780000.0
2025-09-17,52.27000045776367,53.0,51.150001525878906,51.150001525878906,6756000.0
2025-09-18,53.63999938964844,53.755001068115234,52.29999923706055,52.61000061035156,6608900.0
2025-09-19,53.54999923706055,53.775001525878906,53.18999862670898,53.58000183105469,9097700.0
2025-09-22,52.54999923706055,53.56999969482422,52.27999877929688,53.0,3353700.0
2025-09-23,53.11000061035156,53.88999938964844,52.59000015258789,52.720001220703125,4515700.0
2025-09-24,53.150001525878906,53.59000015258789,52.459999084472656,53.119998931884766,4058700.0
2025-09-25,52.88999938964844,53.15499877929688,52.54499816894531,52.83000183105469,4490300.0
2025-09-26,53.380001068115234,53.66999816894531,52.81999969482422,53.2599983215332,3311800.0
2025-09-29,53.650001525878906,54.5,52.93000030517578,54.5,4604600.0
2025-09-30,53.15999984741211,54.0,52.20500183105469,53.7599983215332,4843700.0
2025-10-01,52.7400016784668,53.36000061035156,52.43000030517578,53.2599983215332,3935400.0
2025-10-02,52.97999954223633,53.130001068115234,52.334999084472656,52.58000183105469,3322000.0
2025-10-03,53.81999969482422,53.95500183105469,53.15499877929688,53.38999938964844,6819100.0
2025-10-06,54.0,55.2400016784668,53.52000045776367,54.20000076293945,4402100.0
2025-10-07,53.130001068115234,54.44499969482422,53.04999923706055,54.31999969482422,4403100.0
2025-10-08,52.0099983215332,53.5099983215332,51.9900016784668,53.5099983215332,6304000.0
2025-10-09,51.84999847412109,52.68000030517578,51.7599983215332,52.560001373291016,7662500.0
2025-10-10,49.25,52.29999923706055,49.209999084472656,52.060001373291016,5751400.0
2025-10-13,50.25,50.5099983215332,49.709999084472656,50.119998931884766,3521500.0
2025-10-14,50.61000061035156,50.7599983215332,50.0,50.0,987775.0
