Date,Close_ES,High_ES,Low_ES,Open_ES,Volume_ES
2023-10-13,50.1186637878418,50.17331013931351,48.92558131176596,49.56310470772621,4951000.0
2023-10-16,51.18424224853516,51.40282069393638,49.04397383567758,50.31902750607111,3413700.0
2023-10-17,50.510284423828125,51.49389784909593,50.30992142827641,50.601361671116855,2103500.0
2023-10-18,49.62685394287109,50.73796848156747,49.44470293635385,50.4192068258434,3090000.0
2023-10-19,49.08951568603516,50.02758878068275,49.00754789796213,49.43559881412849,2376500.0
2023-10-20,48.72521209716797,49.9274039681681,48.6068134127423,49.12594156275409,2906000.0
2023-10-23,47.77803421020508,48.62503358442621,47.55034628109708,48.14233628647472,3189700.0
2023-10-24,49.20791244506836,49.54489307008403,48.19697751850527,48.470205803489215,2546500.0
2023-10-25,49.380958557128906,49.508463239950885,48.41556049909647,48.4702068521239,2372200.0
2023-10-26,49.32630920410156,50.4556427782888,49.29898776637054,49.61774945403856,2644200.0
2023-10-27,48.415557861328125,49.71793300646886,48.25162228541937,49.180589390821694,2296800.0
2023-10-30,48.62503433227539,49.15327200356641,47.76892895638962,48.670571223948926,2651700.0
2023-10-31,48.98933410644531,49.26255891785809,48.3062703407924,48.87093541427772,2919700.0
2023-11-01,48.351810455322266,48.99844336278517,47.38641235141493,48.33359500344754,3497500.0
2023-11-02,49.43560028076172,49.76347144278094,48.67967818987692,48.73432106738548,2797400.0
2023-11-03,50.48296356201172,51.284425976076406,50.027587743104334,50.4465326626811,4049300.0
2023-11-06,51.51211929321289,51.55765618503568,49.80901105025487,49.936519211297686,5270700.0
2023-11-07,51.32085418701172,52.4957246516009,50.66511536022856,51.33906963695595,3137900.0
2023-11-08,50.71976089477539,51.311750889151256,50.0002696925894,51.15692129362935,2249200.0
2023-11-09,49.399173736572266,51.12049389369026,49.37184882308775,50.97477376066022,2427100.0
2023-11-10,48.99843978881836,49.863654581426665,48.84361367053957,49.69971900075385,2398300.0
2023-11-13,48.29716110229492,48.9437974438687,47.80535782916824,48.9437974438687,2981600.0
2023-11-14,51.211570739746094,51.34818489262097,49.3991766938271,49.71793841821218,2972900.0
2023-11-15,52.140533447265625,52.47751059457375,51.03852475320261,51.1933508704754,3170600.0
2023-11-16,52.35000228881836,53.078602884237625,51.78533726164864,52.568584204564985,2821600.0
2023-11-17,53.28807830810547,53.64327437526956,52.18606962897712,52.486619345598605,5534200.0
2023-11-20,53.09682083129883,53.36093964526409,52.02213359965702,52.87824237951105,2658800.0
2023-11-21,53.57041549682617,53.76167252279557,52.81449338141479,53.19700743335359,2660800.0
2023-11-22,54.21704864501953,54.280800987321626,53.260760036245976,53.81631913994319,3809000.0
2023-11-24,53.97114944458008,54.28991465502216,53.688818613729566,54.107763602518446,946600.0
2023-11-27,53.77077865600586,54.14418669635693,53.37915516560817,54.034897470319066,2353100.0
2023-11-28,54.58134841918945,54.854573228135074,53.56130751114623,53.825422857723225,2586800.0
2023-11-29,54.3809814453125,55.40102581835647,54.14418753950274,54.7999263801831,2562000.0
2023-11-30,54.107757568359375,54.69974755441644,53.65238172500532,54.626885751843645,6350200.0
2023-12-01,55.3554801940918,55.36458965551207,53.916494497189,54.19882526486908,2103300.0
2023-12-04,55.27352142333984,55.71979130116264,54.16240667159874,54.74528722482204,2223500.0
2023-12-05,54.81814193725586,55.43745335272352,54.29901376167884,55.19154998414884,2029700.0
2023-12-06,55.191551208496094,55.5012069230992,54.73617536197635,55.246197560805584,2653100.0
2023-12-07,54.982078552246094,55.32816516723217,54.18972555473768,55.32816516723217,2712500.0
2023-12-08,54.32633590698242,55.26440897046068,54.16240033628346,55.05493651328795,1923500.0
2023-12-11,55.364593505859375,55.47388273081216,53.88006734709655,53.98935657204934,2885300.0
2023-12-12,54.83635711669922,55.3737007399872,54.46294907165109,55.3737007399872,1773300.0
2023-12-13,57.45932388305664,57.5686131123499,54.39009168073624,54.79992715914644,2357900.0
2023-12-14,57.86005401611328,58.79812714930636,57.595938665240446,57.89648491769643,3227700.0
2023-12-15,56.90730667114258,57.846250041268846,56.069622416160136,57.34916175504576,6718600.0
2023-12-18,57.05458450317383,57.634520763957056,56.704781289036944,56.79683661462645,4266600.0
2023-12-19,56.70478439331055,57.45041676942252,56.50226968903032,57.45041676942252,2339600.0
2023-12-20,55.71981048583984,57.08219766039144,55.66458080366777,56.79683493836501,2264800.0
2023-12-21,56.06961441040039,56.50226565458458,55.60934832477518,56.00517743933698,1106400.0
2023-12-22,56.22610855102539,57.091407556243865,55.959153369828144,56.161668066295306,1062200.0
2023-12-26,56.5574951171875,56.750809541176345,56.04199935068801,56.12484738623993,951900.0
2023-12-27,56.48386001586914,56.732404147369216,56.17087890711555,56.548296993122655,1318500.0
2023-12-28,57.03617477416992,57.12823010191589,56.189286828217206,56.189286828217206,937700.0
2023-12-29,56.81524658203125,56.944120523815,56.28133623858252,56.64955051072313,1485900.0
2024-01-02,58.67472839355469,58.76678021586908,56.51147545364724,56.621938342734886,2188000.0
2024-01-03,59.18102264404297,59.50320754569753,57.90148330382619,58.42618643597908,2511800.0
2024-01-04,57.89227294921875,59.50320439530505,57.82783597229945,59.21784164367725,2351100.0
2024-01-05,57.13743209838867,57.85544607467386,56.76001404527061,57.717368354685256,3340600.0
2024-01-08,57.87385559082031,57.88306287883744,56.91650481857803,56.999349341423134,1806600.0
2024-01-09,53.39086532592773,55.029411448440754,53.354043196723694,55.029411448440754,7426200.0
2024-01-10,53.722259521484375,53.84192969020123,52.59000534176789,52.79252003703682,3414900.0
2024-01-11,52.58080291748047,53.602594311433016,51.82596672784114,53.501335198655454,2717500.0
2024-01-12,52.35987854003906,53.077892614906176,52.12974546357631,52.921403808456496,2195400.0
2024-01-16,51.77073287963867,52.38748777293725,51.52218876230065,52.1757657866608,2617800.0
2024-01-17,50.40834045410156,51.88119404384286,50.21502953975508,51.10794687490536,2880700.0
2024-01-18,49.70873641967773,50.47277979463602,49.294496247203455,50.17820627411425,2993700.0
2024-01-19,49.165626525878906,49.77317766045493,48.797412227295695,49.70874068493564,5158000.0
2024-01-22,48.58568954467773,49.71794375614678,48.44761181833376,49.3405256856571,3718700.0
2024-01-23,48.6777458190918,49.19324162593615,47.950524506948575,48.79741248193677,4203100.0
2024-01-24,48.93549346923828,49.30370776783718,48.65933450106501,49.13801168462285,6364800.0
2024-01-25,50.50040054321289,50.68450769824425,49.5890720571612,50.141393522255285,4503500.0
2024-01-26,50.73973083496094,51.67867404398425,50.41754598892172,50.83178615636604,4415800.0
2024-01-29,50.776554107666016,51.14476837848045,50.17820679548044,50.610858036954674,2756400.0
2024-01-30,50.454368591308594,51.01589025517151,50.316287363679926,50.57403524293185,3605200.0
2024-01-31,49.91126251220703,51.07113166704156,49.76397748442563,50.58325067093168,6070200.0
2024-02-01,51.512977600097656,51.52218488794652,49.63509119579109,49.90204635858546,2422500.0
2024-02-02,50.81338119506836,51.44854718706915,49.994108049696464,50.693711018644365,2443300.0
2024-02-05,49.42337417602539,50.33470262901993,49.38655555559619,50.12298063745695,2224900.0
2024-02-06,49.46940612792969,49.7179467526387,49.22086199166871,49.45099506099717,2942800.0
2024-02-07,49.51543426513672,49.68113036342519,48.79741666870266,49.63510093824896,2379600.0
2024-02-08,49.77317428588867,49.80999641556085,48.52124996944701,49.20244532217611,3148500.0
2024-02-09,50.6108627319336,50.87781792746091,49.48781226216479,49.59827866058759,3498000.0
2024-02-12,51.06192779541016,51.49457558847608,50.49119524119648,50.61086542340929,2375600.0
2024-02-13,50.16901016235352,51.4025235802019,49.48781471781848,50.72132813566687,3391800.0
2024-02-14,52.52557373046875,54.17332386075503,51.54980823893028,53.40007659670899,8427100.0
2024-02-15,53.96159362792969,54.707225933286495,52.94900966796003,53.63940878018065,5745800.0
2024-02-16,54.19173049926758,54.2837858276739,53.02265416514521,53.76828652325367,5241800.0
2024-02-20,52.949012756347656,54.81769200539055,52.93980546784552,54.04444481413975,3555300.0
2024-02-21,53.77749252319336,54.64279508822116,52.95821938004718,53.21597079868723,3286400.0
2024-02-22,53.49212265014648,53.94318142749574,52.801723552465816,53.179141585402526,3568200.0
2024-02-23,54.19173049926758,54.61517798683321,53.271198284514696,53.41848329841309,2184300.0
2024-02-26,53.05947494506836,54.1641142769467,52.86616402766635,53.722259246505686,2045400.0
2024-02-27,54.559940338134766,54.75325124468783,53.289605002190505,53.50132697292264,2677400.0
2024-02-28,53.952392578125,54.52312155650274,53.58417829504485,54.34822170339309,1741800.0
2024-02-29,54.035247802734375,54.48630667236753,53.61180377896182,54.320610574099646,4728800.0
2024-03-01,53.76828384399414,54.33901280546717,52.95821455214266,54.03523901574258,3089400.0
2024-03-04,54.90059280395508,55.21745258971063,52.89692010652007,53.381529399738525,2789100.0
2024-03-05,54.18300247192383,55.66478752700533,54.15504540364277,55.077664207615,2516500.0
2024-03-06,54.51850128173828,54.947192917232655,53.98729565621922,54.704890031322265,2078900.0
2024-03-07,55.375885009765625,55.63683068336477,54.70489048282288,54.9658326013523,2297900.0
2024-03-08,55.99096298217773,56.27054430150213,55.124258403723545,55.562267833806345,1874700.0
2024-03-11,56.52217483520508,56.64332450216183,55.99096920294931,55.99096920294931,2871000.0
2024-03-12,55.73934555053711,56.55013254233575,55.22677558812496,56.29850825762518,2028700.0
2024-03-13,55.11494064331055,56.354422765911046,54.66760979190371,55.78593869795561,3252000.0
2024-03-14,55.04039001464844,55.10562554486253,53.82886489908449,54.93787602286351,2950300.0
2024-03-15,54.909915924072266,55.46908218777103,54.51850273904596,54.71420933155911,6062300.0
2024-03-18,54.94719696044922,55.329292325431005,54.443948366062486,54.9099184967754,2246500.0
2024-03-19,54.79808044433594,55.34792527840362,54.49054204159005,55.04038687565773,2784300.0
2024-03-20,55.18017578125,55.59954956244648,54.46258143455148,54.6955664735418,1955200.0
2024-03-21,53.95001220703125,55.45043634760096,53.93137297828928,55.35724375896048,3736100.0
2024-03-22,53.95001220703125,54.61168882955908,53.84749822648509,54.42530365227811,2157100.0
2024-03-25,53.60519409179688,54.28550992693383,53.297652157451374,53.95001092767302,1923800.0
2024-03-26,52.45891189575195,53.88477918760348,52.33775868083471,53.5772407867453,2165600.0
2024-03-27,54.9658317565918,54.97515314929301,53.03671585552392,53.03671585552392,2840900.0
2024-03-28,55.70206069946289,55.90708866091022,54.79807765679352,55.23609064531487,1921000.0
2024-04-01,54.87263870239258,55.64614720186757,54.54645750689426,55.64614720186757,1533100.0
2024-04-02,55.236087799072266,55.59022601739591,54.52781136242496,54.574411209494045,1839500.0
2024-04-03,54.45326232910156,55.23609218408108,54.089806245552055,55.15221742979508,1660800.0
2024-04-04,54.909915924072266,55.54363555655565,54.3321139844797,55.3852074259697,1733600.0
2024-04-05,54.5278205871582,54.844680403458966,54.1084503331432,54.56509904909236,1426100.0
2024-04-08,55.4224853515625,55.55295641197535,54.59305913459248,54.59305913459248,1654300.0
2024-04-09,55.87913513183594,56.32646601398048,55.38520794937693,55.51567901228536,1860600.0
2024-04-10,55.04970932006836,55.34792991044577,54.31347568223107,55.20814100843316,2344800.0
2024-04-11,55.12425994873047,55.599547849396245,54.55577590229824,55.44111973419747,1310100.0
2024-04-12,54.788761138916016,55.45043777851864,54.45326212304159,55.31064533688114,2204600.0
2024-04-15,54.27619552612305,55.21745350690468,53.74498637362051,55.00310770049043,2131400.0
2024-04-16,53.306976318359375,53.95933512247016,52.81304563042449,53.95933512247016,2391600.0
2024-04-17,54.5278205871582,54.58373828005944,53.18582795315663,53.62384099320852,1994000.0
2024-04-18,54.97515106201172,55.16153624812317,54.12708566695427,54.77012309120568,1626200.0
2024-04-19,55.62750625610352,55.83253422666101,54.96582960302921,55.09630065517688,2323400.0
2024-04-22,56.195987701416016,56.70855404889031,55.41315786988586,55.61818583090332,1559400.0
2024-04-23,56.24259185791016,56.83903659560482,55.74866467012461,55.94437126659776,1831900.0
2024-04-24,56.69924545288086,56.89495205389225,55.39452766933168,55.57159859364005,2087300.0
2024-04-25,56.401023864746094,57.0161042821793,55.608872526112336,56.74584075881943,1432000.0
2024-04-26,55.41316223144531,56.61536591646853,55.38520516367676,56.44761639971786,1590700.0
2024-04-29,56.34510040283203,56.63400312806519,55.61818822620159,55.74865927789735,1789900.0
2024-04-30,56.49421310424805,56.736519543551495,55.07766359430919,55.77661873411042,3515900.0
2024-05-01,57.4261589050293,58.236949506117405,56.32646909315648,56.5314970918321,2087400.0
2024-05-02,56.61536407470703,58.93589661088858,56.214629526068975,58.35809115862422,3164800.0
2024-05-03,55.92572784423828,57.314320256971136,54.89127724537093,57.02541752544427,3447900.0
2024-05-06,55.64614486694336,56.31714290489243,55.50635597908364,56.12143632884712,1751100.0
2024-05-07,57.00678253173828,57.090657295184094,55.94437123147122,56.0375673881165,2076200.0
2024-05-08,56.88562774658203,57.15589124395135,56.39169704844202,56.73651746442475,1567900.0
2024-05-09,57.556617736816406,57.649813877793605,56.53148507155216,56.79242715614976,1376500.0
2024-05-10,57.70573043823242,58.013272383808825,57.23044254196911,57.87347994398875,1635800.0
2024-05-13,57.10929489135742,57.68710038080478,56.91358830061063,57.593904226827895,2147200.0
2024-05-14,56.755157470703125,57.77097239275905,56.71787901088631,57.6684584057976,1767500.0
2024-05-15,57.08049011230469,57.533135241613735,56.88245854272642,57.38225353184405,2109000.0
2024-05-16,57.95749282836914,58.30640971497747,56.75986764907656,57.08049174114941,3011100.0
2024-05-17,57.48598861694336,57.88205537569304,57.16536451597606,57.75946285544863,1921700.0
2024-05-20,57.31624603271485,57.53313827712074,57.1559357814468,57.52370974358305,980500.0
2024-05-21,57.731178283691406,57.85376721645551,57.221951094765394,57.353972159160094,1622600.0
2024-05-22,56.40153121948242,57.57086371604913,56.354377756515824,57.193661193445486,1565600.0
2024-05-23,54.251461029052734,55.92059214139907,54.17602196493132,55.9017314760427,1776800.0
2024-05-24,54.251461029052734,54.98701258873504,54.08171863814944,54.33633222450438,2058900.0
2024-05-28,53.56306076049805,55.06244942117074,53.525339431314144,54.392912016024205,1506200.0
2024-05-29,53.53477478027344,53.61964597738692,52.86523733488056,53.138707994642495,1972300.0
2024-05-30,54.289180755615234,54.31746995416186,53.45932949097578,53.88368545569505,1675300.0
2024-05-31,55.85457992553711,55.88286912406582,54.374051914134775,54.5532228336566,4679600.0
2024-06-03,56.27893829345703,56.505259085960034,55.63769005252495,55.89230364206894,2077300.0
2024-06-04,57.35396957397461,57.55200116164054,56.04318392613246,56.24121551379839,2705300.0
2024-06-05,56.1280517578125,57.35396613788092,56.07146976588177,57.32567694056747,1865400.0
2024-06-06,55.47737884521485,56.81645370372532,55.373646984875904,55.84515282474084,1238300.0
2024-06-07,55.24162673950195,55.694271920767456,54.91157048834928,55.00587381609467,1944500.0
2024-06-10,55.67540740966797,55.996031507248254,54.9681486882971,55.119030404964064,1785700.0
2024-06-11,55.72256088256836,55.92059247403213,55.02473064944789,55.02473064944789,1661900.0
2024-06-12,55.58110809326172,56.580701786519725,55.03416317992352,56.580701786519725,1301800.0
2024-06-13,55.36421203613281,55.82628931849938,54.51550372594868,55.69426826562433,1411000.0
2024-06-14,55.647117614746094,55.77914227158842,54.7135380666947,55.07188351208716,1677400.0
2024-06-17,54.3646240234375,55.43965674789224,54.23259936836592,55.14732183618977,2293000.0
2024-06-18,54.694671630859375,54.88327466628859,54.15715531813351,54.15715531813351,2352800.0
2024-06-20,54.68524932861328,55.13789450683477,54.223172019028624,54.50607480575404,1734500.0
2024-06-21,53.92140579223633,54.97757782040547,53.92140579223633,54.69467504823744,4128000.0
2024-06-24,54.694671630859375,54.82669267646872,53.77052071429026,54.04399493579745,1569400.0
2024-06-25,53.8365364074707,55.024729529370696,53.77995441221679,54.77011954398816,1542700.0
2024-06-26,53.72337341308594,53.88368366258741,53.13870361568279,53.60078089462349,1407800.0
2024-06-27,53.93083953857422,54.3740562027697,53.53477633871769,53.66679740533653,1274000.0
2024-06-28,53.47819519042969,54.12887559669159,53.09156051890922,54.06286506233231,3215800.0
2024-07-01,53.33674240112305,54.11944023204644,53.11041801305,53.81767677948512,1984800.0
2024-07-02,53.29901885986328,54.00627759696767,53.063265947495154,53.49705044289957,1987100.0
2024-07-03,54.04399871826172,54.54379373942097,53.44990037413586,53.54420009979852,1105600.0
2024-07-05,54.00627899169922,54.57208455707328,53.79881527232018,54.0817180550072,1753600.0
2024-07-08,54.04399871826172,54.21374110229768,53.75166381302113,53.921406197057095,1535600.0
2024-07-09,54.54379653930664,54.60980707011981,53.638506176179725,53.97799096167835,1914800.0
2024-07-10,54.779544830322266,54.85498388888445,54.025136258181305,54.69467364112492,1876900.0
2024-07-11,56.014892578125,56.31665601364953,55.13789146947437,55.29820172077632,2619600.0
2024-07-12,56.90132141113281,57.16536351413591,55.85457793522218,56.21292335880056,2294900.0
2024-07-15,55.88286972045898,56.73158165841781,55.70369879902502,56.44867887819954,1625000.0
2024-07-16,56.31665802001953,56.40152921411597,55.78857019038569,56.18463696193708,1413200.0
2024-07-17,58.0423698425293,58.28755490082333,56.24121762617124,56.33552095524748,2593700.0
2024-07-18,57.89148712158203,58.82507027827072,57.54257380323758,57.6368735333942,1695300.0
2024-07-19,57.618011474609375,58.09894943976904,57.174798436825874,58.09894943976904,1696000.0
2024-07-22,58.24039459228516,58.57987934244954,57.57085722240748,57.75946026108812,1530700.0
2024-07-23,57.35396957397461,58.46672363415084,57.27853051085123,58.30641337669862,1183900.0
2024-07-24,59.43802261352539,59.52289380515386,57.79718437178026,58.12723700738879,2386500.0
2024-07-25,59.97554016113281,61.0788620770694,59.52289499582775,59.80579777448041,3254400.0
2024-07-26,60.82425308227539,60.890263611789656,59.73035968236229,60.060412329933634,3160900.0
2024-07-29,61.23917388916016,61.64466915357458,60.57906147090484,60.97513179970097,2395700.0
2024-07-30,62.2010498046875,62.30478166548182,60.946842538434936,61.1165849293158,2054000.0
2024-07-31,61.21088409423828,62.05016381092568,61.07885585619303,61.87098931142817,4958500.0
2024-08-01,62.30478286743164,62.60654632430705,60.61679105738821,60.65451238882368,2578100.0
2024-08-02,63.2855110168457,64.80376031556223,62.02187169240855,64.07763733203288,2955900.0
2024-08-05,61.31461334228516,63.662717493560926,61.24860281561924,63.35152192730397,2500500.0
2024-08-06,61.75783157348633,62.21048033572751,61.31461494233151,61.35233627206894,2173600.0
2024-08-07,61.61637878417969,62.55939044989122,61.53151118767751,61.98415995284659,1887100.0
2024-08-08,61.15430450439453,61.833274048425984,60.824251863437006,60.99399424944488,2782400.0
2024-08-09,61.21088409423828,61.45606192084751,60.1358478891641,61.37119433346907,2768900.0
2024-08-12,61.17316436767578,61.51264911527987,60.85253668622416,61.17316436767578,2606000.0
2024-08-13,62.00301742553711,62.06902795478378,61.28632654042467,61.37120133208929,2426200.0
2024-08-14,62.66312026977539,62.94602663812695,61.53150918558477,61.62580891016602,2474700.0
2024-08-15,61.15430450439453,62.17275882044172,60.97513718193643,61.77669565129269,3628300.0
2024-08-16,61.39949035644531,61.493790084442566,61.03171638103037,61.35233689514265,2269200.0
2024-08-19,62.087886810302734,62.21991506720568,61.220317773907006,61.39006016751559,2722500.0
2024-08-20,62.23876953125,62.36135845693449,61.974727417709246,62.14446980421516,2194100.0
2024-08-21,62.73856735229492,62.9083097463564,62.21991523321312,62.23877230161624,2247700.0
2024-08-22,63.31380081176758,63.417532667535895,62.82343792554196,62.85172712355008,2483400.0
2024-08-23,62.97432327270508,63.59671447873383,62.766859537362166,63.52127181231665,1562900.0
2024-08-26,63.15349197387695,63.417534087341245,62.85172853068805,63.18178117251841,1406100.0
2024-08-27,62.65370178222656,63.28551791601972,62.52168071530287,63.04976498299763,1560500.0
2024-08-28,63.21950912475586,63.4929833979509,62.67256057836579,62.74800324571795,1366800.0
2024-08-29,62.86116409301758,63.45525888074061,62.314215574067774,63.21007382145132,1089700.0
2024-08-30,63.68157196044922,63.69100409090432,62.59710718555372,63.07804511425838,3607800.0
2024-09-03,63.87018966674805,64.2473886150393,63.42697298843618,63.65329379633269,1526500.0
2024-09-04,64.28510284423828,64.78489787063658,63.56841916600311,63.86075047700409,1572000.0
2024-09-05,64.17194366455078,65.07723395704267,64.03992261322536,65.07723395704267,1366400.0
2024-09-06,63.55898284912109,64.51142657317057,63.49297232535177,64.32281993768143,1104600.0
2024-09-09,64.18136596679688,64.20965516311888,63.55898206389065,63.67213884917866,1351400.0
2024-09-10,64.12479400634766,64.6905995733644,63.69100949848122,64.28510426465758,2617300.0
2024-09-11,63.92676162719727,63.992772155956224,63.068617558722735,63.82302976848918,2126100.0
2024-09-12,63.65328979492188,64.51143389593948,63.34209420699626,64.03992804560671,1685000.0
2024-09-13,64.09649658203125,64.12478577756066,63.53069108762127,63.7287226509344,1850200.0
2024-09-16,64.50199890136719,64.81319447547963,64.15308199754946,64.40769917440801,1984800.0
2024-09-17,64.34169006347656,64.70946404294472,64.16251554208145,64.50200032229947,1600300.0
2024-09-18,63.643856048583984,64.26624720864322,63.31380340064717,64.07764055653067,1624800.0
2024-09-19,63.370384216308594,63.5495587439983,62.68198969501056,63.23836315209778,2331500.0
2024-09-20,63.31380081176758,63.691006905960734,62.96488391558254,63.31380081176758,4668600.0
2024-09-23,63.41387939453125,63.82373942748399,63.22324986517898,63.7951457252862,2064800.0
2024-09-24,63.40434646606445,64.22406654140275,62.9087053208148,63.08027480802631,1999600.0
2024-09-25,63.03261947631836,63.74749119219153,62.88965095078465,63.70936382803216,1554800.0
2024-09-26,62.89917755126953,63.8618735014205,62.72760804799561,62.88965116423572,1432700.0
2024-09-27,64.35751342773438,64.51002288189099,63.08027947340232,63.08027947340232,1844600.0
2024-09-30,64.8626937866211,64.97706860209469,64.28126423446088,64.28126423446088,1888300.0
2024-10-01,64.55767822265625,64.91034357826632,63.585448718100544,64.46235618617207,3450800.0
2024-10-02,63.55686569213867,64.78644599441326,63.04215715127594,64.0239132067533,2741600.0
2024-10-03,62.80385971069336,63.85233672527247,62.49884808332397,63.52826505271472,1604600.0
2024-10-04,62.31774139404297,62.51790458139258,61.65053076954428,62.02226344205789,1593500.0
2024-10-07,61.07863998413086,62.212898140013486,61.011918916137766,61.95554752691184,1374500.0
2024-10-08,60.73550033569336,61.46943207576759,60.69737297266924,61.44083837151223,2061000.0
2024-10-09,60.42095565795898,61.593348448683024,60.14453772726712,60.76409465660743,1533800.0
2024-10-10,60.86894226074219,61.40271079714076,60.23032165837545,60.68783910501372,2094200.0
2024-10-11,60.830814361572266,61.01191751570416,60.4781453479858,60.84034802022416,1718100.0
2024-10-14,61.02144241333008,61.08816347816365,60.62111602432868,60.83081287724865,1677500.0
2024-10-15,62.33681106567383,62.63228902882391,61.25020670925989,61.34552147749695,3339800.0
2024-10-16,62.67041778564453,62.851520939761976,62.222430365701904,62.64182408174195,2259900.0
2024-10-17,61.95554733276367,62.79432750948427,61.91741996945124,62.7848011226944,1624300.0
2024-10-18,63.03261947631836,63.3852921407542,61.74585184215689,62.0889908475401,1622400.0
2024-10-21,63.03261947631836,63.37575848170157,62.75620154020127,63.12794152274237,1227800.0
2024-10-22,63.12793731689453,63.25184578811884,62.23196249897073,62.85151939919356,1297100.0
2024-10-23,63.9476432800293,64.00483795234825,63.070735873004026,63.17558428819725,1382900.0
2024-10-24,63.69029998779297,64.08109999310729,63.38528836473941,64.08109999310729,1499100.0
2024-10-25,62.75620269775391,63.99531660361026,62.69901528648558,63.78561973289138,1386900.0
2024-10-28,63.375755310058594,63.70936063969389,62.90870784856919,63.08981100125011,1554400.0
2024-10-29,61.52663040161133,63.1088760645758,61.32645991586242,62.96590026277717,1891400.0
2024-10-30,62.42259216308594,62.565567951438496,61.650533086853095,61.90788368824715,2212300.0
2024-10-31,62.76573181152344,63.499670805888094,62.42259282466088,62.47978750383848,3621700.0
2024-11-01,60.687835693359375,63.13746226312341,60.60205458571087,62.6799484782304,2303900.0
2024-11-04,60.43048858642578,61.154893938378144,60.0682859104496,60.45908229062572,2063700.0
2024-11-05,59.16277694702149,60.36376334471901,58.18102105311374,60.05874809823654,4821000.0
2024-11-06,57.85694885253906,58.87683216123046,57.07535610449566,58.87683216123046,4184200.0
2024-11-07,57.97132873535156,58.86729995654778,57.74257182765382,57.94273503089572,2853100.0
2024-11-08,58.52416229248047,58.72432548784733,58.05711120059911,58.1428959466171,2412700.0
2024-11-11,58.22867965698242,58.6480697211526,57.9808590817967,58.247743337539056,2131300.0
2024-11-12,57.733036041259766,58.14289609147514,57.36130335293078,57.96179657655279,1699100.0
2024-11-13,57.99039077758789,58.1810239526304,57.3231764829518,58.095239205662544,2014200.0
2024-11-14,58.60041427612305,59.01980435416555,57.81882152757427,57.90460627490404,1728600.0
2024-11-15,58.95308303833008,59.15324987193533,58.25727504005813,58.352593445590486,1718500.0
2024-11-18,59.16277694702149,59.35341011256357,58.59088108642042,58.743386891649045,1684000.0
2024-11-19,58.781517028808594,58.99121389738466,58.2668121525251,58.99121389738466,2130700.0
2024-11-20,58.72432708740234,58.75292079151208,58.32399704973894,58.69573338329262,2371600.0
2024-11-21,59.81093215942383,59.85858954549317,58.51463089659495,58.79104882623282,1452800.0
2024-11-22,60.41142654418945,60.76409557098487,59.71561851358202,59.88718801548803,1415900.0
2024-11-25,60.98332214355469,61.06910689406275,60.4018925718918,60.783158937711065,3368900.0
2024-11-26,60.60205459594727,60.85940519098674,59.887182943887005,60.79268412767647,1420800.0
2024-11-27,61.56474304199219,62.15570622426226,60.58299077499412,60.7545602619725,1309800.0
2024-11-29,61.469425201416016,61.67912203857204,61.050038799154095,61.59334093539918,912500.0
2024-12-02,60.687835693359375,61.469428408597885,60.40188775978862,61.469428408597885,2165500.0
2024-12-03,58.43837738037109,60.57345873026672,58.400250018688055,60.049220233213575,2208300.0
2024-12-04,58.89589691162109,59.829995489996136,58.209618920967806,58.44790948594181,2831000.0
2024-12-05,58.7529182434082,59.28669039180133,58.524161348400646,59.07699354135666,1674600.0
2024-12-06,56.98004150390625,58.98168452863994,56.875193068455,58.76245763452625,2574400.0
2024-12-09,57.42802429199219,58.30493179729974,56.86565843149266,57.189733734764005,2299300.0
2024-12-10,57.70444488525391,58.066643931088095,56.27470147562537,57.54240540809607,1782300.0
2024-12-11,57.180206298828125,57.99992279851102,56.86566100376655,57.637723753078646,1987900.0
2024-12-12,56.98957061767578,57.47568175523833,56.69408901733754,57.15160645152151,2153100.0
2024-12-13,56.73221969604492,57.32317929524653,56.4843954655237,56.77987708313729,1495100.0
2024-12-16,55.40732192993164,56.84659530989959,55.29293984339847,56.64643211250461,2334200.0
2024-12-17,55.76952362060547,56.26516844446293,55.0165281798461,55.1499703178028,1852700.0
2024-12-18,54.19182205200195,56.0155847101306,54.16287460695476,55.5138081369352,2483200.0
2024-12-19,53.94093704223633,54.86729211849104,53.931285439625086,54.18217557340732,2855400.0
2024-12-20,54.954139709472656,55.13747967324607,53.86374048669567,53.94093858576319,7254700.0
2024-12-23,55.17607498168945,55.22432194983139,54.30761483110364,54.72254538293823,1911700.0
2024-12-24,55.2725715637207,55.32082221517999,54.82869354595527,55.01203350607371,552200.0
2024-12-26,55.33047103881836,55.61995654725356,55.00238648098968,55.02168600568642,1354500.0
2024-12-27,55.31117248535156,55.77435004318258,54.78044843039986,54.98308792176193,1083300.0
2024-12-30,55.29186630249024,55.494505769452005,54.847988323143255,55.31116582520196,1742000.0
2024-12-31,55.41731643676758,55.72610146642994,54.92518776505026,55.3883689905517,1635500.0
2025-01-02,55.33047103881836,56.00593967917246,55.19537804694913,55.841895559754136,1840300.0
2025-01-03,55.3015251159668,55.76470267842636,55.16642843936738,55.407666983211406,1718900.0
2025-01-06,54.259368896484375,55.36906758992495,53.96988340111095,55.098877937369664,1806000.0
2025-01-07,54.11463165283203,55.18572769012555,54.04708147436426,54.57780921298794,2007300.0
2025-01-08,54.732200622558594,54.770795991032486,53.37161541689101,53.786545996301,2177900.0
2025-01-10,53.68040084838867,54.79009592165269,53.65144972055883,53.99883380645296,3693800.0
2025-01-13,53.902339935302734,54.076031978482646,52.8312402293626,54.02778500671223,2317300.0
2025-01-14,54.01813125610352,54.33656788294231,53.84443921982924,53.8637387439717,1748000.0
2025-01-15,54.62605285644531,55.34011683779315,54.47166034580191,54.85763978190652,2277700.0
2025-01-16,56.08313751220703,56.121736563951046,54.462014149039966,54.50061320078399,2310500.0
2025-01-17,55.84189224243164,56.45946227200838,55.66820021148722,56.00593635210481,2137900.0
2025-01-21,56.18928146362305,56.5173660320864,55.9287433932838,56.01558941673021,2048400.0
2025-01-22,53.83478927612305,55.91908995211614,53.805838150492896,55.82259233502849,1944400.0
2025-01-23,54.259368896484375,54.81904404441309,53.76724392245032,54.17252287977157,2438900.0
2025-01-24,54.34621810913086,54.42341620897438,53.81549405623469,53.97953449689016,2938800.0
2025-01-27,56.18928146362305,56.50771810992927,54.838347820133066,54.90589431825716,5876400.0
2025-01-28,55.6682014465332,57.50161573339676,55.4076633943363,56.93229265956084,3574100.0
2025-01-29,55.2725715637207,56.02523829059241,55.14713017674866,55.53310962136769,2657600.0
2025-01-30,55.40766525268555,56.08313389055378,55.031333725003975,55.94804089918172,2693900.0
2025-01-31,55.65855407714844,56.10243209003158,55.09887891924616,55.34976905244644,12767900.0
2025-02-03,56.4498176574707,56.61385809574534,54.72254884912499,55.51381095599693,3183500.0
2025-02-04,55.99628829956055,56.30507333392352,55.28222428797417,55.890142753809286,2480500.0
2025-02-05,56.517364501953125,57.03844062852419,56.17963202047631,56.53666402675295,2379000.0
2025-02-06,56.87439727783203,56.97089490313687,56.37262066927094,56.55596431684612,2305800.0
2025-02-07,57.33757400512695,57.57881254338011,56.41121890167673,56.78755043239039,2310900.0
2025-02-10,58.37007522583008,58.514816132466414,57.231429091453606,57.289323981705024,3379300.0
2025-02-11,59.30607986450195,59.47977190214285,57.66565710956454,58.09023928202356,3212700.0
2025-02-12,57.62705993652344,58.57271451126984,56.69105328311799,57.95514447723201,4620200.0
2025-02-13,60.30963134765625,61.24563800409437,57.6367080446072,57.70425453723595,5354800.0
2025-02-14,59.383277893066406,60.95615047065247,59.30607979597837,60.3096329720756,3268700.0
2025-02-18,59.35432815551758,59.7113638413954,57.95514758261977,59.47977322571811,4230200.0
2025-02-19,60.50262451171875,60.531571957612265,59.19993423139236,59.35432674450425,2853800.0
2025-02-20,61.15879440307617,61.3517859672121,59.827156659646974,60.46402624459,3294100.0
2025-02-21,61.14914321899414,61.40003335839104,60.57017220363014,60.628070777569725,3830700.0
2025-02-24,60.8210563659668,61.650917489399646,60.34823091350433,61.303533420892144,3177900.0
2025-02-25,61.56407165527344,62.11409888605048,60.82105654675883,61.15879269481519,2660900.0
2025-02-26,61.23598861694336,61.71846568517835,60.89825614158203,61.32283463646598,2324000.0
2025-02-27,60.22278594970703,61.15879261575706,60.029794391211134,60.6280685906492,2489500.0
2025-02-28,60.8017578125,61.34213344780409,60.13594079123879,60.714911793986985,3890900.0
2025-03-03,60.8017578125,61.30353439935211,60.36753140094279,60.57017088380387,2622500.0
2025-03-04,58.343597412109375,61.23440742336744,58.27523021321075,61.117213429811,3223700.0
2025-03-05,57.415802001953125,58.84167403889291,57.386500709735294,58.1189696811738,2119600.0
2025-03-06,57.337669372558594,57.55252812661998,56.51730398722304,57.41580118331902,3200800.0
2025-03-07,59.55460739135742,59.818296656334624,57.48416290125791,57.54275803201083,2954700.0
2025-03-10,60.31637573242188,61.419963343413,59.72063744028806,59.80853386462416,3445700.0
2025-03-11,59.12489700317383,60.31637734482237,58.9979346700655,60.30661273098168,2498600.0
2025-03-12,58.06037139892578,58.97839778548264,57.83574804026388,58.59751453707639,2084900.0
2025-03-13,58.70494842529297,59.08583170299609,58.12873933900288,58.265466287354776,2172100.0
2025-03-14,59.95502853393555,60.24801538842242,58.49009053597121,58.55845401116715,1851900.0
2025-03-17,60.06245422363281,60.93165011956486,59.83783085815272,60.27731297562672,2979900.0
2025-03-18,60.45310592651367,60.46287054001665,59.56437707655207,59.77923210338548,1671200.0
2025-03-19,60.06245422363281,60.79492317757956,59.85736381065487,60.22847873160646,1591300.0
2025-03-20,60.160118103027344,60.59960024126576,59.720639690318855,60.16988644250482,1485100.0
2025-03-21,59.50577926635742,60.63866445466177,59.13466061270587,60.0136248646359,4539300.0
2025-03-24,59.43741607666016,60.01362514999189,59.26162322543828,59.2811561784107,1641700.0
2025-03-25,57.64042282104492,59.40811586838448,57.37673355593705,59.27138520365731,1892100.0
2025-03-26,58.53892135620117,58.74401550836561,57.630659494785824,57.786919399678254,2068300.0
2025-03-27,58.8905029296875,59.37881556380685,58.30452925895618,58.63658199917853,1487300.0
2025-03-28,59.69133758544922,60.25778205048017,58.87097218040672,59.43741664543768,1660700.0
2025-03-31,60.65819549560547,60.89258347171239,59.82806178927505,60.1503499133342,2448800.0
2025-04-01,60.63866424560547,60.80468875621441,59.876897713578906,60.55076782071549,1751000.0
2025-04-02,61.16604232788086,61.35159978988508,60.521469792119625,60.96094818768381,1985900.0
2025-04-03,60.47263717651367,62.01570694868813,60.169885715906446,61.51762968171922,3874700.0
2025-04-04,56.976318359375,61.36136745771828,56.849356031219024,61.10744280140633,3531800.0
2025-04-07,54.26130294799805,56.10712416683166,53.64602796654356,55.66764203722131,4874500.0
2025-04-08,52.9819221496582,55.657877091933976,52.40571307771907,55.15003149246815,3500800.0
2025-04-09,54.993770599365234,55.20862562659456,51.05796820611433,52.31781570551665,4872300.0
2025-04-10,54.38825988769531,55.13049717840844,52.9428549366847,53.76322031163989,3411200.0
2025-04-11,55.003536224365234,55.22815959477597,53.42140429225968,54.33943072683356,2615000.0
2025-04-14,57.11304473876953,57.34743644032476,55.17932717167527,55.39418592097342,2702800.0
2025-04-15,56.624732971191406,57.55252772711734,56.57590245256999,57.21071037123767,2162200.0
2025-04-16,56.70286560058594,57.69902384207913,56.53683736423884,57.064215914240485,2099500.0
2025-04-17,56.097354888916016,57.32790483123524,56.0192268035869,56.48800649215096,3762600.0
2025-04-21,55.0621337890625,55.980160202060496,54.2613013653658,55.87273082623025,2013000.0
2025-04-22,56.69309616088867,56.9958513356859,55.59927690197475,55.62857446789618,1637900.0
2025-04-23,56.605201721191406,57.796685784145794,56.14619036170839,56.47824311406306,2170700.0
2025-04-24,57.1618766784668,57.54275994312948,56.00945854534239,56.5856676119046,2286300.0
2025-04-25,56.50754165649414,57.15211421918864,56.35128175419032,57.054449451792536,2992200.0
2025-04-28,57.71855163574219,57.95294333843092,56.43917492371912,56.64426533511568,7427600.0
2025-04-29,58.03107452392578,58.21663571841832,57.15211397430664,57.64042663260503,4396300.0
2025-04-30,58.08967208862305,58.61705064195113,57.12281513305141,58.08967208862305,5246000.0
2025-05-01,57.69902420043945,58.61705063628754,57.650189955279465,58.14827094188448,2793700.0
2025-05-02,57.45486831665039,58.10920548086971,56.6735650944669,57.41580241043524,3877400.0
2025-05-05,57.90411376953125,58.0213077600319,57.1325789038816,57.61112693051474,2067300.0
2025-05-06,57.82598114013672,58.33382672582243,57.54275891870108,57.89434461075501,2492200.0
2025-05-07,60.78515625,61.371129900637456,58.01154043429215,58.22639545257675,4553700.0
2025-05-08,61.244171142578125,61.89851202523064,60.68749502440424,61.04884533915066,2973100.0
2025-05-09,61.52739334106445,61.849681475391016,61.06837826206475,61.45902986872788,2341100.0
2025-05-12,60.79492568969727,61.537159287800165,60.34567894017367,61.27347373194973,2201000.0
2025-05-13,61.43949508666992,62.02546875368923,60.35544044970745,60.79492256273679,2705700.0
2025-05-14,59.915958404541016,60.99024842933282,59.20302240949913,60.99024842933282,2670000.0
2025-05-15,61.67892456054688,61.78768889577155,60.067242752396375,60.36387035730254,2942700.0
2025-05-16,62.489707946777344,62.55892092831411,61.3130797170031,61.58993541497477,2129300.0
2025-05-19,62.81599807739258,62.89510078418118,61.94589093366589,62.13375420455184,1887700.0
2025-05-20,64.81330108642578,65.4164460350294,63.07307922437357,63.28071817564949,3665800.0
2025-05-21,63.24116516113281,64.62543234361061,63.132400826132105,64.20026472778491,2674600.0
2025-05-22,62.35128021240234,62.73689646195947,61.59981961731582,62.6775694344028,1949100.0
2025-05-23,62.74678421020508,62.77644961074488,61.52072244686509,62.62813392351967,1587300.0
2025-05-27,63.88386154174805,64.18049291830816,62.58858301581943,63.28071660808529,2260000.0
2025-05-28,62.65779495239258,63.78498586649915,62.3117300479462,63.6366701806938,1692800.0
2025-05-29,63.36970138549805,63.53779652187161,62.34139260897808,62.58858290780179,1766600.0
2025-05-30,64.08161163330078,64.36835328956028,62.549032511515954,63.24116611317433,5660700.0
2025-06-02,64.19037628173828,64.22992763558508,63.04341342295371,63.607010785708994,1775300.0
2025-06-03,64.51667022705078,64.68475782559557,63.81465065932005,64.30903127408672,2928000.0
2025-06-04,63.93330383300781,64.71441855505913,63.81464977140094,64.49689742425397,2981100.0
2025-06-05,64.56610870361328,64.97149686868481,63.66633240005217,63.91352269747236,4307200.0
2025-06-06,64.75396728515625,64.82318026571012,64.07172720359637,64.74408510482648,2738500.0
2025-06-09,64.90228271484375,65.49553790920659,64.36835077682248,64.4573432049839,1840300.0
2025-06-10,65.14947509765625,65.42632702766312,64.53644043574866,64.78363073663327,2142200.0
2025-06-11,64.81330108642578,65.42632821581674,64.71441892935677,65.07037357258675,1393700.0
2025-06-12,65.06048583984375,65.3472199311971,64.69464150339641,65.10002964691752,1634400.0
2025-06-13,64.47711944580078,65.36700606902134,64.18049560049366,64.98138978956736,1750700.0
2025-06-16,63.63666915893555,65.16925198156821,63.32026588800062,64.82317953902927,1934300.0
2025-06-17,62.489707946777344,63.83441999650925,62.23262792521969,63.468583184236,2568000.0
2025-06-18,61.69869995117188,62.7368984494442,61.65914859821446,62.608358438244885,2799300.0
2025-06-20,61.81734848022461,62.64790800958749,61.589933864923694,62.0249874196092,5066300.0
2025-06-23,62.65779495239258,63.05330093332378,62.06453975282034,62.34139167637744,3175600.0
2025-06-24,63.12251281738281,63.389478784098834,62.64790791160694,62.78633387098017,2793800.0
2025-06-25,61.75802230834961,63.003863505571694,61.68880932759556,62.64790887779395,2292900.0
2025-06-26,62.53914642333984,62.73689941935961,61.777799840349786,61.93600148280066,2389500.0
2025-06-27,62.647911071777344,63.52790794803246,62.400720768477605,62.59847376548233,2858700.0
2025-06-30,62.90498733520508,63.68611337078923,61.184544936252905,62.47981971173219,4386100.0
2025-07-01,63.82453918457031,64.38813277306838,62.58858389905255,62.96431421532616,2135200.0
2025-07-02,63.72565460205078,64.2200351887033,63.2312777872228,63.52790538484941,1855900.0
2025-07-03,63.82453918457031,64.37824304873702,63.55756943316896,63.91352407260452,1471300.0
2025-07-07,63.66633224487305,64.10138958123993,63.34003924259788,63.83441983623327,1781400.0
2025-07-08,63.83441925048828,64.05194791667567,62.519368844833856,63.18184079557522,2257400.0
2025-07-09,64.37824249267578,64.40790412176432,63.2016142478352,64.0321775805607,1972000.0
2025-07-10,65.36700439453125,65.3867762995854,63.3795922441913,63.6366722717916,1484600.0
2025-07-11,64.97149658203125,65.32745121223779,64.43756463672143,64.69464465712598,1605800.0
2025-07-14,64.64520263671875,65.44610431481661,64.34857881164282,64.83306967315451,2174200.0
2025-07-15,63.99262619018555,64.70453546249554,63.5674585716476,64.5562197734894,1479700.0
2025-07-16,64.06183624267578,64.73419413092364,63.63666864358304,64.21015192489864,1962700.0
2025-07-17,64.11127471923828,64.51667044567245,63.59712219734447,63.87397413556803,2106400.0
2025-07-18,64.67487335205078,64.8132993157864,64.06183869575791,64.06183869575791,3868800.0
2025-07-21,64.80340576171875,65.22857335196466,64.33868682079313,64.79351603813662,1379200.0
2025-07-22,65.86138153076172,65.93059451027847,64.71441496317107,65.10992093625919,1591800.0
2025-07-23,65.62408447265625,66.12834726024391,65.28790173728174,66.00970074252888,1599700.0
2025-07-24,65.66363525390625,65.82183312403005,65.32745252146302,65.74273041714349,1594300.0
2025-07-25,65.87126922607422,66.03935680777445,65.44610163823617,65.66363029391826,1715900.0
2025-07-28,64.44745635986328,65.82183384659506,64.24970713412539,65.73284895810784,1695100.0
2025-07-29,65.62408447265625,65.67351800715439,64.32880215295515,64.49689729246711,1848900.0
2025-07-30,65.24835205078125,66.07891541425677,65.03082337121268,65.44610882477522,1859300.0
2025-07-31,65.35711669921875,65.55487347414665,64.77375118639311,64.77375118639311,4534200.0
2025-08-01,64.81330108642578,65.83172393758123,64.48700807285672,65.83172393758123,2841200.0
2025-08-04,65.71306610107422,65.95036666838176,65.01104657937137,65.01104657937137,2027800.0
2025-08-05,65.13958740234375,66.33598759065241,64.9517278975016,65.8712761471801,1606900.0
2025-08-06,64.69464111328125,65.74272549833897,64.69464111328125,65.74272549833897,1982700.0
2025-08-07,65.18902587890625,65.51531888368608,64.97149720905304,65.08026154397965,1692800.0
2025-08-08,64.30902862548828,65.52520066328194,63.86408156433392,65.2483487373988,2162500.0
2025-08-11,64.95172119140625,64.99127254193407,64.39800982766562,64.70453090834398,2163300.0
2025-08-12,65.08026123046875,65.1099228591878,64.37824169073747,64.9517249914698,1784100.0
2025-08-13,65.55487060546875,65.56475278604547,64.77374835189708,65.08026191006027,1432300.0
2025-08-14,64.77375030517578,65.48565959793176,64.73419895072828,65.22857956584775,2176900.0
2025-08-15,64.79351806640625,65.07036998618189,64.46722507082109,65.02093645402141,2314000.0
2025-08-18,63.81464767456055,65.09015050623827,63.66633198833771,64.94183482001543,1924400.0
2025-08-19,64.97149658203125,64.99127603018115,63.87397106283594,63.87397106283594,1375900.0
2025-08-20,64.97149658203125,66.39531510285742,64.91217332487989,65.45598745061547,1853000.0
2025-08-21,64.68475341796875,65.22857507461582,64.56610690644503,64.90228208062759,1456400.0
2025-08-22,65.78227996826172,65.86138267298101,64.96160638000968,65.15936314180789,1528800.0
2025-08-25,62.67757034301758,63.49824392957166,60.83847395216948,62.78633467586928,6013500.0
2025-08-26,63.38948059082031,63.56745790703702,62.56880699139609,62.65779564950444,5334600.0
2025-08-27,64.07173156738281,64.23981916822615,63.46858660562768,63.83442343762204,2512700.0
2025-08-28,63.57734680175781,64.18049172419876,63.36970031583954,63.9926246862961,1886900.0
2025-08-29,63.34992980957031,64.0222877276062,63.24116547403147,63.57734820487406,1740700.0
2025-09-02,62.98408889770508,63.41914246579907,62.31173098312596,63.0335262031073,1780300.0
2025-09-03,62.58858108520508,62.904984356739725,62.27217781367044,62.52925782918266,1944700.0
2025-09-04,62.70723342895508,63.09285346489071,62.06454091271164,63.03352643509493,2336900.0
2025-09-05,62.81599807739258,63.05330242593373,62.24251854047384,62.85554943078688,1653300.0
2025-09-08,62.15353012084961,63.00386536298184,61.748138176556886,62.75667506105152,2591000.0
2025-09-09,63.16206741333008,63.77509830996612,61.92611589569508,62.16341647485916,3149300.0
2025-09-10,63.29060745239258,63.518018307284,62.82588847459349,63.30048963311001,3130300.0
2025-09-11,64.31891632080078,64.36834985249253,62.85554648831399,63.29060381163554,2725500.0
2025-09-12,64.96160888671875,65.09015267276006,63.87397305763134,64.06184010267668,2168900.0
2025-09-15,64.78363037109375,65.4955396406084,64.65509413107277,65.06048984318777,2869600.0
2025-09-16,62.70723342895508,64.71441745590441,62.647910170983934,64.65509419793327,2994500.0
2025-09-17,62.58858108520508,63.458691967837616,62.51936810529591,63.24116330422335,2604100.0
2025-09-18,63.16206741333008,63.4290333937582,62.18319215176029,62.29195648880412,3176700.0
2025-09-19,66.24700164794922,68.68924306493962,62.97420065643991,63.68611371265933,13697800.0
2025-09-22,67.66000366210938,68.61000061035156,65.4000015258789,66.0,6796700.0
2025-09-23,69.41999816894531,69.47000122070312,67.44000244140625,67.5999984741211,3831200.0
2025-09-24,69.0999984741211,69.63999938964844,68.87999725341797,69.44000244140625,3835400.0
2025-09-25,68.5,69.5199966430664,68.43000030517578,68.70999908447266,3175500.0
2025-09-26,69.7699966430664,69.97000122070312,68.58999633789062,68.83000183105469,3139200.0
2025-09-29,70.52999877929688,70.6500015258789,69.47000122070312,69.8499984741211,2462500.0
2025-09-30,71.13999938964844,71.16999816894531,70.05999755859375,70.5199966430664,2599100.0
2025-10-01,71.5999984741211,71.98999786376953,71.16999816894531,71.62000274658203,3624600.0
2025-10-02,71.79000091552734,71.95999908447266,71.0199966430664,71.05999755859375,2994300.0
2025-10-03,72.52999877929688,73.4800033569336,71.86000061035156,72.0,2659200.0
2025-10-06,72.69999694824219,73.16999816894531,72.5,72.81999969482422,2719500.0
2025-10-07,72.83999633789062,73.06999969482422,72.01000213623047,72.91000366210938,3379900.0
2025-10-08,73.48999786376953,74.45999908447266,72.63999938964844,73.12999725341797,2916500.0
2025-10-09,72.38999938964844,73.51000213623047,72.33000183105469,73.5,1771000.0
2025-10-10,72.3499984741211,72.81999969482422,71.91999816894531,72.73999786376953,1433300.0
2025-10-13,71.08999633789062,72.05000305175781,70.59500122070312,71.55000305175781,1167466.0
