Date,Close_FRT,High_FRT,Low_FRT,Open_FRT,Volume_FRT
2023-10-16,82.25111389160156,82.57240590998408,81.11281916777176,82.00326204988954,423600.0
2023-10-17,83.24254608154297,84.20642926556984,81.80131569441699,81.80131569441699,630600.0
2023-10-18,81.58099365234375,82.98550380024867,81.47083338448499,82.60912813779524,329900.0
2023-10-19,80.44268798828125,82.46225077908937,80.35089127134465,81.12199910162137,574500.0
2023-10-20,80.13057708740234,81.35149372312156,80.01124205673554,80.82824473690484,776200.0
2023-10-23,78.79949951171875,80.4426866306214,78.69852802734101,79.50634892784603,476600.0
2023-10-24,80.45187377929688,80.67218731167657,79.16669866707367,79.38701920309428,650900.0
2023-10-25,78.68017578125,80.30500659187149,78.57001550478095,79.81847062353097,391200.0
2023-10-26,80.80989074707031,81.15872811489103,79.21260528505552,79.21260528505552,594800.0
2023-10-27,79.54307556152344,81.4616529844966,79.36865688538369,81.4616529844966,706500.0
2023-10-30,80.54366302490234,81.06691199301267,79.65322020114753,80.31416774057956,481900.0
2023-10-31,83.71070861816406,84.4818094713159,81.01184162485099,81.10363834494419,1148000.0
2023-11-01,84.17887115478516,84.3716533652169,83.14155494577348,83.7841389684107,623400.0
2023-11-02,85.78533935546875,86.29941358405331,85.12439878210117,85.39060716384664,655000.0
2023-11-03,87.66720581054688,89.82446025960704,87.62130394845674,87.68556235319842,1172800.0
2023-11-06,86.44628143310547,87.3367242508373,85.41814704862352,87.226563993797,777800.0
2023-11-07,85.41815185546875,86.34530780741551,85.21619487468332,86.34530780741551,547700.0
2023-11-08,85.72108459472656,85.91385981227174,85.39061079218027,85.41815611209327,408300.0
2023-11-09,84.02281951904297,86.13417911577014,83.71070926757663,86.13417911577014,659300.0
2023-11-10,84.96833801269531,84.96833801269531,83.83922505365973,84.35329228680499,794900.0
2023-11-13,83.67400360107422,84.71132003189024,83.26090778078525,84.32576953586752,735800.0
2023-11-14,86.95118713378906,88.47503240217772,85.94140913613761,86.09746427137692,2030700.0
2023-11-15,86.55645751953125,87.33674022292035,86.1158234144274,86.71251265948077,986200.0
2023-11-16,84.94998168945312,86.60234365895904,84.84900319644744,86.29023341049843,905100.0
2023-11-17,84.94998168945312,86.21679323310507,84.34411073141906,86.21679323310507,1367000.0
2023-11-20,84.8031005859375,85.24373464276651,84.08707637177598,85.08767951991403,643800.0
2023-11-21,84.28904724121094,84.65624118178404,83.38942243698894,84.04119535841818,544700.0
2023-11-22,84.5368881225586,84.8949072456659,84.2706797290198,84.8949072456659,405100.0
2023-11-24,84.55525207519531,84.94998428619981,83.90348623909786,84.42673526264883,856500.0
2023-11-27,86.01483917236328,86.62989192439898,84.10544352068494,85.12440325483898,1069600.0
2023-11-28,86.32696533203125,86.57481721015591,85.17030689228538,85.7486396139792,566600.0
2023-11-29,86.58399200439453,87.79572698522846,86.31777659904542,87.07970272432311,653600.0
2023-11-30,87.74983215332031,87.85081066011921,86.51055875600136,86.51974053033992,975600.0
2023-12-01,89.87954711914062,89.99888215975876,87.3826370105067,87.6029505484329,722700.0
2023-12-04,91.70632934570312,91.90828634364202,89.42973273753906,89.52152946288186,662400.0
2023-12-05,91.58697509765624,91.67877881440955,90.46704399185276,91.2197882452041,836700.0
2023-12-06,90.92604064941406,92.44988579931903,90.67818180340808,92.03679706083008,418300.0
2023-12-07,90.88932037353516,91.44010769159812,90.21919101740404,90.96275354660702,565600.0
2023-12-08,90.99029541015624,91.15553229966416,89.8978955848738,90.57719968456618,368200.0
2023-12-11,91.17390441894533,91.43093806795332,90.27427964377564,90.88015067670165,403300.0
2023-12-12,91.18307495117188,91.30240998674368,90.6873642590692,91.30240998674368,550900.0
2023-12-13,95.23136138916016,95.47922021870352,90.84341266576864,91.56861860594177,529600.0
2023-12-14,98.26988983154295,98.78395706012898,96.342123717064,96.81947786101448,967900.0
2023-12-15,96.49818420410156,97.75581393890842,95.69035628302676,97.1591247709256,1334700.0
2023-12-18,95.80052185058594,96.91127829992726,95.616928405798,96.91127829992726,382400.0
2023-12-19,95.83723449707033,96.9020890006922,95.69953592235322,96.13098818810124,551300.0
2023-12-20,94.77238464355467,96.96635932527164,94.7173080083515,95.81888273426313,505400.0
2023-12-21,95.88314819335938,95.97495193030328,94.80911170607703,95.52513603093192,327800.0
2023-12-22,95.47923278808594,96.96635794655786,95.42414915002465,96.08509677763048,423800.0
2023-12-26,96.03002166748048,96.41557212182326,95.3139973940892,95.48840907373494,323000.0
2023-12-27,96.21360778808594,96.43392831975432,95.47004525371722,96.07591621034416,393600.0
2023-12-28,96.69097137451172,96.73686623702524,95.71790644042956,95.71790644042956,351500.0
2023-12-29,95.58714294433594,96.8672010794046,95.55930959361405,96.46834130822826,388700.0
2024-01-02,96.90431213378906,96.96924246974442,94.99349903835233,95.20683853783024,562300.0
2024-01-03,94.2514190673828,95.94889243060256,93.58356023091112,95.94889243060256,604300.0
2024-01-04,94.43693542480467,94.7708648542116,93.53718152206244,94.26070000369415,619200.0
2024-01-05,94.58536529541016,94.87291292676512,93.40733433925224,93.62995870889104,581900.0
2024-01-08,94.9192886352539,95.51293942881806,92.76730273936496,93.22181508012096,1200200.0
2024-01-09,94.98420715332033,95.0491374796365,93.8989400948035,94.8172424460966,1157000.0
2024-01-10,95.77266693115234,95.93035388527636,94.89146846810527,95.1326342531622,965100.0
2024-01-11,94.59464263916016,95.84687463581868,94.2699838708357,95.39235519091488,756500.0
2024-01-12,95.44800567626952,95.87469172655868,94.75232051401812,95.6335188887864,719900.0
2024-01-16,94.52042388916016,95.34596970182923,93.69487807649104,95.23465753004368,683600.0
2024-01-17,92.98063659667967,94.8450747667741,92.23857668815036,93.39805192979796,640500.0
2024-01-18,91.90464782714844,93.25891406863695,91.34810112305216,92.98063717815118,589900.0
2024-01-19,93.3331298828125,93.64850377963047,91.40376121102612,92.62816689179904,619300.0
2024-01-22,93.50009155273438,94.65028907532884,93.50009155273438,93.78763916416408,427900.0
2024-01-23,94.50187683105467,94.52043239979402,93.20327009433969,93.97315635199902,662000.0
2024-01-24,93.8989486694336,95.7262757560204,93.55574144077872,95.7262757560204,730700.0
2024-01-25,96.16224670410156,96.19935076482568,94.81725811801294,95.19756235590224,762900.0
2024-01-26,96.0973129272461,96.6074848978462,95.67062685950587,96.36631205021018,645900.0
2024-01-29,96.18080139160156,96.46834901348376,95.1140826554042,95.90252447715848,662300.0
2024-01-30,96.0973129272461,96.7929981179504,95.48511363940167,95.68918242764173,728300.0
2024-01-31,94.36273956298828,96.68169012941812,94.20504554604568,96.40341323069632,1105000.0
2024-02-01,95.7633819580078,95.80048601681814,93.62067386905976,94.1772205974634,604900.0
2024-02-02,94.58536529541016,95.43873748173051,93.40733433925224,94.5946430800308,519700.0
2024-02-05,92.572509765625,93.66705471987387,92.32205914052643,93.2867434287522,593500.0
2024-02-06,94.2978057861328,94.91928281678749,92.27568068298572,92.51684643773588,378000.0
2024-02-07,93.53718566894533,94.61318211737648,93.50008868792222,94.44621739527078,420200.0
2024-02-08,94.66883850097656,95.05842758625634,92.98064272101662,93.11978117455398,1035100.0
2024-02-09,93.81546783447266,94.64101370767946,92.69309655828,94.3441883046936,1103300.0
2024-02-12,93.41661071777344,94.58536387171873,93.38878444120648,94.121573723933,744700.0
2024-02-13,93.73198699951172,93.97315276892004,90.66169156280677,93.37023126852355,1268100.0
2024-02-14,93.58356475830078,93.96387603291944,92.54467239832135,93.80618202226952,723200.0
2024-02-15,94.80797576904295,95.11407894762256,94.22360276374384,94.57608070833884,466300.0
2024-02-16,93.1476058959961,94.39056709615222,92.74874611017648,93.6670556420784,783100.0
2024-02-20,92.21075439453124,93.7783601766226,92.0159563178766,92.71164149289145,652600.0
2024-02-21,92.20148468017578,92.94354468567823,91.89538147792888,92.22003317264095,858800.0
2024-02-22,91.92320251464844,92.13654908865446,90.949247486036,91.95102879019797,761700.0
2024-02-23,91.16258239746094,91.85826755870758,91.13475612331112,91.78405944305784,452200.0
2024-02-26,90.34630584716795,91.27388597480446,90.18861892391972,90.93067877990404,536100.0
2024-02-27,90.81938934326172,92.03451725524944,90.42052953657382,90.81938934326172,795900.0
2024-02-28,91.52434539794922,92.1179962166344,90.09587090396424,90.09587090396424,575800.0
2024-02-29,93.54646301269533,94.16794005660324,91.92319764086464,92.37770996345212,1606000.0
2024-03-01,92.68380737304688,93.32383994448566,92.1179829124452,93.32383994448566,545100.0
2024-03-04,94.33490753173828,94.35346309957968,92.41481671893963,92.57251073808904,522100.0
2024-03-05,94.31634521484376,95.0213080750876,93.83400667480822,93.9638673231591,727600.0
2024-03-06,94.43693542480467,95.10479428361852,93.8061806222444,94.71521230826882,776800.0
2024-03-07,94.60391235351562,95.22539652990667,94.19578183578427,94.91929333395116,683200.0
2024-03-08,94.77086639404295,96.00454974623692,94.13084087467657,95.44800304714104,496700.0
2024-03-11,95.31814575195312,95.3366942425986,94.05663608179589,94.6131828005416,381000.0
2024-03-12,94.81188201904295,95.37440263055528,94.4368778150304,95.16814602670031,668000.0
2024-03-13,94.8681411743164,95.90879432251042,94.50250705768032,94.50250705768032,407300.0
2024-03-14,93.13370513916016,94.25873912969024,92.43993882761828,94.2493618794306,506100.0
2024-03-15,92.92745208740234,93.38683719380502,91.76491629380752,92.20555405316652,747900.0
2024-03-18,93.55559539794922,94.02435777163204,92.8149499892008,92.92745553387331,439900.0
2024-03-19,93.4430923461914,94.26811872364117,92.99308446098826,93.55559789386538,326200.0
2024-03-20,94.78375244140624,95.05563548196,92.90870290882552,92.90870290882552,326400.0
2024-03-21,95.8337860107422,96.05878995952776,94.9525104116077,95.28064266040889,845100.0
2024-03-22,93.31184387207033,96.13379557341966,93.28371927200568,95.90879162015575,631900.0
2024-03-25,92.84307861328124,94.15561474705996,92.6743238653276,93.68685235304946,478700.0
2024-03-26,92.6180648803711,93.41495943543522,92.58056303448332,93.22745735874216,373700.0
2024-03-27,95.1962661743164,95.280639970449,93.18996373514936,93.36808857790028,536100.0
2024-03-28,95.74002838134766,96.7431795603064,95.31813795953096,95.63690008841998,674200.0
2024-04-01,94.4462432861328,95.74003204593022,94.34311498925776,95.74003204593022,549100.0
2024-04-02,93.56497955322266,94.27749326382632,93.04933804301908,93.85560995747556,406000.0
2024-04-03,93.9024887084961,94.25874556246664,93.00245859355016,93.28371889856408,538700.0
2024-04-04,93.14308166503906,95.12125944240915,92.88057588178076,94.92438010496542,428900.0
2024-04-05,93.46184539794922,94.15561171598188,92.68369813228291,93.46184539794922,377100.0
2024-04-08,94.7275161743164,94.9150182920694,93.75248942595678,93.93062144474524,431500.0
2024-04-09,96.47129821777344,96.48067546804356,94.49312042280307,94.99938464619676,641400.0
2024-04-10,93.42434692382812,94.4181209141552,93.16184112659052,93.94935851830334,703200.0
2024-04-11,93.51809692382812,93.99623656500466,92.6743231902067,93.99623656500466,501400.0
2024-04-12,93.50872039794922,93.84622989401352,92.9743315546385,93.34934290057066,829900.0
2024-04-15,91.92430877685548,94.05248690887971,91.41804453051458,94.00560780815044,637000.0
2024-04-16,90.40552520751952,91.53992946331311,89.98364186915111,91.42742390179949,550400.0
2024-04-17,90.97740173339844,91.45554135412166,90.36800922114276,90.72426604776716,396500.0
2024-04-18,92.3743133544922,92.45869430222535,90.733645026337,91.37116214853,450500.0
2024-04-19,93.5368423461914,93.82747988624364,92.61807208508073,92.79620407871792,483800.0
2024-04-22,94.82125091552734,94.98062840346503,93.3493373709494,93.98685447544632,723700.0
2024-04-23,96.44318389892578,96.91194632394736,94.89626646580524,94.89626646580524,508500.0
2024-04-24,97.12757110595705,97.29632586172492,95.16814764157958,95.69315925830333,763100.0
2024-04-25,96.16191864013672,96.75255669031648,95.58065068799796,96.4806807921956,817400.0
2024-04-26,95.80565643310548,97.17444170894336,95.72127548622876,96.49942274491455,559700.0
2024-04-29,96.83694458007812,97.18383135660687,96.23692923612091,96.44318585174628,365700.0
2024-04-30,97.66195678710938,97.92446258690585,96.20879763745135,96.20879763745135,1057500.0
2024-05-01,97.76508331298828,99.3588797371412,97.1275661738764,97.60570581639692,715100.0
2024-05-02,98.35572814941406,99.29325292985536,98.12134695430376,98.87136248700892,989100.0
2024-05-03,95.63690185546876,99.29324981503994,94.6056260598836,97.96195923248844,1336900.0
2024-05-06,95.74002838134766,96.75254965766632,94.94312663549816,96.38691558373952,804000.0
2024-05-07,96.64942169189452,97.48382528824634,95.8056551508972,96.39629316014457,699900.0
2024-05-08,95.73065185546876,96.83693133572446,95.36501777877582,96.33066711736208,340600.0
2024-05-09,96.1431655883789,96.3119203288126,95.50564847482342,96.09628648996824,623200.0
2024-05-10,95.36502838134766,96.89319130376498,95.2337754752626,96.62130824037534,703900.0
2024-05-13,96.05878448486328,96.1619127790013,95.3931427744473,96.1619127790013,501400.0
2024-05-14,96.0681610107422,96.80880641180988,95.74939888051551,96.56504797725373,440400.0
2024-05-15,96.55567932128906,97.3994530908194,96.28379626484336,97.37132849062618,466600.0
2024-05-16,95.28064727783205,96.8838139020206,95.11189251987813,96.56505888852264,546100.0
2024-05-17,95.9369125366211,96.01191623574478,94.95250865567536,95.43064829665585,624900.0
2024-05-20,94.69937896728516,95.91815687595287,94.44624327398935,95.7587793818015,318900.0
2024-05-21,94.96188354492188,95.05563459012204,94.29624182543051,94.38999287063068,313400.0
2024-05-22,94.77437591552734,95.43064754859562,94.55874922317004,94.8212550152988,314200.0
2024-05-23,92.48681640625,94.76500179515712,92.44931455857402,94.63374890466424,511500.0
2024-05-24,91.93367004394533,93.2555833078699,91.88679810046492,93.2555833078699,320100.0
2024-05-28,91.87742614746094,93.04933209321938,91.73679600342068,92.81495090406769,657600.0
2024-05-29,91.59616088867188,91.9617949516867,90.83676816590967,90.93989645575958,437000.0
2024-05-30,92.66495513916016,93.15247207931702,92.25244905835106,92.29932101041608,374300.0
2024-05-31,94.64311981201172,94.84937639962182,92.53368914322026,93.1430816558648,952500.0
2024-06-03,94.96188354492188,95.62752526441324,94.58687221137492,94.64312140794578,388900.0
2024-06-04,95.2337646484375,95.74002886553018,95.0556326592532,95.08375725696732,447300.0
2024-06-05,95.37439727783205,95.6275258166088,94.59625000795934,95.24313723049832,355900.0
2024-06-06,95.66503143310548,95.92753723261876,94.78375583238524,94.9806351820202,322300.0
2024-06-07,94.69937896728516,94.8775038096176,94.2587411811932,94.40874142488086,396500.0
2024-06-10,94.27749633789062,95.1681492343064,93.07746567801166,94.45562834772316,557900.0
2024-06-11,93.62122344970705,94.34311437035028,93.58372160083972,93.70559724509872,370300.0
2024-06-12,94.54936981201172,96.44317381665692,94.28686402588178,95.47751731375575,384200.0
2024-06-13,95.42127227783205,96.2931706213472,93.94935863907487,94.44624563487716,379500.0
2024-06-14,94.8681411743164,95.74940966307535,94.69938641642692,94.94313772568636,450100.0
2024-06-17,94.20249938964844,94.83063931791789,94.20249938964844,94.34312239392747,390700.0
2024-06-18,94.6806182861328,94.95250130986268,94.0524784482462,94.41811251225457,441500.0
2024-06-20,94.69000244140624,95.28064047570552,93.98685885892056,94.37124745066434,435100.0
2024-06-21,95.01224517822266,95.54298458307368,94.30143037639056,95.1449300294354,1107300.0
2024-06-24,95.7988739013672,96.19692842151694,94.78477849196769,94.90798377750504,421200.0
2024-06-25,94.11186981201172,96.00737569156256,93.92231488558798,95.72304691731748,373900.0
2024-06-26,93.97919464111328,94.36776962636527,93.00300293892408,93.36315372076652,1096300.0
2024-06-27,95.08806610107422,95.20179184040136,93.54322398791506,94.05501150723325,362400.0
2024-06-28,95.6946258544922,95.723057288841,94.6520989539384,95.48611902822503,752900.0
2024-07-01,95.17335510253906,95.7988755571126,94.43410891497514,95.18283465721544,360300.0
2024-07-02,95.8367919921875,95.86522342705108,95.13544952190324,95.33447679673029,265000.0
2024-07-03,95.39134216308594,96.45282090948363,95.3060406319466,96.27275275402356,145400.0
2024-07-05,95.53350830078124,95.84626130523624,95.16388519760388,95.37238479031328,227100.0
2024-07-08,95.33446502685548,96.44334146510852,94.974321511743,95.81782105220778,304000.0
2024-07-09,95.33446502685548,95.82730060625263,94.78477381553247,95.24917073279506,442200.0
2024-07-10,97.24893188476562,97.38161672081324,95.40081650354443,95.67565849908505,426100.0
2024-07-11,99.4477310180664,100.0448128556516,98.39572452033376,98.78430675408283,566800.0
2024-07-12,100.755615234375,101.28636181085858,100.0068895255271,100.38599215707788,592200.0
2024-07-15,100.8409194946289,101.56121379102252,100.49972784006252,101.22002213645617,454100.0
2024-07-16,103.020751953125,103.1534367994864,101.14420499413863,101.36218414282588,426400.0
2024-07-17,104.11066436767578,104.3191711821251,102.57530915360616,102.84067883353023,530500.0
2024-07-18,103.82634735107422,105.21953823161624,103.31455984707068,103.63679240656452,481300.0
2024-07-19,103.7789535522461,104.26230960710826,103.07761835651183,104.26230960710826,538200.0
2024-07-22,105.01103973388672,105.08685448169942,103.07762266441662,103.6652249215698,442600.0
2024-07-23,103.95902252197266,104.99206975797914,103.92111153659889,104.85938492456144,414900.0
2024-07-24,101.6465072631836,104.40447191005065,101.22002131383243,104.05380070382364,550100.0
2024-07-25,101.4664306640625,103.30507373988851,101.37165681320968,101.95926625774722,629400.0
2024-07-26,103.82634735107422,104.13910035564712,101.98770415862982,102.10143712533564,309500.0
2024-07-29,105.05841827392578,105.1911031150466,103.50410393726936,103.88320658223518,497800.0
2024-07-30,107.95854949951172,108.4703297649509,104.840441209866,105.18163287401325,463700.0
2024-07-31,105.8166275024414,107.9680237042182,105.8166275024414,107.40885288593653,1005000.0
2024-08-01,106.9065399169922,107.7689913758906,106.18624562163971,106.63169068283426,552500.0
2024-08-02,106.60325622558594,109.03898104591362,105.75974943805028,108.99159050555522,979500.0
2024-08-05,104.0253677368164,106.77385278870676,103.57044313087526,104.31916884288968,710700.0
2024-08-06,106.5748291015625,107.78795909673698,103.55150174583568,104.03485060207257,556500.0
2024-08-07,106.14833068847656,107.97749417617888,105.58915991723188,107.18137793600908,695200.0
2024-08-08,106.47056579589844,107.44675743451066,105.8071416053672,106.14833325500652,647200.0
2024-08-09,106.9065399169922,107.03922475682272,105.81662253485734,106.66012211554344,556700.0
2024-08-12,105.83557891845705,106.76438006759092,105.2953599816411,106.68855808995109,408300.0
2024-08-13,105.93983459472656,106.56535507745474,105.2574512429438,106.5179645327213,504600.0
2024-08-14,106.73594665527344,107.48467240133014,106.2336314858063,106.29050158337296,373200.0
2024-08-15,107.21929168701172,108.47032532744475,106.33788112915332,107.09608640308062,710600.0
2024-08-16,107.389892578125,107.7405637992457,106.27154372325496,107.50362554381375,598500.0
2024-08-19,107.03923034667967,108.32817505587224,106.8117644115644,107.3993738977728,856300.0
2024-08-20,106.98235321044922,107.52257211694538,106.5463877096612,107.09608617052577,657500.0
2024-08-21,107.66474151611328,107.76899492666956,106.9254953181918,107.17191312775952,761300.0
2024-08-22,108.20496368408205,108.65040877327613,107.23825875729764,107.6552651812135,962400.0
2024-08-23,110.1194305419922,110.40375212200514,108.21444486354272,108.54615698894884,664000.0
2024-08-26,109.90144348144533,110.90605940673002,109.85406016712513,110.90605940673002,462000.0
2024-08-27,109.03897857666016,110.2141901969662,108.96315660611629,109.17166340972145,515800.0
2024-08-28,108.9916000366211,109.56972997179965,108.64092880733484,109.27592884207286,534000.0
2024-08-29,108.49877166748048,109.02003150325368,107.85429930827682,108.99160006885648,526000.0
2024-08-30,108.9916000366211,109.31383260073666,108.13862085104768,108.47033297022014,717800.0
2024-09-03,108.64093017578124,108.79257413547414,107.84482107973948,108.21444419301343,469200.0
2024-09-04,108.44190216064452,109.73084688609715,108.14810102922496,108.88734725072062,694700.0
2024-09-05,109.88249206542967,111.10509438024737,108.77361549008585,109.08637573520286,859800.0
2024-09-06,109.41808319091795,110.94396613052386,109.03898776780584,109.97726123233724,654000.0
2024-09-09,111.00083923339844,111.07665398160414,108.80205245823136,109.02951116441226,535700.0
2024-09-10,110.50799560546876,111.5031391230318,109.75926988639604,111.14298836428868,583300.0
2024-09-11,110.20471954345705,110.79232901645793,108.96316540634828,109.5981581916801,800900.0
2024-09-12,110.1857681274414,110.981877193449,109.88248745027924,110.30897341695734,990500.0
2024-09-13,111.25672912597656,111.4841878316504,110.00569539859774,111.27568823607214,1000600.0
2024-09-16,111.0956039428711,112.1570826381557,110.91552856530048,111.83485010016751,743200.0
2024-09-17,109.58867645263672,111.08612792345656,108.93473180156292,111.08612792345656,957500.0
2024-09-18,109.48442840576172,110.88710609171376,109.13376440736012,109.59816137406548,1043300.0
2024-09-19,108.25235748291016,110.03413066246604,107.0960975734224,109.835103384227,2000500.0
2024-09-20,107.12452697753906,108.33764973472624,106.95393113788572,107.09609554272716,2570600.0
2024-09-23,108.65040588378906,109.0105494291345,107.8637691399954,107.8637691399954,960900.0
2024-09-24,108.9631576538086,109.56023940832532,108.05331569087689,108.05331569087689,681800.0
2024-09-25,108.82099151611328,109.23800512062992,108.61248471385495,109.0958407344737,494500.0
2024-09-26,107.69317626953124,109.02951153833864,107.18138875578258,108.8589157004224,434900.0
2024-09-27,108.40398406982422,108.94420298328184,107.64578601855428,108.58405945123724,410000.0
2024-09-30,108.9631576538086,108.972637207913,107.4751858137878,108.26182249648689,719700.0
2024-10-01,108.52298736572266,109.49903074138793,107.87228934840186,109.35549301832872,597500.0
2024-10-02,106.36994934082033,108.27419515751652,106.26468882476166,107.81487587829402,994300.0
2024-10-03,106.78141784667967,106.88667836754011,105.767097155442,106.31253471779488,419300.0
2024-10-04,106.55175018310548,107.12589377000148,105.4513040495196,106.39864863356138,351600.0
2024-10-07,105.50872802734376,106.2072671093844,105.23122370001524,105.9106278252821,411400.0
2024-10-08,104.92501831054688,106.01589341468124,104.69536231510608,105.88192680895472,580400.0
2024-10-09,106.78141784667967,107.07806445121028,105.03984463876064,105.03984463876064,564200.0
2024-10-10,105.65226745605467,106.84840304105325,105.31734365174933,106.58046253748248,675700.0
2024-10-11,106.64744567871094,106.80055453766523,105.98718380120918,106.0828731877395,394900.0
2024-10-14,106.72400665283205,107.23116700311236,105.88192977884135,106.48477952151998,460500.0
2024-10-15,108.30290985107422,109.25981839992605,107.06849694697944,107.20246355976806,511400.0
2024-10-16,108.6091079711914,109.11626827643592,108.18806592126823,108.18806592126823,422800.0
2024-10-17,108.45599365234376,108.64737971113574,107.74788348639252,108.23590881052252,366200.0
2024-10-18,109.41291809082033,109.62343913605052,107.84358868172764,108.40816851217528,430300.0
2024-10-21,108.34117126464844,109.02057535914804,107.86271706001786,108.96316319079452,645200.0
2024-10-22,109.43205261230467,109.68085085731543,107.83401722833204,108.1689337308664,415400.0
2024-10-23,109.49903869628906,110.32198058093974,109.04929053832504,109.1258449696024,415700.0
2024-10-24,109.01101684570312,110.37939632132158,108.8866213663315,109.75740432319816,425400.0
2024-10-25,107.50865936279295,109.44161845659671,107.47038214997556,109.40334124377932,496600.0
2024-10-28,108.3603057861328,109.01100379384698,108.06366651665329,108.06366651665329,361600.0
2024-10-29,107.98712158203124,108.83876955365209,107.56608681107316,108.29333200665188,633700.0
2024-10-30,109.3267822265625,109.79566528777748,108.2454783872536,108.2454783872536,712400.0
2024-10-31,106.063720703125,109.52773164631888,106.01587966478893,106.22640067523598,1361100.0
2024-11-01,105.67140197753906,107.7287566353822,105.44174599034304,106.69529374205185,571400.0
2024-11-04,106.61873626708984,106.77184512126826,105.48958401973604,105.73838225745996,746000.0
2024-11-05,108.8292007446289,108.9344539570772,105.7096771673871,106.08287087716944,702700.0
2024-11-06,108.24549102783205,110.5229306060317,106.9249526390955,110.05404749006196,951500.0
2024-11-07,108.74307250976562,109.36506444429344,108.03496232154706,108.3698788091753,677400.0
2024-11-08,109.4224853515625,110.07318342261664,108.78135840967116,109.29808987497584,721900.0
2024-11-11,109.91050720214844,111.16405495883927,109.44162409707536,109.68085121403968,705100.0
2024-11-12,108.75264739990234,110.64732205295404,108.72394131434584,110.197581211515,433900.0
2024-11-13,109.15454864501952,110.14973432774504,108.89618657095598,109.83395278117564,599000.0
2024-11-14,108.48471069335938,109.57558571303336,108.46556843651912,108.944022648679,525700.0
2024-11-15,108.64739227294922,109.30766147601652,107.42255055759088,108.33161071490552,2699300.0
2024-11-18,107.68091583251952,107.96799131209178,105.74796381204884,105.92977146852074,694500.0
2024-11-19,108.3603057861328,108.44643133894957,106.93451430622667,107.34598521258464,322300.0
2024-11-20,108.2741928100586,108.92489084948072,107.51823425685993,107.77659632663642,585100.0
2024-11-21,109.47032165527344,109.63299432998524,108.11151348891885,108.41772388275412,463400.0
2024-11-22,109.91050720214844,110.23585257691649,109.49903626894448,110.01576771766332,511600.0
2024-11-25,110.98223876953124,111.55638234591424,110.36024685318648,110.68559220290524,938600.0
2024-11-26,110.90569305419922,111.2023323434858,110.18801170220996,111.06836574183173,659200.0
2024-11-27,112.46544647216795,112.9151946018187,111.40327753211726,111.6042274260955,471100.0
2024-11-29,111.62338256835938,113.00132590050735,111.58510535071184,112.53244276043222,350100.0
2024-12-02,109.3267822265625,111.38413670014272,108.83875690942683,111.0587840551751,597300.0
2024-12-03,108.79093170166016,109.76697517732944,108.54213344290812,109.34593309338489,599400.0
2024-12-04,108.85791015625,108.8770451134711,108.1210865421725,108.62824686580304,619900.0
2024-12-05,108.7143783569336,108.87705105440229,107.91057139777368,108.31247852766997,395900.0
2024-12-06,108.9822998046875,109.75739329177864,108.53255167739152,109.26937525208594,314200.0
2024-12-09,109.28851318359376,109.55644638145624,108.22634422018731,109.09713441387257,681100.0
2024-12-10,107.9010009765625,108.97273378911947,107.02063963686354,108.94402770315916,691800.0
2024-12-11,107.51823425292967,108.74307590341314,107.45125095331362,107.9392763080204,450500.0
2024-12-12,108.58998107910156,109.42248681156222,107.44168648511445,107.44168648511445,448000.0
2024-12-13,109.3267822265625,109.55643819318982,108.01581511999474,108.01581511999474,486900.0
2024-12-16,109.49903869628906,111.09707412088396,109.02058445175412,109.0301555808219,469700.0
2024-12-17,109.4033432006836,110.46551214831211,108.81962847088298,108.81962847088298,412800.0
2024-12-18,105.19294738769533,110.60904547949076,105.15467017318748,109.4033460753388,797400.0
2024-12-19,104.82933044433594,107.00150955501212,104.78148209846717,105.25036522532427,1062500.0
2024-12-20,107.0971908569336,108.21677197962671,105.05897850787956,105.05897850787956,1825000.0
2024-12-23,107.2981414794922,107.5086625058266,106.23597251981003,106.67615682976314,480200.0
2024-12-24,107.8722915649414,108.03496424745622,106.94408921080212,106.94408921080212,210100.0
2024-12-26,107.9297103881836,108.2550557732684,106.70486867858732,107.2885834465406,269500.0
2024-12-27,106.62830352783205,108.1306494269601,106.26468096329624,107.38426204149457,383300.0
2024-12-30,106.1402816772461,106.4464920838992,104.83888562381236,106.02545733764616,382700.0
2024-12-31,107.12590789794922,107.45126059716516,106.0541750079032,106.65702475855409,544200.0
2025-01-02,105.28972625732422,107.31918081419686,104.92249534487252,106.9036267463612,558900.0
2025-01-03,105.94689178466795,106.61371305459686,105.20276378082484,105.56999472942444,429200.0
2025-01-06,102.96070098876952,105.97588464856388,102.87372077961037,105.36704530368576,594300.0
2025-01-07,101.37580108642578,103.57920146168956,100.88293288467082,103.14432252507444,875800.0
2025-01-08,101.04721069335938,101.7913459819103,100.1484545822632,101.38545802801607,659400.0
2025-01-10,98.23499298095705,100.0904873618575,98.09003086958808,99.44299828723274,698100.0
2025-01-13,99.75223541259766,99.86819918935112,97.92573219794684,98.23498122442004,729600.0
2025-01-14,100.47704315185548,100.50603409738328,99.04676173016117,99.82955412480544,713700.0
2025-01-15,100.52536010742188,102.7770836286352,100.05182412110264,102.68044468472418,708800.0
2025-01-16,101.84933471679688,101.878325662156,100.31275562813424,100.67032045166825,405300.0
2025-01-17,101.84933471679688,102.61279489459456,101.61739978084526,102.08126965274847,546300.0
2025-01-21,102.77708435058594,103.12499044957256,101.92665131588468,102.02329026047454,626900.0
2025-01-22,100.96024322509766,102.57413639397008,100.5930049275272,102.06194337165188,606300.0
2025-01-23,101.55941772460938,101.75270299585188,99.80056230823833,101.03756592495266,651700.0
2025-01-24,102.96070098876952,103.05733993099628,101.02789265191952,101.51109473613202,525400.0
2025-01-27,106.24647521972656,106.4300869955862,103.88844672081774,103.97541955573884,775600.0
2025-01-28,105.05779266357422,107.26119291236316,104.83552384137938,105.76327092649692,507400.0
2025-01-29,103.5792007446289,105.56999100444872,103.40524769657134,105.31873122520462,594900.0
2025-01-30,104.65190887451172,105.46368484149528,103.68550470062917,104.7582139234851,476300.0
2025-01-31,104.98048400878906,105.90823114203096,104.41997518478044,104.56492991413164,2372100.0
2025-02-03,104.59392547607422,105.24141449370514,103.19263502029244,103.8981133012141,631900.0
2025-02-04,104.49727630615234,104.8451823840756,103.7144913173642,103.7144913173642,518900.0
2025-02-05,106.23680877685548,106.41076181922467,104.44896256938644,105.66662649289246,649500.0
2025-02-06,107.00027465820312,107.20321865629572,105.62798245791292,106.93262665883894,697300.0
2025-02-07,107.25154113769533,107.8023912356296,106.4880809365094,107.1259038731854,721200.0
2025-02-10,106.1111831665039,107.5801142932987,105.77293580104588,107.27086524696934,553200.0
2025-02-11,107.24186706542967,107.24186706542967,105.3283836513756,105.3283836513756,575400.0
2025-02-12,106.8359832763672,106.93262221814868,105.36704481820529,105.84058079408968,707100.0
2025-02-13,108.06332397460938,108.06332397460938,106.48808768633756,106.7876706473202,884300.0
2025-02-14,101.50142669677734,107.75406272709124,101.22116860850248,107.75406272709124,1772000.0
2025-02-18,101.19217681884766,101.6753788898228,100.17745689364692,101.47243490478266,1427600.0
2025-02-19,101.48210144042967,102.19723844403948,100.64132717906408,100.64132717906408,724600.0
2025-02-20,101.01822662353516,101.60773375657448,100.39006243895962,100.98923567815268,536000.0
2025-02-21,100.74764251708984,101.4821118075759,100.16780144484476,101.18252147800384,620900.0
2025-02-24,102.08126831054688,102.44850660847692,100.69931007299624,101.10520542192306,642300.0
2025-02-25,102.06194305419922,102.99935626107124,101.89765611794374,101.90731485084449,506900.0
2025-02-26,101.51110076904295,102.91238394730748,101.27916581929888,102.26489488552066,480400.0
2025-02-27,100.51570129394533,101.81067936209284,100.16779519768026,101.29848632400228,683900.0
2025-02-28,101.87832641601562,102.12959356611836,100.43838625892126,101.53042032297448,974400.0
2025-03-03,101.93630981445312,102.82539983525064,101.16318356927717,101.6560517349038,726800.0
2025-03-04,99.5589599609375,102.54515284855673,99.51064417356136,101.95564568178254,700300.0
2025-03-05,100.06149291992188,100.51570407891258,98.38961039026572,98.95979270891758,693200.0
2025-03-06,97.53917694091795,99.40433735599144,97.45219672825704,99.2690413568113,652100.0
2025-03-07,97.90640258789062,98.7375107510728,96.97865548382,97.8194297530146,630700.0
2025-03-10,96.37950134277344,99.08542888198734,95.71268003534784,98.10935850227789,1013600.0
2025-03-11,94.97819519042967,97.19126149733565,94.23406726644214,96.65973628514575,767500.0
2025-03-12,93.857177734375,95.57737601558146,93.52859647525844,94.8139158195141,768000.0
2025-03-13,91.51847076416016,94.38869229156946,91.4025069840328,93.61557338943231,1091900.0
2025-03-14,92.92943572998048,93.01640857294466,91.48948809644196,92.03067948728754,1037000.0
2025-03-17,94.6206283569336,94.8815542180884,92.91008898209417,92.91008898209417,605500.0
2025-03-18,94.01179504394533,95.43241033186924,93.5285929663156,94.34037629073438,702400.0
2025-03-19,94.25340270996094,95.229473039865,93.3063307001396,93.8475147057518,640300.0
2025-03-20,94.05045318603516,94.9202184104748,93.61557426035468,93.85717530197242,630800.0
2025-03-21,91.90504455566406,93.6735661384041,91.51848137324468,93.62524297569688,1674800.0
2025-03-24,94.95887756347656,95.4034226051222,91.83738879253768,92.60084898571564,1297500.0
2025-03-25,94.44668579101562,95.40342388537265,93.93448537119082,94.99753589056408,938400.0
2025-03-26,94.23407745361328,95.31644546005906,93.82818207811704,94.68828861620923,581400.0
2025-03-27,93.5285873413086,95.0651736897584,93.02606045495128,94.5433145925346,417700.0
2025-03-28,93.67355346679688,94.27272668714826,92.51387144949314,94.27272668714826,849700.0
2025-03-31,94.53365325927734,94.79457913452204,93.30632323810951,94.13743139344967,982200.0
2025-04-01,94.79754638671876,95.139633172125,93.54648188184298,94.73890506834417,1035800.0
2025-04-02,96.8403091430664,97.1237546193728,94.25998665309515,94.61184948872152,920800.0
2025-04-03,90.58497619628906,95.5696896064979,90.4188208225664,94.86596395669288,1274100.0
2025-04-04,87.07612609863281,89.96922216400864,86.7047186441947,89.90080480511392,1326100.0
2025-04-07,84.61309814453125,87.88737041753653,82.64853179795479,84.56422540408046,1450300.0
2025-04-08,81.67113494873047,87.81895123174853,80.7621571765242,87.47686442649523,1853400.0
2025-04-09,88.33696746826172,88.95273116077222,78.82691721189885,80.37120327730247,1783600.0
2025-04-10,86.94906616210938,89.35345718454448,84.6912858943088,87.10545295556828,1212500.0
2025-04-11,88.21968078613281,89.07978576011713,85.21907823039452,87.48663448629186,949400.0
2025-04-14,90.19401550292967,90.76090643090843,88.97227167035439,88.97227167035439,1094600.0
2025-04-15,90.21356964111328,91.19096472950268,89.91057209299831,90.19401756346316,733600.0
2025-04-16,89.98876953125,91.28870684685369,89.26549922129998,90.21357369272624,636600.0
2025-04-17,91.60147094726562,92.36383794033053,89.97899148454154,90.37972705916602,542200.0
2025-04-21,90.20379638671876,90.96616338608614,89.1188872085627,90.59475592552928,620100.0
2025-04-22,91.4548568725586,92.03152384443302,90.4285890610009,91.42553621341683,843700.0
2025-04-23,92.52999114990234,94.04495651839773,91.86536219208236,92.15858370112429,975500.0
2025-04-24,93.35100555419922,93.77128573406476,92.14880633279186,92.30519312387328,1039700.0
2025-04-25,92.24654388427734,93.0675596194556,91.66010833454008,93.0675596194556,418300.0
2025-04-28,92.60818481445312,92.85253358705064,91.405985572223,92.383380662613,645900.0
2025-04-29,91.8751449584961,92.95027814215568,91.31803001606764,92.13903837041134,733300.0
2025-04-30,91.89468383789062,92.09016733166092,89.6075828877744,91.4450829876182,940100.0
2025-05-01,93.1066665649414,93.95699559572668,91.50373907266255,92.50067887125222,719100.0
2025-05-02,94.3381805419922,95.04190627252996,93.2630473234188,94.2208978915249,526500.0
2025-05-05,92.49089813232422,93.78105940097284,92.33451878969596,93.74197015801556,678200.0
2025-05-06,92.57886505126952,93.2043973186214,91.40598645728517,91.61124599035536,632000.0
2025-05-07,93.05779266357422,93.781062996946,92.63751244480414,93.02847200176544,588900.0
2025-05-08,93.07733917236328,93.9667648407111,92.46157548349731,93.48784332698534,784900.0
2025-05-09,91.38644409179688,93.09688555875564,91.0052605900007,93.09688555875564,1249900.0
2025-05-12,95.98997497558594,96.14636177596329,93.10666232025986,93.2923623245416,1103300.0
2025-05-13,94.7193603515625,96.50798767256312,94.5629735601457,96.0779389100322,740600.0
2025-05-14,93.06756591796876,93.97654369150465,92.4811303285434,93.97654369150465,922400.0
2025-05-15,94.5238800048828,94.6411701023449,93.15552536222336,93.29236008079602,444600.0
2025-05-16,95.73584747314452,95.78472021112744,94.21111349681856,94.72913170893275,848800.0
2025-05-19,95.5794677734375,95.7163024909539,94.62161729388993,94.6998106915944,442200.0
2025-05-20,94.2599868774414,95.4719547269651,93.85925130266148,95.0321299098518,516400.0
2025-05-21,91.7383041381836,94.36749932780056,91.61124546043337,93.85924970293412,723600.0
2025-05-22,91.54283142089844,92.05107360725783,90.49701147353376,91.8653661464087,710800.0
2025-05-23,90.46768951416016,91.142094530146,90.02786469491119,90.81955235233252,624100.0
2025-05-27,92.9698257446289,93.07733980351128,90.94661816092056,91.914237233929,818700.0
2025-05-28,92.69615173339844,93.3412361067626,92.40293766481456,93.01869392008052,697000.0
2025-05-29,93.80061340332033,94.56298042448591,92.7059281547373,92.96005298077024,601200.0
2025-05-30,93.32168579101562,93.72241389737675,92.85253287020002,93.39987173037431,917400.0
2025-06-02,93.2825927734375,93.7321936344534,91.7480827311036,92.55931501460353,544200.0
2025-06-03,92.98937225341795,93.4291970800045,92.58864412693984,92.73524743117996,396600.0
2025-06-04,92.98937225341795,93.1653036754392,92.14881184342022,92.83299290991748,482500.0
2025-06-05,92.3345184326172,93.19462345607904,91.8849175710167,92.98937137514837,461500.0
2025-06-06,94.24044036865234,94.40659575765368,92.64728892829817,93.11643443335296,839700.0
2025-06-09,94.56297302246094,95.18850527070607,93.5758019138202,94.269751518688,1000300.0
2025-06-10,95.62833404541016,96.26364235871088,94.86596705222244,94.86596705222244,807500.0
2025-06-11,94.27953338623048,96.28319638638062,93.82015648182012,95.94110958211752,582800.0
2025-06-12,94.45545959472656,94.47501167213848,93.5073851774292,93.98631413389718,352500.0
2025-06-13,93.135986328125,94.18179885819926,92.51045401800208,93.95699468881132,405400.0
2025-06-16,93.47806549072266,94.47501265498876,93.16529936127174,93.92766633575008,428200.0
2025-06-17,93.03824615478516,94.21111734495317,92.60818990515472,93.18484946085628,591100.0
2025-06-18,93.4585189819336,94.13291650738375,92.98936606876894,92.98936606876894,755700.0
2025-06-20,93.32168579101562,94.484780868886,93.20439569657854,93.61489984170927,1179300.0
2025-06-23,94.20133972167967,94.31862982149764,92.42248088757228,92.64728504799012,600900.0
2025-06-24,94.09382629394533,94.62162056127649,93.86902958894856,94.52388253923732,495500.0
2025-06-25,91.5916976928711,93.6246813741413,91.46463900914162,93.6246813741413,616200.0
2025-06-26,92.69615173339844,92.8036657956258,91.78718140954862,92.0022020770702,635800.0
2025-06-27,92.52022552490234,93.72241734514344,92.08039324728271,92.88185694642112,902200.0
2025-06-30,92.84275817871094,92.9014069552469,91.13231675891262,92.40293336782165,870200.0
2025-07-01,93.15919494628906,94.8995662838152,92.54610761694644,92.5757793386754,988500.0
2025-07-02,93.86127471923828,93.93049364794564,92.31867713987576,93.20864018346852,915500.0
2025-07-03,94.73146057128906,94.86000784993465,93.4657312103992,93.97004484005,558300.0
2025-07-07,93.16908264160156,95.1863296318929,92.8032068612227,93.92060780527022,871200.0
2025-07-08,93.07019805908205,93.86127041599836,92.74387703400924,92.75376760745608,657300.0
2025-07-09,93.58439636230467,94.31614038002328,93.15919222816471,93.58439636230467,947200.0
2025-07-10,93.5547332763672,94.4644699083846,93.53495212889445,93.6635069545755,688200.0
2025-07-11,93.82171630859376,94.1282637331678,92.70432291895754,92.81309659472622,404900.0
2025-07-14,93.91072082519533,94.25681547160946,93.15919563276924,93.47562610153324,631800.0
2025-07-15,91.95279693603516,93.85138718602526,91.60670230910628,93.7722776872138,835300.0
2025-07-16,93.2877426147461,93.54484472737582,92.14068499830896,92.57577972055964,595500.0
2025-07-17,94.06893157958984,94.35569786854587,92.79331914014988,93.32729696672688,655400.0
2025-07-18,93.6140594482422,94.2667015022803,93.406402670402,94.15792782660728,609000.0
2025-07-21,93.31741333007812,94.21725939813028,93.109756545143,93.70306272271438,592300.0
2025-07-22,94.96878051757812,95.0775541923146,93.67339453845806,93.87116074108964,413700.0
2025-07-23,94.5633544921875,95.04789453698538,93.94038413440116,95.04789453698538,503200.0
2025-07-24,93.65361785888672,94.70179236256664,93.58439893023424,94.19748625851162,491200.0
2025-07-25,93.18885803222656,94.1875947450763,92.50655932640016,94.07882106623636,856500.0
2025-07-28,92.15057373046876,93.23830297005787,92.06157365528836,93.08997454095542,697500.0
2025-07-29,93.78216552734376,93.82172027877864,92.2692321203722,92.92187420260166,799600.0
2025-07-30,92.53622436523438,94.82045655355049,91.85391810875662,94.03926719110574,939400.0
2025-07-31,91.13206481933594,92.5955528967554,90.62775117035478,91.43860471170812,2340300.0
2025-08-01,89.59934997558594,91.76492545150674,88.98626264855108,91.4583780158406,854700.0
2025-08-04,90.51897430419922,90.92439728845706,89.63890186508398,89.81689446761835,1016200.0
2025-08-05,92.34833526611328,92.45710893899702,90.6475187929822,90.7365188636584,819700.0
2025-08-06,92.14067840576172,92.99108664151656,92.14067840576172,92.36811632456462,1363500.0
2025-08-07,91.32982635498048,93.77227742787622,90.518972855148,93.77227742787622,1567700.0
2025-08-08,90.28165435791016,91.705587649802,90.05421642934769,91.5177120159084,1020600.0
2025-08-11,90.4299774169922,91.56715199856812,89.89600713487228,89.9553354897084,780100.0
2025-08-12,91.78469848632812,91.83414381108656,90.37064820322696,90.48931245606876,666500.0
2025-08-13,93.52507019042967,93.68328165057086,91.15183793393312,91.85391779146008,738300.0
2025-08-14,92.6845474243164,93.2976271723559,91.92313170947794,92.4768831062354,730200.0
2025-08-15,92.80320739746094,93.05041892891091,92.29889376089976,92.5856600426974,1840900.0
2025-08-18,92.6944351196289,93.9008286184071,92.5757784110916,93.70306240798004,822400.0
2025-08-19,95.62141418457033,95.63130475790442,93.05041585138264,93.05041585138264,741500.0
2025-08-20,95.35443115234376,96.62015297220564,95.13688379999928,95.96751845946936,596800.0
2025-08-21,95.23577117919922,95.63131115174214,94.82045760296305,94.82045760296305,601200.0
2025-08-22,98.34074401855467,98.72639340338846,95.86862870844224,95.86862870844224,593900.0
2025-08-25,98.04409790039062,98.39019254621633,97.05525174414724,98.10342625559004,683300.0
2025-08-26,97.658447265625,98.70662176378696,97.55956416011304,97.95509658216086,594200.0
2025-08-27,99.17137908935548,99.33948112049586,97.37167943804178,97.37167943804178,455800.0
2025-08-28,98.70661926269533,99.53725392540278,97.76721846768883,99.53725392540278,477800.0
2025-08-29,99.42848205566406,99.5669199112482,98.40996419772748,98.72639465967654,907900.0
2025-09-02,98.0342025756836,99.64601901630454,97.7078815493054,98.49896145368334,897400.0
2025-09-03,98.9538345336914,99.28015557581776,97.322236867357,97.53978422877458,547300.0
2025-09-04,99.8635711669922,99.95257124405346,98.93406091061448,99.55703127285356,358000.0
2025-09-05,101.52482604980467,101.79181871838536,100.2986590130217,100.3283231885758,638300.0
2025-09-08,100.6150894165039,101.31716923340664,99.76468117759708,100.45687042122034,774400.0
2025-09-09,99.21092987060548,100.6348631079346,99.04282784619043,100.6348631079346,568700.0
2025-09-10,99.32958984375,99.7350203746513,98.82528375389836,98.82528375389836,512200.0
2025-09-11,100.66453552246094,100.88207532622438,99.23070415765211,99.4284779032966,522700.0
2025-09-12,100.5162124633789,101.16884699809124,100.2788915002378,100.70408810139595,556700.0
2025-09-15,99.95256805419922,100.81285935398418,99.68557537583358,100.27888908584734,655300.0
2025-09-16,98.79561614990234,99.97233786303018,98.60773297924209,99.73501691460984,492800.0
2025-09-17,98.18253326416016,100.05145184843204,98.00454065878678,99.0032773636206,767300.0
2025-09-18,99.10215759277344,99.37903329436674,98.3605230159498,98.40996079449316,500100.0
2025-09-19,98.50885009765624,99.38892251328257,98.31107635328704,99.08237509558454,1219400.0
2025-09-22,98.49896240234376,98.73628335822396,97.65844471103271,98.2913056229114,557900.0
2025-09-23,98.94393920898438,99.250486632762,98.4198519785317,98.49896147784833,451200.0
2025-09-24,98.0243148803711,98.84505898500976,97.65844663789883,98.7461758801334,463900.0
2025-09-25,97.98475646972656,98.7956175145992,97.8858733685436,98.13308489364952,481000.0
2025-09-26,98.40996551513672,98.94394334137984,97.81665933407682,98.51873919516574,566400.0
2025-09-29,98.80550384521484,98.8846133465234,97.88587663932029,98.43963560418295,545000.0
2025-09-30,100.18000030517578,100.3085551320802,98.82528591799444,99.11205220470003,718300.0
2025-10-01,99.63999938964844,100.62000274658205,99.41999816894533,99.9000015258789,511400.0
2025-10-02,99.01000213623048,99.87000274658205,98.02999877929688,99.36000061035156,498800.0
2025-10-03,99.41000366210938,100.1500015258789,99.16000366210938,99.16000366210938,364000.0
2025-10-06,98.73999786376952,100.0999984741211,98.66999816894533,99.36000061035156,513100.0
2025-10-07,97.5999984741211,98.52999877929688,97.33999633789062,98.38999938964844,438400.0
2025-10-08,97.5500030517578,97.80999755859376,96.79000091552734,97.33000183105467,382800.0
2025-10-09,97.16000366210938,98.0999984741211,96.5999984741211,97.8000030517578,384400.0
2025-10-10,95.58000183105467,97.6500015258789,95.58000183105467,97.58999633789062,402200.0
2025-10-13,96.95999908447266,97.12000274658205,95.62999725341795,96.23999786376952,326100.0
2025-10-14,96.7300033569336,97.55500030517578,96.48999786376952,96.95999908447266,80364.0
