Date,Close_LNT,High_LNT,Low_LNT,Open_LNT,Volume_LNT
2023-10-16,46.84215927124024,47.1591013866585,46.2082750404037,46.57182555832606,1472600.0
2023-10-17,46.62776184082031,47.02860053809594,46.45996873237965,46.562509360426,1204000.0
2023-10-18,46.44132614135742,46.907417333908974,46.105739913761326,46.52522269825644,1375300.0
2023-10-19,46.09641647338867,46.71165666285865,45.99387584914478,46.45996700953093,1006300.0
2023-10-20,45.5091438293457,46.36675347413463,45.45321160599199,46.20828061929591,1552100.0
2023-10-23,45.210845947265625,45.73286936619588,44.71679041813099,45.2481340963307,1569800.0
2023-10-24,46.087100982666016,46.301502528447735,45.527792911582736,45.630333554346606,1728400.0
2023-10-25,46.180320739746094,46.39472228262413,45.900666707991874,46.012527609494775,1120100.0
2023-10-26,46.413360595703125,46.99131266369645,46.27353181919165,46.292175893126085,1458400.0
2023-10-27,45.6116828918457,46.46928895114045,45.44388978355004,46.28285532502836,2170000.0
2023-10-30,45.614501953125,46.36721579606976,45.42632259508313,45.86854354809812,1280600.0
2023-10-31,45.90618515014648,46.10377188251514,45.41692020150281,45.87795591036302,1480300.0
2023-11-01,46.574214935302734,46.941162721123405,45.46396063556577,46.02849513848636,2072400.0
2023-11-02,47.2892951965332,47.72210883792936,46.574217875083,46.574217875083,2319600.0
2023-11-03,48.07963943481445,49.6697511853641,48.0702320823952,49.6697511853641,2645800.0
2023-11-06,47.45866394042969,48.23019627602556,47.32693943277531,48.00438385982482,1885800.0
2023-11-07,47.04467010498047,47.60920471055084,46.98821520873403,47.46807285376999,1577000.0
2023-11-08,46.67771911621094,46.837669260993714,45.76505142894397,46.828261906863126,2104700.0
2023-11-09,45.7368278503418,47.05407643094666,45.708602197447455,46.81885308556471,2232700.0
2023-11-10,45.69919204711914,46.14141309266675,45.48278699631722,46.10377649533856,1716200.0
2023-11-13,44.79593276977539,45.68037122274575,44.7677071179516,45.586283323850935,1907300.0
2023-11-14,46.216678619384766,46.44249459420176,45.56746352427356,45.6239184152836,1601300.0
2023-11-15,46.40486145019531,46.92235209397945,46.01909530600459,46.04732095899648,1974700.0
2023-11-16,46.55540084838867,47.04466580345135,46.46131295247103,46.81884982833659,1658900.0
2023-11-17,46.3201789855957,46.837669607969744,46.02850075626115,46.75298906327412,4120900.0
2023-11-20,46.20727157592773,46.29195211840012,45.45455763685277,46.15081668453842,1989500.0
2023-11-21,46.188453674316406,46.33899646342052,45.78386925561976,46.20727197160733,1370600.0
2023-11-22,46.611854553222656,46.64949114632114,45.95322853089144,46.37663123019173,1601200.0
2023-11-24,46.80944442749024,46.81885178178524,46.38604169974868,46.68712728631528,692800.0
2023-11-27,47.00703048706055,47.12934762645662,46.33899707590774,46.80003639257095,2042700.0
2023-11-28,47.15757751464844,47.77856703235157,46.81885530695153,46.98821641079999,1857100.0
2023-11-29,46.98820877075195,47.60919818748531,46.80944034096703,47.27988697755966,1478800.0
2023-11-30,47.58097457885742,47.66565512064544,46.7718057549326,47.148164516040055,2341400.0
2023-12-01,48.44660568237305,48.49364963738043,47.308121871541694,47.72211728974353,2267900.0
2023-12-04,48.361915588378906,48.67240850156248,47.95733119451623,48.14550697742846,1448200.0
2023-12-05,48.22078704833984,48.46541775459503,47.985563696884526,48.46541775459503,2166200.0
2023-12-06,49.02054214477539,49.02995308824916,48.30546477737043,48.3901453225179,1797700.0
2023-12-07,48.75709533691406,49.23695297729731,48.66300743330578,49.01113698372458,1694800.0
2023-12-08,48.34309768676758,48.78531508728781,48.10787436698466,48.64418324895188,1831600.0
2023-12-11,48.46541595458984,48.84177473862979,48.04201680907412,48.30546580436806,1661800.0
2023-12-12,48.35250854492188,48.62536847706065,48.07024125856806,48.62536847706065,1326000.0
2023-12-13,50.224884033203125,50.24370232941315,48.11728151757905,48.40895972499998,1583500.0
2023-12-14,49.10521697998047,50.6670996172448,49.03935474021569,50.42246895372176,2401900.0
2023-12-15,47.62801742553711,48.91704381953299,47.29870620909908,48.76650103641517,4050200.0
2023-12-18,47.85383605957031,48.2396021871176,47.58097612834282,47.938516604115975,2112900.0
2023-12-19,48.21137237548828,48.2584163207938,47.6186086148145,48.11728089565429,2605800.0
2023-12-20,47.27988815307617,48.39954988388443,47.242251559799485,48.20196315301646,1476200.0
2023-12-21,47.58097457885742,47.778561313288414,46.96939248936359,47.392795198303695,1383000.0
2023-12-22,47.929107666015625,48.48423490588021,47.73152091688333,47.98556256114917,1468500.0
2023-12-26,47.919700622558594,48.24901187325048,47.684477275143415,47.684477275143415,799900.0
2023-12-27,47.83501815795898,48.03260490046007,47.65624971320419,47.86324380996677,1244700.0
2023-12-28,48.286651611328125,48.40896876492339,47.6374364223508,47.73152433174797,1175600.0
2023-12-29,48.26782989501953,48.32428479019594,47.88206375103926,48.16433104847448,1346800.0
2024-01-02,48.81354904174805,48.8605929924045,47.70329457798367,47.70329457798367,2106800.0
2024-01-03,48.70064163208008,48.98291252825415,48.46541827808405,48.87941367822013,1590800.0
2024-01-04,48.869998931884766,49.1993137553918,48.5030511024762,48.644186539582535,1591700.0
2024-01-05,48.95467758178711,49.23694844507608,48.55950411593955,48.8417713900054,1174800.0
2024-01-08,49.23694610595703,49.26517175525575,48.67240799542196,48.9264496067793,1280100.0
2024-01-09,49.13344955444336,49.23694839230864,48.81354568705208,49.07699466400145,1404900.0
2024-01-10,48.84177017211914,49.18049232824124,48.70063474399392,49.12403743914655,1270700.0
2024-01-11,47.12934494018555,48.55009222582841,47.00702780776128,48.33368720029197,2524200.0
2024-01-12,47.40220260620117,47.62801497464629,47.091706113060525,47.38338431062693,2205900.0
2024-01-16,47.3081169128418,47.76915623772621,47.11053016898705,47.34575350859223,2374100.0
2024-01-17,46.611854553222656,47.47747465914941,46.31076898688091,46.95057671266289,1890500.0
2024-01-18,46.15081787109375,46.38604120742881,45.76505174307319,46.37663385323364,1785400.0
2024-01-19,45.9814567565918,46.357815530210914,45.80268831319551,46.2637240421945,1619300.0
2024-01-22,45.5956916809082,46.24491040092081,45.44514888583142,45.94382481076724,1531300.0
2024-01-23,45.88737106323242,45.92500766024787,45.30401816638669,45.63332941721329,2156500.0
2024-01-24,45.29460525512695,46.41427063775103,45.17228811475137,46.09436675546176,2116400.0
2024-01-25,45.86855316162109,46.03791426043265,45.426332115921646,45.91559711368576,2697000.0
2024-01-26,45.96263885498047,46.29195368204023,45.84032530334024,45.95323150070941,2404600.0
2024-01-29,46.28253936767578,46.4142674424396,45.7650487790986,46.00027210019942,1868700.0
2024-01-30,46.44407272338867,46.68161400667684,45.71244513591003,46.19702775899727,1954100.0
2024-01-31,46.23503494262695,46.87164746261222,45.79795985403546,46.80513256908609,10189600.0
2024-02-01,47.35622787475586,47.38473166737219,45.70293903575788,46.04499904552244,2546900.0
2024-02-02,46.36805725097656,46.85264349320125,45.93098216454856,46.85264349320125,1872700.0
2024-02-05,45.23736572265625,45.96899336113383,45.21836198371744,45.87397466643978,1531400.0
2024-02-06,45.37988662719727,45.62693159955121,45.01882647466834,45.20886023234235,1491100.0
2024-02-07,45.398887634277344,45.60792511760253,45.08533503388178,45.60792511760253,1152000.0
2024-02-08,45.11384201049805,45.22786081645153,44.63875942366729,45.16134954426263,1473100.0
2024-02-09,45.541412353515625,45.60792361882571,44.97131475811715,45.02832234290173,1507900.0
2024-02-12,46.04499816894531,46.15902058642424,45.41788937117953,45.6459305815453,1416200.0
2024-02-13,45.19935607910156,46.18752870901702,44.781284716256906,46.04500248610122,2988700.0
2024-02-14,45.2563591003418,45.37987793827607,44.86679160276748,45.02831790987772,1915000.0
2024-02-15,45.98799514770508,45.99749520447488,45.4178938775215,45.4178938775215,2297900.0
2024-02-16,45.94048309326172,46.216031853908426,45.41789299090606,45.78845681576566,2624700.0
2024-02-20,45.845462799072266,46.31104525962424,45.683936483418535,45.845462799072266,2444600.0
2024-02-21,46.64360427856445,46.66260801526071,45.9499841998159,46.235033001075394,1848100.0
2024-02-22,46.2065315246582,46.36805785778543,45.84546775851359,46.36805785778543,1540800.0
2024-02-23,46.27303695678711,46.57708947162875,45.98798817719705,46.06399949361152,2025400.0
2024-02-26,45.06632995605469,46.01649503440357,44.82878868646747,46.01649503440357,1774600.0
2024-02-27,45.4369010925293,45.465404889612266,44.97132215874155,45.18985972709394,1513500.0
2024-02-28,45.18985366821289,45.40839120726461,44.99981992242245,45.24686125473546,1469400.0
2024-02-29,45.370384216308594,45.7219442937795,45.11383920044855,45.43689548435465,2482200.0
2024-03-01,45.35138702392578,45.35138702392578,44.467733049970185,45.151853190992014,1809200.0
2024-03-04,46.12101745605469,46.16852498884753,45.075833611650125,45.13284482575698,1656200.0
2024-03-05,46.09251403808594,46.98567168033471,45.864476411046944,46.396570248459135,2103600.0
2024-03-06,46.53908920288086,46.82413802658119,46.320551650557526,46.50108172649616,2048400.0
2024-03-07,46.6151008605957,47.080679727324565,46.60559717987509,46.966660930822506,2119800.0
2024-03-08,46.88114547729492,47.12818680477678,46.358555405035176,46.84313800396166,1831200.0
2024-03-11,47.11868667602539,47.47975042294983,46.90014914158464,46.995164200179005,1774700.0
2024-03-12,46.33955383300781,47.03317394307583,46.035501281322986,46.94765893637745,1895400.0
2024-03-13,46.491580963134766,46.88114852867628,46.377562160305935,46.396565898209474,1561600.0
2024-03-14,45.6744384765625,46.54859229946595,45.379885975170346,46.33955480656879,1809500.0
2024-03-15,45.97848892211914,46.22553387957283,45.588921373450376,45.588921373450376,4205800.0
2024-03-18,46.18752670288086,46.56759057316106,45.797959151703104,45.8074592080084,1802200.0
2024-03-19,46.51057815551758,46.69110820330626,46.11150696489013,46.12101064480063,1708700.0
2024-03-20,46.36805725097656,46.83363975580104,46.12101591395839,46.39656466937303,1666900.0
2024-03-21,46.46307373046875,46.78613000173904,46.30154378253755,46.48207384237396,2294000.0
2024-03-22,46.24453353881836,46.74812350503417,46.19702600887896,46.71961608739677,1431500.0
2024-03-25,46.2065315246582,46.50108039673546,45.97849029746362,46.29204653178213,975500.0
2024-03-26,45.8549690246582,46.30154780970712,45.62693141604052,46.24453659525648,1579700.0
2024-03-27,47.28971862792969,47.30872236534931,45.959486005294494,45.96898968630045,2252500.0
2024-03-28,47.88832092285156,47.96433224357639,47.24220838602606,47.318219706750895,2540600.0
2024-04-01,47.204200744628906,48.08785454552291,47.1376894800104,48.08785454552291,1194200.0
2024-04-02,47.47975158691406,47.83131166184226,47.20420283580635,47.20420283580635,1259200.0
2024-04-03,46.98566436767578,47.54626191507053,46.94765689422037,47.413239382568754,1317800.0
2024-04-04,46.68161392211914,47.37523403311311,46.216031412897046,47.30872276388029,1840200.0
2024-04-05,46.415565490722656,46.52958791686451,45.99749413531293,46.52958791686451,1820800.0
2024-04-08,46.98566436767578,47.12818695624533,46.23503307759614,46.349051873370215,1329000.0
2024-04-09,47.498756408691406,47.50825646516382,47.07118137558647,47.20420391375416,990400.0
2024-04-10,46.25403594970703,46.729118485242566,45.80745720643416,46.62459974749002,2048700.0
2024-04-11,46.06401062011719,46.51058944491844,45.51291666307499,46.34905946855921,2020100.0
2024-04-12,45.60792541503906,46.273041718926834,45.37988419314328,46.1115117649606,1581100.0
2024-04-15,45.60792541503906,46.09250802775326,45.446399085665085,45.73144789459063,1913300.0
2024-04-16,45.03782653808594,45.7029391987872,44.87629658863552,45.56991666664695,1773800.0
2024-04-17,46.00699234008789,46.11151108088154,45.24686098603248,45.398887256843565,1673700.0
2024-04-18,46.406063079833984,46.51058181953191,45.84546553248417,46.16852180764494,1131900.0
2024-04-19,47.33722305297852,47.43223810924957,46.51058046472573,46.52008052051602,1382500.0
2024-04-22,47.40373611450195,47.66028112567066,46.78613097614074,47.10918725413923,1457400.0
2024-04-23,47.47975158691406,47.81230792473908,47.21370289206182,47.29921789673,1644200.0
2024-04-24,47.85981750488281,47.99284004570975,46.73862233992382,46.88114856200547,1336200.0
2024-04-25,47.72679138183594,48.011840180012,47.22320505090515,47.75529517427591,1312200.0
2024-04-26,47.11868667602539,47.79330301598493,47.004667880793725,47.74579548668775,1661200.0
2024-04-29,47.75192260742188,47.77111208506824,47.28178955513247,47.31057560161133,1661600.0
2024-04-30,47.78071212768555,48.0685470153184,47.13788100063949,47.54084911132164,2294700.0
2024-05-01,48.31800079345703,48.8361057249243,47.45449257434492,47.54084339625613,1953400.0
2024-05-02,48.78813171386719,48.78813171386719,48.2220548993259,48.634619543484064,1983000.0
2024-05-03,48.78813171386719,49.670829438584256,47.9246271279692,48.78813171386719,2143700.0
2024-05-06,48.45232772827149,48.960836135203685,48.222057629649534,48.89367478560958,1281900.0
2024-05-07,49.056785583496094,49.14313641658339,48.47151923257322,48.73057173183511,1736900.0
2024-05-08,49.13353729248047,49.30623894967878,48.68259732981291,48.87448480668301,1507700.0
2024-05-09,49.60366821289063,49.65164007999796,48.93205109333133,49.075970354672194,1070600.0
2024-05-10,49.248680114746094,49.69962013184033,49.15273270471155,49.61326929281897,1503900.0
2024-05-13,49.25826644897461,49.85312567168772,49.19110510092728,49.51731893145104,1063800.0
2024-05-14,49.2774543762207,49.64204715414971,49.037591380744566,49.54609975994794,1395300.0
2024-05-15,49.88190841674805,50.006634534849134,49.52690856056235,49.78596102587946,1682100.0
2024-05-16,49.86272430419922,50.17934157808929,49.70921212230907,49.939478565134735,1320400.0
2024-05-17,49.86272430419922,49.95866804537339,49.57488576063846,49.8243453437219,1040100.0
2024-05-20,49.680419921875,49.92987947407721,49.5652867147148,49.87231104048778,986500.0
2024-05-21,50.00663375854492,50.18893196835588,49.6036657032087,49.68041995469331,1238800.0
2024-05-22,49.09515380859375,49.87231119436495,49.05677851276772,49.718799031004814,1070100.0
2024-05-23,47.98219299316406,48.86489073791133,47.953410604319984,48.80732230020425,1240900.0
2024-05-24,47.92462539672852,48.26043211355494,47.71354479756979,48.13570233586854,927700.0
2024-05-28,47.84786987304688,48.481108042118,47.76151904726359,48.1165189199387,1405800.0
2024-05-29,47.35855102539063,47.4736842399041,47.06111958954367,47.45449476081538,1257600.0
2024-05-30,48.12611389160156,48.154896281422985,47.40652486591373,47.54084756510574,1338700.0
2024-05-31,49.40218734741211,49.44056264755096,48.1932757225708,48.28922312296564,1916100.0
2024-06-03,49.02799606323242,49.60366946308614,48.92245941694391,49.21988719651699,1608400.0
2024-06-04,49.680419921875,49.920282905136304,48.80731880920461,48.970427541032,1749000.0
2024-06-05,49.03759002685547,49.62285630526152,48.88407786038984,49.57488077947578,1212500.0
2024-06-06,48.50029373168945,49.34461244448774,48.433132390218766,48.8361040990615,1399000.0
2024-06-07,48.09733200073242,48.31800553169696,47.94381982006061,47.98219512021424,1078300.0
2024-06-10,48.11651611328125,48.270028276828334,47.83827417309632,48.05894767944409,1236300.0
2024-06-11,48.1548957824707,48.212464221536095,47.44490333409256,47.74233111921624,1059900.0
2024-06-12,47.82867813110352,48.7593476916226,47.63679066956941,48.74975478255338,1143600.0
2024-06-13,47.81908798217773,48.049358073336194,47.2530111539329,47.7423300651186,1129300.0
2024-06-14,47.81908798217773,47.886249329595,47.43530571691994,47.636793419190695,949300.0
2024-06-17,47.65597915649414,48.13570515723204,47.39693033691233,47.56963198997949,1316100.0
2024-06-18,47.608009338378906,48.03976348963772,47.483283208030095,47.65598120851453,1234800.0
2024-06-20,48.922462463378906,48.98962381520785,47.56003862623644,47.65598236884373,2880200.0
2024-06-21,48.88408279418945,49.38299830056224,48.85529674380892,49.018405495901526,3960600.0
2024-06-24,49.056785583496094,49.39259234549157,48.8457049559451,48.9224628786979,1750100.0
2024-06-25,48.49070739746094,49.01840529200008,48.279626775637645,49.01840529200008,1508300.0
2024-06-26,48.41394805908203,48.49070597750429,47.98219391800433,48.3180043210732,1407400.0
2024-06-27,49.0088119506836,49.05678382067065,48.2988158308103,48.42354562079191,1031300.0
2024-06-28,48.83610916137695,49.181508813307815,48.65381093561509,49.181508813307815,2152600.0
2024-07-01,48.68259811401367,49.48853797391519,48.48111040402399,49.008811953974266,1301900.0
2024-07-02,49.02799606323242,49.39258885047121,48.8552944092782,48.91286284726926,1351600.0
2024-07-03,48.749759674072266,49.36380839663961,48.749759674072266,48.97043320499371,568400.0
2024-07-05,49.49812698364258,49.65163915152674,48.701780096480576,48.84569935513019,1928500.0
2024-07-08,49.30623626708984,49.555695829479134,49.15272409793444,49.4981273935388,1491200.0
2024-07-09,49.57488250732422,49.776370206598095,49.19110390779358,49.39258794704858,1235300.0
2024-07-10,49.89150238037109,50.00663559182823,49.35420796020649,49.87231290179177,1541900.0
2024-07-11,51.14838409423828,51.39783998752401,50.00663394645788,50.02582342440581,1907100.0
2024-07-12,51.6856803894043,51.99270474951807,51.21555093923843,51.32109124928112,1090400.0
2024-07-15,51.36906051635742,51.41703238394083,50.96608877661529,51.13879042793064,1015700.0
2024-07-16,52.44364929199219,52.49162116284089,51.39784640340612,51.6664918081742,1528700.0
2024-07-17,53.29755783081055,53.68134009455035,52.683509136842,52.74107757440864,2078300.0
2024-07-18,52.77945327758789,54.01714724462205,52.72188849959864,53.10566710626312,1735100.0
2024-07-19,52.61634826660156,53.03850583252662,52.34770287556007,52.89459022733394,1790600.0
2024-07-22,52.76985549926758,53.11525877541121,52.58756095242226,52.73147654413637,1185300.0
2024-07-23,52.43405532836914,52.88499529731006,52.39567636845359,52.769862077582495,1089600.0
2024-07-24,53.403099060058594,53.57580071572686,52.59715922027972,52.67391713836294,1128900.0
2024-07-25,53.57579803466797,54.48727813618917,53.172826304934695,53.77728206952521,1556100.0
2024-07-26,53.73890686035156,53.921205089381225,53.41269302210902,53.81566477994701,1263400.0
2024-07-29,53.61417770385742,53.90201256605042,53.26877440521828,53.8540406990214,1256800.0
2024-07-30,53.85403823852539,53.9307924902613,53.33593331423798,53.42228413495254,1675100.0
2024-07-31,53.86371612548828,54.18306799393152,53.20566108589711,54.12500301105428,2770700.0
2024-08-01,54.78305816650391,54.90886378387679,54.00887685110868,54.10564813118769,2082900.0
2024-08-02,55.26692199707031,56.79592963482761,54.29919442910644,56.5830320801552,2275200.0
2024-08-05,53.44759368896485,56.36045576598032,53.4088836998645,56.15723016899738,1744900.0
2024-08-06,53.941139221191406,54.57983930341575,53.51533670531657,53.51533670531657,1653500.0
2024-08-07,54.12500762939453,54.88951335703332,53.92178570936539,54.22177891752612,1302400.0
2024-08-08,54.09597396850586,54.48306279106209,53.67017146462986,53.76694643895977,964500.0
2024-08-09,54.26049041748047,54.33791040340789,53.38953403373756,53.97017285342887,1243000.0
2024-08-12,54.15403747558594,54.4443550272696,53.7669486372037,54.17339247124324,865600.0
2024-08-13,54.44435501098633,54.76370690185441,54.07662116837138,54.75403124982263,1368100.0
2024-08-14,54.65725326538086,55.18950269596565,54.17338947546964,54.31855008907811,1604100.0
2024-08-15,55.10240936279297,55.11208870628377,54.299197357688,54.36693799577199,1694500.0
2024-08-16,55.518531799316406,55.77981869628811,54.93789671154896,55.12176362797148,1436000.0
2024-08-19,55.8088493347168,55.97336494756488,55.60562742318787,55.644337413456576,776300.0
2024-08-20,55.683048248291016,56.0217514393098,55.51853263294766,55.80885018119061,761100.0
2024-08-21,55.93465423583984,56.06045985679655,55.64433669574482,55.77981796834997,691200.0
2024-08-22,56.00239562988281,56.17658689461428,55.654013100419874,56.041105620176,950200.0
2024-08-23,56.15723037719727,56.37013162645074,55.87659218414867,56.06045909567538,630200.0
2024-08-26,56.341102600097656,56.60238949762398,56.1669113350801,56.36045759527603,683600.0
2024-08-27,55.73143768310547,56.3701378093331,55.69272768961576,56.30239716652018,664000.0
2024-08-28,55.93465423583984,56.27336110894054,55.76046297346527,55.8185279581194,972100.0
2024-08-29,56.07981872558594,56.10884937412449,55.39273297186112,55.86691745873507,741600.0
2024-08-30,56.38948440551758,56.52496567096024,55.92497562760517,56.16690751349211,1096700.0
2024-09-03,56.89270782470703,57.30883099779648,56.36045837053781,56.51529464250682,1276300.0
2024-09-04,57.22173690795898,57.560440108408336,56.81528937583174,57.0475456358456,1149600.0
2024-09-05,57.06689834594727,57.87011034266294,56.88302773742157,57.87011034266294,1126100.0
2024-09-06,56.68948745727539,57.15399628586131,56.62174312557618,57.12496194610793,996100.0
2024-09-09,57.33785629272461,57.34753194374974,56.67012562436314,56.87334752017912,901600.0
2024-09-10,57.43463516235352,57.58947144033849,57.11528695407929,57.33786387295843,1107500.0
2024-09-11,57.09593200683594,57.308833273593336,56.62174382858211,57.17335199168883,1067500.0
2024-09-12,57.00883483886719,57.38624802592058,56.62174230817306,57.13464046508097,952000.0
2024-09-13,57.72495269775391,57.73462834943533,56.902382024495246,57.2410888987504,797700.0
2024-09-16,58.55719757080078,58.55719757080078,57.81205054043229,57.96688681437208,1439200.0
2024-09-17,58.36365509033203,58.712033938562286,58.20881881614482,58.402361390187856,1054600.0
2024-09-18,58.38300704956055,58.59590460825271,58.01526953314641,58.17010579928061,1331500.0
2024-09-19,57.82172393798828,58.170106463666194,57.4249557707635,58.0443008423741,1462800.0
2024-09-20,57.79269409179688,58.12172162709546,57.5701171843284,57.86043472921824,3115300.0
2024-09-23,58.40235900878906,58.46042399358711,57.91849521023543,58.09268647304176,1103800.0
2024-09-24,58.1120491027832,58.799134901018185,57.58947524570801,57.899151513728654,924700.0
2024-09-25,58.0152702331543,58.43139339558358,57.79269332862503,58.43139339558358,1179700.0
2024-09-26,57.96688079833984,58.55719149350377,57.80236519783468,57.97655644938717,1046000.0
2024-09-27,58.77977752685547,58.89590380813194,57.99591682216648,58.21849373277468,1074700.0
2024-09-30,58.731388092041016,59.07009497493502,58.29591361510117,58.77977742644582,1537800.0
2024-10-01,59.05073928833008,59.11847992579842,58.20881730008931,58.518489840398274,1609500.0
2024-10-02,58.634613037109375,59.05073618344253,58.45074612958986,58.53784175769651,1456100.0
2024-10-03,58.6152572631836,58.96363977097587,58.45074535205259,58.68299789618902,898400.0
2024-10-04,58.24752426147461,58.42171552882823,57.802370441165536,58.31526489971347,935700.0
2024-10-07,57.42495727539063,57.98623737689875,57.28947599887446,57.87011109582602,1440400.0
2024-10-08,57.66688919067383,58.005592382020765,57.41528163304295,57.53140791413506,1664100.0
2024-10-09,57.63786315917969,58.083017015339145,57.37657623710656,57.68624880587733,1131000.0
2024-10-10,57.07657241821289,58.05397934460369,57.02818677736699,57.74430312169687,1103900.0
2024-10-11,57.74430465698242,57.82172463766448,57.07657393574504,57.07657393574504,1120800.0
2024-10-14,58.431396484375,58.5281677726466,57.7152763997659,57.88946767192519,977600.0
2024-10-15,59.10880279541016,59.66040722476168,58.77009592495312,58.91525653966153,1615500.0
2024-10-16,60.27975082397461,60.40555274930229,59.14750765491166,59.18621764343757,1760600.0
2024-10-17,59.97975540161133,60.47329853828976,59.90233911427395,60.32813792359897,1585400.0
2024-10-18,60.16362762451172,60.337818900880514,59.60234749411413,59.83460375980189,1212400.0
2024-10-21,59.37976837158203,60.2313697254225,59.34105838013748,60.221690381767374,973100.0
2024-10-22,59.07009506225586,59.34105761570128,58.770098169807056,58.99267508036407,1272600.0
2024-10-23,59.92169189453125,59.94104688973966,58.95396428363827,59.11847989711577,1082100.0
2024-10-24,59.91201400756836,60.13459090677947,59.62169647344899,59.92168965901766,1049800.0
2024-10-25,58.77977752685547,60.13459398598207,58.72171254042328,60.124918334037325,976400.0
2024-10-28,59.16686630249024,59.3604125654828,58.9636443875626,59.01203003041376,1175300.0
2024-10-29,57.77333831787109,58.73138657225291,57.74430397966196,58.59590529923632,1847100.0
2024-10-30,57.36688995361328,58.12171997882614,57.23140868261265,57.88946373454808,1825100.0
2024-10-31,58.53764724731445,58.98643498299692,57.50348080612481,57.50348080612481,3108100.0
2024-11-01,56.33273315429688,58.21569079417173,55.96199366440756,57.40592190925853,3222700.0
2024-11-04,56.10833358764648,56.72297992953566,55.61076522059942,56.157117938025735,2404100.0
2024-11-05,56.70346450805664,56.75224513462574,55.82540206464314,55.94247631275363,1496400.0
2024-11-06,55.61076354980469,56.15711625081613,54.88879761352968,56.08882262840511,2482600.0
2024-11-07,54.86928939819336,55.94247810396878,54.71318915514015,55.659545250396285,2424900.0
2024-11-08,56.34248352050781,56.56687738056279,54.83026176343623,55.05465562349121,2340500.0
2024-11-11,58.4595947265625,58.55715970411084,56.37175258943146,56.37175258943146,3295000.0
2024-11-12,58.46935272216797,59.0547276969303,58.32300711761573,58.45959436361205,2733300.0
2024-11-13,58.67423629760742,58.76204292004433,57.91324805096991,58.615701030465154,1751100.0
2024-11-14,58.04983139038086,58.77179731750013,57.99129240546095,58.69374533760691,2019800.0
2024-11-15,59.49375915527344,59.55229813983163,57.95226977914002,58.00105040541023,2284800.0
2024-11-18,60.30353546142578,60.42060971613326,59.21083001174448,59.30839499210359,2047900.0
2024-11-19,60.73280715942383,60.80110078138331,59.64010548634884,59.991331954553765,1423200.0
2024-11-20,60.71329498291016,61.06452145585055,60.16694227814472,60.71329498291016,1352500.0
2024-11-21,61.6596565246582,61.72795014946182,60.498657459549946,60.71329669277468,1367400.0
2024-11-22,61.77672576904297,62.07917159845113,61.59135790556752,62.02063261548478,1461800.0
2024-11-25,62.07917404174805,62.62552673910123,61.60111496634861,62.28405490760927,2362800.0
2024-11-26,61.79624557495117,62.36210758577315,61.54258406424964,62.35235294839843,1715200.0
2024-11-27,62.04014587402344,62.488937301897245,61.82550665728915,62.166978476795805,1383200.0
2024-11-29,61.6596565246582,62.020637644580646,61.571849903950216,61.78648913717496,838000.0
2024-12-02,60.7620735168457,61.83526589404431,60.39133778304769,61.65965266362496,1368400.0
2024-12-03,60.32304382324219,61.28891286339303,60.30353082866944,61.13281262853415,1165700.0
2024-12-04,60.274261474609375,60.60597494989933,60.06938060738645,60.440120073116,1488400.0
2024-12-05,60.04011535644531,60.605977353366775,59.747427859987766,60.07914134843256,1232800.0
2024-12-06,59.57181167602539,60.17669963506386,59.31814646235802,60.06938002326022,1773100.0
2024-12-09,59.42546844482422,59.66937530984512,59.15229394695229,59.366929457398776,1387100.0
2024-12-10,59.22058868408203,59.56205681283758,58.25471584289372,59.171808054506016,1052200.0
2024-12-11,58.93765640258789,59.337663523808295,58.7718015160513,59.31815052744101,1251200.0
2024-12-12,58.996192932128906,59.22058679841231,58.44984022179321,58.9181409499138,1264800.0
2024-12-13,58.976680755615234,59.45473612729003,58.84009350656529,59.03521602136612,855900.0
2024-12-16,58.42057037353516,59.259610541907485,58.39129902045303,58.937651710066525,1382300.0
2024-12-17,58.118125915527344,58.46935238706108,57.80592543454698,58.06934528819728,1509000.0
2024-12-18,56.73273849487305,58.25471495612821,56.69371250311691,58.166908335538615,2036900.0
2024-12-19,56.84005355834961,57.64007149075674,56.47907244419312,56.47907244419312,1730300.0
2024-12-20,57.51324081420898,57.65958270349007,56.94737508816303,57.05469470666991,2617700.0
2024-12-23,57.81568145751953,57.88397880348709,56.90835134660086,57.29860009632132,1239200.0
2024-12-24,58.16690826416016,58.17666662294893,57.57177491664134,57.77665951224793,397300.0
2024-12-26,58.19618225097656,58.37179549988313,57.85471039066999,57.93276237761672,844500.0
2024-12-27,58.0888557434082,58.625450064021706,57.21078960296928,57.83519053762667,728900.0
2024-12-30,57.88397979736328,58.079102314712095,57.4059206977224,58.079102314712095,1267300.0
2024-12-31,57.69860458374024,58.24495727459814,57.3961624677473,58.07909867916567,864700.0
2025-01-02,57.083961486816406,58.27422818813771,57.02542622066843,57.86446643820814,1009000.0
2025-01-03,56.9181022644043,57.288841715878334,56.81078265568367,57.279083357782014,1440700.0
2025-01-06,55.9132080078125,56.81078343538908,55.7375947769,56.60590257323224,2018700.0
2025-01-07,55.96199035644531,56.52785233435285,55.66930286982256,55.786377120127,1260800.0
2025-01-08,56.781517028808594,56.83029765584234,55.48393076371584,55.88393786014983,1174100.0
2025-01-10,55.279052734375,56.51810007758824,55.25953973821533,56.42053881851334,1381000.0
2025-01-13,55.591251373291016,55.77661924803328,54.92782441290783,55.39612513993302,1388200.0
2025-01-14,56.38151168823242,56.44980531255116,55.425397226046734,55.44491022181257,1565100.0
2025-01-15,57.04493713378906,57.43518587351265,56.722978294836885,56.87907853507098,1419000.0
2025-01-16,58.60594177246094,58.64496776443947,56.87908070550699,57.181526560755465,1233800.0
2025-01-17,59.0742416381836,59.24985487776878,58.49862129103734,58.752286513426334,1697700.0
2025-01-21,59.513275146484375,60.420608983340784,59.2888812769651,59.747427374782944,1552600.0
2025-01-22,57.64982604980469,59.357174083763695,57.61080005867202,59.181560845390045,1293600.0
2025-01-23,57.25957107543945,57.76689777278632,57.122983834177454,57.581529905605485,1429700.0
2025-01-24,57.33762741088867,57.64007326932283,57.02542691521886,57.20104015924856,1345000.0
2025-01-27,58.53764724731445,58.56691487998663,56.888838189668846,57.93275926784142,2493800.0
2025-01-28,57.435184478759766,58.459592513027054,57.19127762670931,58.4010572504378,1277700.0
2025-01-29,57.16201400756836,57.91324761121902,57.132746374219465,57.37665324338954,971100.0
2025-01-30,57.89373016357422,58.1473916504485,57.405916462742525,57.679090944256856,1047300.0
2025-01-31,57.93998336791992,58.304075276389,57.70381331006696,57.96950321747814,1742000.0
2025-02-03,58.32375717163086,58.432001626453285,57.17243422482367,57.59556959160456,1862700.0
2025-02-04,58.29423522949219,58.56976382911807,57.42828337578789,57.89078102841331,1073700.0
2025-02-05,58.77640914916992,59.15034349418643,58.42215595429065,58.72720815072459,1359600.0
2025-02-06,58.58944320678711,59.07161824154236,58.27455231565843,58.95353509581798,1115100.0
2025-02-07,58.52056503295898,58.7272114904584,58.17615051666419,58.55008488294582,1107600.0
2025-02-10,58.91417694091797,59.02242139619571,58.126949657710455,58.678010632853606,1098800.0
2025-02-11,59.34715270996094,59.396353709623455,58.26471194840724,58.76657190483364,1523700.0
2025-02-12,59.66204452514648,59.76044652597701,58.491040444766384,58.658328350733136,1733800.0
2025-02-13,60.12453842163086,60.46895293206053,59.53411890917386,59.62268221142198,2070900.0
2025-02-14,60.350868225097656,61.08889447354795,60.1442180226469,60.33118707468351,2146200.0
2025-02-18,60.6854362487793,61.04953189911587,60.04581575526631,60.350867954625045,2466200.0
2025-02-19,60.65591812133789,60.95112787701261,60.49847266805832,60.68543797076665,2000100.0
2025-02-20,60.63623428344727,60.91176662982348,60.14421679452719,60.89208547981121,3247000.0
2025-02-21,61.8072395324707,62.28941457902756,60.34102573480724,60.50831363632383,3902900.0
2025-02-24,62.83063507080078,62.94872197695858,61.600591285125,62.09260879939531,3475000.0
2025-02-25,62.73223114013672,63.12584664096563,62.387820392258135,62.97823988970588,2856100.0
2025-02-26,62.95856094360352,63.02744684938669,62.28941682104352,62.555106730336085,1941000.0
2025-02-27,62.83063507080078,63.3226525850711,62.2992590082736,62.61414991710294,2104900.0
2025-02-28,63.49977493286133,63.72610627759043,62.75191001298481,63.116001898069726,1921800.0
2025-03-03,64.98567199707031,65.09391644717151,63.46041475116515,63.46041475116515,2296500.0
2025-03-04,63.23408889770508,65.47768741472771,63.18488414646173,65.46784496296084,2405000.0
2025-03-05,62.42718124389648,63.53914188406155,62.2598970898358,62.97824221464106,2091400.0
2025-03-06,61.20697784423828,62.20085154408611,61.08889469512071,62.08276839496854,2851300.0
2025-03-07,61.49235153198242,61.97452660126586,61.010172708903205,61.16761816574209,3130600.0
2025-03-10,62.25989532470703,63.25376902980941,61.51202661748535,61.600589918240665,3181200.0
2025-03-11,61.62027359008789,62.7912776984094,61.47267058532014,62.38782347930425,2224600.0
2025-03-12,61.187294006347656,61.87611922790493,61.07904956032924,61.2168138538816,1416700.0
2025-03-13,61.23649597167969,61.9154787522637,60.89208523235349,61.2463384235436,1948100.0
2025-03-14,61.94500350952149,62.01388565867158,60.892086368175,61.3644227139738,1888800.0
2025-03-17,62.515743255615234,63.17504491335691,61.91548129630076,61.95484359778269,2907200.0
2025-03-18,62.33861541748047,62.486222168214965,61.836759221815264,62.32877671920279,2028200.0
2025-03-19,62.49606323242188,62.66335113984041,61.92532486581948,62.2303770771146,1502600.0
2025-03-20,62.535423278808594,62.70271118019264,62.19101253154086,62.427178828582846,1780800.0
2025-03-21,62.04340362548828,62.88967429371765,61.58090974576411,62.48622010930544,3630600.0
2025-03-24,61.97452545166016,62.59446856874921,61.91548199876739,62.2992588118768,1393400.0
2025-03-25,61.10857391357422,61.895804941281895,60.74448200322666,61.83676148806509,1881600.0
2025-03-26,61.856441497802734,62.26973440130728,61.14793508745702,61.14793508745702,2151000.0
2025-03-27,62.11228561401367,62.49605864774385,61.78755602924025,61.9351590209389,1318000.0
2025-03-28,62.56494903564453,63.04712409842256,62.27957797591304,62.60430758397639,2369800.0
2025-03-31,63.32265090942383,63.7162664119425,62.61414826020411,62.968401461711785,2144000.0
2025-04-01,63.39153289794922,63.52929719734142,62.84047570038041,62.99791739643239,1420100.0
2025-04-02,63.46041488647461,63.86387283909229,62.91919638861022,63.62770654181848,1253300.0
2025-04-03,63.81467056274414,64.67078374652425,63.480102254254696,64.06067932166575,1924000.0
2025-04-04,60.38039016723633,64.1295612369201,59.937573652054375,63.93275723354656,3087900.0
2025-04-07,58.85513305664063,60.52798950685561,57.86125563228931,60.52798950685561,3748800.0
2025-04-08,57.85141754150391,60.13437840136654,57.27083675148221,59.41603331435589,3188400.0
2025-04-09,59.45539474487305,59.60300150097599,56.17856004506771,57.28067822823692,2672300.0
2025-04-10,59.24874496459961,60.16389779197392,58.09742584526804,59.42587156046532,1859300.0
2025-04-11,59.6226806640625,59.92773286473264,58.34343591774151,59.32747091549544,1527900.0
2025-04-14,60.823204040527344,61.21681578397341,59.583317851873055,59.82932659920019,1867400.0
2025-04-15,60.61655426025391,61.3841041098184,60.52799096045014,61.00033106193396,1651600.0
2025-04-16,59.45539474487305,60.94128974315076,59.317630441201366,60.793682987047816,1945400.0
2025-04-17,59.82932662963867,60.78384177096816,59.32747043650605,59.70140102990072,2462900.0
2025-04-21,58.34343719482422,59.94741157353976,57.73333278012933,59.82932842228733,1822200.0
2025-04-22,60.05565643310547,60.09501873505483,58.36311874103589,58.55008404460177,2164000.0
2025-04-23,60.2524642944336,60.50831550375619,59.33731141838689,59.878529932852125,2636500.0
2025-04-24,60.350868225097656,60.73464127368451,59.898209273163474,60.1835803234752,1513600.0
2025-04-25,59.77029037475586,60.44927320545933,59.38651355344089,60.44927320545933,1328600.0
2025-04-28,59.927734375,60.06549867755012,59.17986565573408,59.77028892154334,1749700.0
2025-04-29,60.62639617919922,60.81336147545385,59.51443559228499,59.71124334053994,1320600.0
2025-04-30,60.56388854980469,60.99053485007405,59.46254595073461,60.70279594339144,2296600.0
2025-05-01,60.07770919799805,61.17905180276368,59.8296591981839,60.45474625749949,1562500.0
2025-05-02,60.69287490844727,60.8516305491206,59.73044343899334,60.44482489730937,1319000.0
2025-05-05,60.5142822265625,60.72264332699488,59.98841363054481,60.50435810657461,1441800.0
2025-05-06,60.63334274291992,61.12944274404354,60.038020470606,60.17693165027242,1974800.0
2025-05-07,61.31795883178711,61.68507176954115,60.33568295794254,60.6432625335165,2148200.0
2025-05-08,60.63334274291992,61.55608904780527,60.48451122860578,61.24850568452928,2670700.0
2025-05-09,61.27827072143555,62.161331906361546,60.20669668284155,60.63334298833011,3255100.0
2025-05-12,59.05574417114258,60.88139231379007,58.51995526532436,60.74248492004666,4755700.0
2025-05-13,59.98841094970703,60.17693137162436,58.59933322395857,59.0358998603465,6083300.0
2025-05-14,59.99833679199219,60.11739973534527,59.10535525448724,60.028101581594775,2641100.0
2025-05-15,61.228660583496094,61.25842915701004,60.03801983638832,60.30591428835827,2766900.0
2025-05-16,61.99265670776367,62.02242149713992,61.010380808920296,61.298115937757046,2876600.0
2025-05-19,62.597900390625,62.627665180508096,61.46679295575429,61.51640220054037,2345100.0
2025-05-20,62.66735458374024,63.44126940633637,62.607821218562535,63.0543119950383,2548800.0
2025-05-21,61.37749481201172,62.52844670198886,61.29811699238576,62.52844670198886,2332300.0
2025-05-22,60.73256301879883,61.099679755606985,59.91895929577671,60.79209638326731,2477600.0
2025-05-23,61.23858642578125,61.30804012436338,60.23646228633736,61.129443818025706,1161400.0
2025-05-27,61.76445007324219,61.99265561931968,61.37749267837415,61.6850722563756,1649000.0
2025-05-28,60.88139343261719,61.89343790055813,60.63334342924762,61.7942156282447,1372700.0
2025-05-29,61.36756896972656,61.407257878425625,60.57380972045862,60.8417041767633,928300.0
2025-05-30,61.744606018066406,61.95296711127384,61.357648620697546,61.42710231843336,2276500.0
2025-06-02,61.58585357666016,61.64538693912297,61.02029988056255,61.41718139376277,1720500.0
2025-06-03,61.45686721801758,61.97281167708494,60.84170427198993,61.75453024878377,2024800.0
2025-06-04,60.20669555664063,61.34772705647662,60.167006648746266,61.34772705647662,2544000.0
2025-06-05,59.84950637817383,60.21661933483478,59.69075452246022,60.20669899976515,1793500.0
2025-06-06,60.00825500488281,60.12731794402563,59.50223467481892,59.88919206574,1340900.0
2025-06-09,60.00825500488281,60.43490130383236,59.55184391738321,59.869347611725765,1785800.0
2025-06-10,60.385292053222656,60.39521238775716,59.86934760374909,60.14716239002617,1489200.0
2025-06-11,60.6531867980957,60.75240528369058,60.12731822660358,60.603577555298266,1627100.0
2025-06-12,61.05006408691406,61.08975299484398,60.60357712000151,60.673030816407575,1317900.0
2025-06-13,60.60358047485352,61.09968049661253,60.4150600442217,61.0500674664824,1694200.0
2025-06-16,59.98841094970703,61.14928691513106,59.69075170739969,60.72264061334492,1835300.0
2025-06-17,59.62129974365234,59.93880344933623,59.15496452001669,59.85942941538662,1812200.0
2025-06-18,59.54191970825195,59.928880883532976,59.40301231530406,59.72051600916855,1178300.0
2025-06-20,60.06779098510742,60.43490393801567,59.44270390371238,59.7105983671674,2577700.0
2025-06-23,60.861549377441406,60.99053643982376,60.28607154907606,60.40513827663333,1596900.0
2025-06-24,60.682952880859375,61.10959919091232,60.62341951726732,61.10959919091232,1435800.0
2025-06-25,59.62129974365234,60.48451270692149,59.43278310119714,60.43490346258515,1489100.0
2025-06-26,59.84950637817383,60.05786747912117,59.502237876594926,59.85943049818625,1297400.0
2025-06-27,59.87926864624024,60.24638537238121,59.66098721941717,59.84950385734224,2405900.0
2025-06-30,59.99833679199219,60.06779049102671,59.35340526102275,59.59153493267165,2615700.0
2025-07-01,60.88139343261719,61.29811562150557,59.51215635423323,60.03802115019505,3117900.0
2025-07-02,60.28607177734375,60.970692216090825,59.83958479461288,60.94092364161744,1607600.0
2025-07-03,61.05006408691406,61.43702147687432,60.2463845185174,60.43490115377064,1893400.0
2025-07-07,61.466793060302734,61.71484306959779,60.96076892177288,61.48663751523947,2394000.0
2025-07-08,60.78217315673828,61.22866393445735,60.36545095416236,61.05006762336972,2570000.0
2025-07-09,61.23858642578125,61.40725861235422,60.43490304726173,60.98061230109675,1788100.0
2025-07-10,62.11172103881836,62.429224749072375,60.76233216271021,60.76233216271021,1799500.0
2025-07-11,61.59577941894531,62.01250161301225,61.31796083795797,61.67515345283975,1233000.0
2025-07-14,62.10179901123047,62.1514082549288,61.46679160802927,61.48663606249714,1637700.0
2025-07-15,61.36756896972656,62.10179864088857,61.12944308741751,61.863668973636855,1458500.0
2025-07-16,62.379615783691406,62.44906948406193,61.31796203809302,61.45686943883408,1918100.0
2025-07-17,62.72688674926758,62.80626078304369,61.823984878525806,62.230786737103024,1569200.0
2025-07-18,63.62978363037109,64.05642993555038,63.10391883861448,63.12376329291848,2687400.0
2025-07-21,64.05642700195312,64.22510674828337,63.4908771124317,63.62978071631299,1740800.0
2025-07-22,65.22722625732422,65.26691516593978,64.10604297600456,64.26479104058149,2482800.0
2025-07-23,64.34416961669922,65.53481417955275,63.90760675654977,65.22722702662576,2407400.0
2025-07-24,64.70136260986328,64.89980715645103,64.11596822967164,64.42354781452586,1304000.0
2025-07-25,64.4334716796875,64.86011799080828,64.17549755508564,64.74105126332618,1417900.0
2025-07-28,63.332130432128906,64.32433047310269,63.3023618571386,64.32433047310269,1133600.0
2025-07-29,63.99690246582031,64.10604507561644,63.26267277215546,63.679398756382206,1406500.0
2025-07-30,64.49300384521484,65.23715388958271,63.99690381563627,64.06635751698184,1941200.0
2025-07-31,65.01000213623047,65.16999816894531,64.05999755859375,64.13999938964844,2357800.0
2025-08-01,65.47000122070312,65.68000030517578,64.79000091552734,65.33000183105469,1626900.0
2025-08-04,66.33999633789062,66.62000274658203,65.43000030517578,65.52999877929688,2338200.0
2025-08-05,66.06999969482422,66.55000305175781,65.86000061035156,66.33999633789062,1897800.0
2025-08-06,65.7699966430664,66.36000061035156,65.63999938964844,66.12000274658203,1541700.0
2025-08-07,66.12000274658203,66.36000061035156,65.75,66.1500015258789,2278400.0
2025-08-08,65.63999938964844,66.76000213623047,65.51000213623047,66.69999694824219,1923900.0
2025-08-11,65.31999969482422,66.08999633789062,65.01000213623047,66.08999633789062,1599500.0
2025-08-12,64.80000305175781,65.61000061035156,64.16000366210938,65.61000061035156,2316200.0
2025-08-13,65.37000274658203,65.4000015258789,64.61000061035156,64.86000061035156,1217900.0
2025-08-14,64.72000122070312,65.94000244140625,64.66000366210938,65.44999694824219,2288700.0
2025-08-15,64.62000274658203,64.86000061035156,64.0,64.76000213623047,3185500.0
2025-08-18,64.43000030517578,65.19999694824219,64.4000015258789,64.86000061035156,3168100.0
2025-08-19,66.0199966430664,66.05000305175781,64.44999694824219,64.55999755859375,2239100.0
2025-08-20,66.33000183105469,67.0199966430664,66.04000091552734,66.33999633789062,2294800.0
2025-08-21,66.11000061035156,66.55999755859375,65.8499984741211,66.11000061035156,1922000.0
2025-08-22,66.97000122070312,67.11000061035156,66.4000015258789,66.56999969482422,2248200.0
2025-08-25,66.18000030517578,66.98999786376953,66.0,66.66999816894531,1486900.0
2025-08-26,65.70999908447266,66.22000122070312,65.58000183105469,66.0999984741211,1836500.0
2025-08-27,65.80000305175781,65.9800033569336,65.48999786376953,65.75,1634300.0
2025-08-28,65.0199966430664,65.83000183105469,64.87000274658203,65.83000183105469,1626500.0
2025-08-29,65.06999969482422,65.45999908447266,64.75,65.0999984741211,1669600.0
2025-09-02,64.66000366210938,65.0199966430664,64.37999725341797,64.66000366210938,1701400.0
2025-09-03,64.5199966430664,64.83000183105469,64.16999816894531,64.44000244140625,1600800.0
2025-09-04,64.72000122070312,65.13999938964844,64.30999755859375,64.8499984741211,2086400.0
2025-09-05,64.62000274658203,64.98999786376953,64.20999908447266,64.91999816894531,1609200.0
2025-09-08,64.05000305175781,64.72000122070312,63.70000076293945,64.68000030517578,1911800.0
2025-09-09,64.01000213623047,64.23999786376953,63.619998931884766,63.77999877929688,1656300.0
2025-09-10,63.9900016784668,64.3499984741211,63.7400016784668,64.01000213623047,1612700.0
2025-09-11,64.66000366210938,64.77999877929688,63.75,63.959999084472656,1588800.0
2025-09-12,64.86000061035156,65.04000091552734,64.44000244140625,64.44000244140625,1127300.0
2025-09-15,64.7300033569336,65.04000091552734,64.69000244140625,64.86000061035156,862100.0
2025-09-16,63.619998931884766,64.66999816894531,63.540000915527344,64.54000091552734,1632500.0
2025-09-17,63.86000061035156,64.43000030517578,63.77999877929688,63.9900016784668,1944700.0
2025-09-18,63.77999877929688,64.1500015258789,63.27999877929688,63.66999816894531,1143400.0
2025-09-19,64.16999816894531,64.4800033569336,63.5,63.959999084472656,2539600.0
2025-09-22,64.22000122070312,64.37000274658203,63.70000076293945,64.16000366210938,1340400.0
2025-09-23,64.83999633789062,64.88999938964844,63.97999954223633,64.08000183105469,1510300.0
2025-09-24,65.47000122070312,65.54000091552734,64.7300033569336,64.98999786376953,2023700.0
2025-09-25,65.19999694824219,65.94000244140625,65.06999969482422,65.47000122070312,2234000.0
2025-09-26,66.06999969482422,66.25,65.48999786376953,65.48999786376953,1760000.0
2025-09-29,66.77999877929688,66.91000366210938,65.81999969482422,66.16000366210938,1997300.0
2025-09-30,67.41000366210938,67.54000091552734,66.44999694824219,66.5999984741211,1663600.0
2025-10-01,67.11000061035156,67.55000305175781,66.94999694824219,67.37000274658203,1248900.0
2025-10-02,66.30999755859375,66.87999725341797,66.13999938964844,66.6500015258789,2247400.0
2025-10-03,66.80000305175781,67.1500015258789,66.2300033569336,66.30000305175781,1782100.0
2025-10-06,68.12000274658203,68.19000244140625,66.7699966430664,66.80999755859375,2723900.0
2025-10-07,68.06999969482422,68.5,67.68000030517578,68.16999816894531,1898100.0
2025-10-08,67.87000274658203,68.5199966430664,67.30999755859375,68.5199966430664,1530100.0
2025-10-09,67.23999786376953,68.04000091552734,67.16000366210938,68.04000091552734,1481100.0
2025-10-10,67.75,68.31999969482422,67.38999938964844,67.55000305175781,1907200.0
2025-10-13,67.66000366210938,68.23999786376953,67.31999969482422,67.63999938964844,1449300.0
2025-10-14,68.12000274658203,68.3998031616211,67.7750015258789,68.04000091552734,242188.0
