Date,Close_MCD,High_MCD,Low_MCD,Open_MCD,Volume_MCD
2023-10-16,238.46641540527344,238.99117036619808,236.6822630964584,237.7794661033955,2774700.0
2023-10-17,239.61129760742188,239.8593569420765,237.93209649015745,238.6094954479296,2627500.0
2023-10-18,244.27682495117188,245.2881628385437,240.75621375425584,241.24281128905628,4559200.0
2023-10-19,246.5189666748047,250.5070751029673,244.4962907874746,244.4962907874746,5646200.0
2023-10-20,246.2613525390625,248.38899405948695,245.73661213588912,247.07233880305037,3779200.0
2023-10-23,243.05560302734372,245.43128929995692,242.85523675264784,244.8302050341977,3409800.0
2023-10-24,245.45993041992188,245.9274566173609,242.9888286667644,242.9888286667644,2468000.0
2023-10-25,246.1850128173828,247.52073934910695,245.14505326351704,246.2708778319235,2759100.0
2023-10-26,244.0860137939453,247.625711028262,243.94289087450184,246.49985731528855,2702600.0
2023-10-27,244.01922607421875,247.4730583751998,243.1700824750124,244.772954391494,3209000.0
2023-10-30,248.20770263671875,250.0300268040164,242.91248929028777,248.16000955371376,6305100.0
2023-10-31,250.13499450683597,251.58520781923696,247.8260727596901,251.36575557887787,3990600.0
2023-11-01,249.94418334960935,251.2990106003889,247.90240676768204,250.92689970088185,3543000.0
2023-11-02,254.60012817382807,255.1439690375597,251.41345597492548,251.48977072510436,4109700.0
2023-11-03,255.5733184814453,256.279339175403,253.30256865134083,255.27755148172483,3126500.0
2023-11-06,256.5655822753906,256.7563837253189,255.0294748293556,255.70690295907204,3090600.0
2023-11-07,256.3366394042969,257.405220824405,255.8023195775829,256.4606472590173,2360800.0
2023-11-08,255.21075439453125,257.66278449643767,255.0104026818562,256.4892376603138,2223300.0
2023-11-09,254.65740966796875,256.02175804630684,253.7319366813821,255.92634275679785,2501700.0
2023-11-10,255.4969940185547,255.821382679582,253.0354137133246,255.05808955070395,2664900.0
2023-11-13,256.8422546386719,257.338373303615,254.99130895345365,255.12486704466167,2591900.0
2023-11-14,259.0271911621094,259.189400091462,256.985443405334,257.6055992097285,2647800.0
2023-11-15,257.9776611328125,260.563249428963,256.6705270309546,259.92399321515927,2575900.0
2023-11-16,263.444580078125,263.4827520124393,258.58824235703497,258.62641429134925,3593700.0
2023-11-17,263.09161376953125,264.3987188510806,262.5191511256673,263.8548778835769,2604800.0
2023-11-20,266.2210388183594,266.9556812438879,262.3951098137836,262.7099773651952,3499400.0
2023-11-21,267.59490966796875,267.7857402318083,265.6485485600987,267.0224470931062,2940800.0
2023-11-22,268.9879150390625,269.44589098260366,268.291444534294,268.3391376232074,2285000.0
2023-11-24,269.56988525390625,269.61757833526514,268.1291931503414,269.0546660386156,1218000.0
2023-11-27,268.9020080566406,270.86744052646486,268.1864371346176,269.6843725860498,3703900.0
2023-11-28,269.1405334472656,270.5239822188342,268.4345127836087,268.57762114561274,2199600.0
2023-11-29,267.5090637207031,269.50311805336673,266.66945576660095,269.25504412602066,2433400.0
2023-11-30,270.5132141113281,270.93553342791984,266.8851285577838,269.15029846415,5030400.0
2023-12-01,274.4676513671875,275.33147574260425,271.62661791139425,271.86657075407214,4967400.0
2023-12-04,274.6308288574219,275.8497787386389,273.53662984834483,273.53662984834483,3522900.0
2023-12-05,275.0243835449219,277.155166154629,273.74781790197386,275.03396174154534,3005300.0
2023-12-06,275.33154296875,275.8210562604925,272.0106030167458,275.2067920646373,2765100.0
2023-12-07,275.2643127441406,276.56964215585657,274.1605355198858,275.93616313271724,3131900.0
2023-12-08,274.0549621582031,276.329710608218,273.59424211738053,275.78261105182634,3623600.0
2023-12-11,277.5294189453125,277.68299226127886,274.08370004957817,274.08370004957817,3353000.0
2023-12-12,279.7082824707031,279.97702852122256,276.9152274682748,277.50069842825104,2252200.0
2023-12-13,284.0369873046875,284.07538796311115,279.8330085864611,279.9673962453838,3312300.0
2023-12-14,278.364501953125,283.4035119890333,276.4353008859106,282.7604547303353,4626800.0
2023-12-15,275.7250061035156,280.0249716543562,274.23731017278493,278.73882791302026,6328500.0
2023-12-18,278.5660705566406,278.9115885976658,276.0033612545607,277.0495521558235,2490100.0
2023-12-19,279.04595947265625,279.99616331945737,277.95176049296754,278.98837313594817,2054200.0
2023-12-20,277.3759155273437,279.9482326041037,277.11677696760046,279.0460074523898,2398500.0
2023-12-21,279.6794738769531,279.8138322492436,277.66386396362697,278.8924214541395,2313100.0
2023-12-22,279.9769897460937,280.7160339598883,278.82520437988427,279.01717837129206,1700300.0
2023-12-26,281.09039306640625,281.27275960198585,279.199592455302,279.5163173748687,1381500.0
2023-12-27,282.71246337890625,282.7892647013291,280.7064608746615,280.74486153587293,1892100.0
2023-12-28,283.9505920410156,284.5552778903861,282.1845426360508,282.63565515136537,1907100.0
2023-12-29,284.5936889648437,284.9200213274892,283.4419035628204,283.9409949484334,2227800.0
2024-01-02,285.10235595703125,285.3327012952305,283.1923115574082,283.1923115574082,4458400.0
2024-01-03,282.55889892578125,286.0141966162853,282.42451126680027,285.06399268050865,3114800.0
2024-01-04,280.015380859375,285.32313696470936,279.2283577377835,283.4515222265229,4615400.0
2024-01-05,277.3759155273437,278.6620594201625,275.65787403495284,277.5870752286198,3407300.0
2024-01-08,280.1689453125,280.26493231192666,275.964966641242,276.9151998571103,3097000.0
2024-01-09,279.18035888671875,279.18035888671875,275.9649845890866,277.9902020315596,2176400.0
2024-01-10,282.27099609375,282.5589571547142,279.18040150260765,279.30518169991285,2199700.0
2024-01-11,282.3284912109375,283.0963578342403,278.9691516231691,282.6164521788448,2047400.0
2024-01-12,281.67584228515625,283.8642110243672,281.0711564389988,283.58585752717505,1714800.0
2024-01-16,279.3915100097656,282.4245176908963,278.32613336555494,281.67586593544206,2859000.0
2024-01-17,279.45867919921875,280.5912495745827,278.4700746696861,278.47968215644755,2008200.0
2024-01-18,282.53009033203125,282.64529231300696,279.6026770641243,280.3513288392982,2221200.0
2024-01-19,288.4521179199219,288.9800024717348,284.60326484544544,286.0237962575678,4250900.0
2024-01-22,286.4173278808594,290.2373878575729,285.77424134468123,288.8552570766072,3250200.0
2024-01-23,287.9913635253906,288.144936845486,285.188730984219,285.48627013843003,1874000.0
2024-01-24,288.3656921386719,289.9013959854203,287.2811007476974,287.9433728485382,3209700.0
2024-01-25,285.2655639648437,289.2007969213558,284.1905797855496,288.6536973436758,3219600.0
2024-01-26,280.5144958496094,284.0849955146929,279.97700379603725,283.461094656868,4210500.0
2024-01-29,280.5624694824219,280.9943963311661,276.72322386200915,279.9194122440297,3899700.0
2024-01-30,282.8084411621094,283.06760900293057,278.5372977347781,280.39933431264933,2524200.0
2024-01-31,280.9560241699219,285.4863356331487,279.9290188324269,284.0082177178556,3476200.0
2024-02-01,286.1005554199219,286.1485635622772,278.6140385775845,279.97698358791666,3380600.0
2024-02-02,285.11199951171875,286.1870130156916,281.56071447220563,284.1714029710366,3971600.0
2024-02-05,274.477294921875,279.7274649812136,271.94337851048886,275.47550708009885,7581900.0
2024-02-06,273.2103271484375,273.2391203206894,270.22532755754963,271.5978509200906,5927200.0
2024-02-07,275.7825927734375,278.85400092644545,272.69199893750385,273.59422398403296,3954700.0
2024-02-08,280.1977233886719,281.3686944199084,272.7784003197053,274.69802304034755,4605000.0
2024-02-09,277.8365783691406,280.75441292461176,277.30869387023284,280.4088656249993,3323000.0
2024-02-12,277.8078308105469,279.4875008624322,277.15516604882623,277.3855114256403,2392300.0
2024-02-13,275.5713806152344,278.24926207488124,274.1892794298277,277.0303123910686,2756100.0
2024-02-14,276.5888977050781,276.73286357438434,275.07237910539163,275.7730520575124,2139300.0
2024-02-15,280.1305847167969,280.3609594065914,275.73466070913133,276.3297391831129,2401400.0
2024-02-16,280.2840881347656,281.89659339643094,277.6350288377547,279.1035389700609,2837500.0
2024-02-20,280.8888244628906,283.6242930459234,280.11137950544537,280.2649528575622,2264000.0
2024-02-21,282.09820556640625,283.3363706208566,280.50491493839115,281.31115309513564,2076400.0
2024-02-22,284.0273742675781,284.74723274633794,281.4646651951018,282.18452367386163,3146600.0
2024-02-23,285.7838439941406,286.73404790579923,283.2115564752123,284.1041740462322,2199000.0
2024-02-26,285.17919921875,286.67650287334754,284.4881337403877,286.2253902792622,2595300.0
2024-02-27,281.9541931152344,284.87199854583605,281.53187377559925,284.87199854583605,2811200.0
2024-02-28,283.32672119140625,284.20015305469843,280.95598593136134,282.2133364851585,2507300.0
2024-02-29,282.1298217773437,284.51404583337643,281.5796094280032,283.9831577854154,3601700.0
2024-03-01,280.6336364746094,282.5062671605658,279.4752978898496,281.27071975044987,3028900.0
2024-03-04,280.8363647460937,281.1259346936382,278.4810976468088,279.32087995246474,2832000.0
2024-03-05,282.3807373046875,283.31705251589915,278.8864566580326,281.43475994500085,2969600.0
2024-03-06,282.7572326660156,284.8905058464476,282.0043213840324,283.14333572845754,2348000.0
2024-03-07,281.0003662109375,284.6780802659374,280.92315739904654,283.9830831278435,2237700.0
2024-03-08,282.39044189453125,283.28816765595144,278.7996272221821,279.9676280897887,2482300.0
2024-03-11,284.5815734863281,285.1896997206433,281.7340085489947,282.0042836022713,2893300.0
2024-03-12,284.0892944335937,286.0680909085114,283.3460453512308,285.4117128001047,2233100.0
2024-03-13,273.0368957519531,283.2784496896321,272.7859449970826,282.1104785099324,5441300.0
2024-03-14,271.9461975097656,272.70874147836975,268.1816116714077,272.6122378068428,4659300.0
2024-03-15,269.4461364746094,274.35936917484355,268.71252006605346,272.1006354228824,5071700.0
2024-03-18,268.9055480957031,270.56581765300126,268.41327924717297,269.7646545943288,3319400.0
2024-03-19,273.04656982421875,274.5234352596962,268.9055434236554,269.50403699207254,4055400.0
2024-03-20,274.5716857910156,274.716470727731,271.598630954203,273.6546654288693,2867300.0
2024-03-21,273.6836853027344,275.6624819606571,272.8246081756465,274.62000071899774,3653300.0
2024-03-22,272.8149108886719,274.5137995384148,272.32261259635493,274.0215012460978,2556100.0
2024-03-25,268.94415283203125,270.8360782167198,267.9982048685728,270.27623326637325,2985500.0
2024-03-26,268.94415283203125,269.7453453055659,267.5445257272791,269.523322080585,2572100.0
2024-03-27,272.22607421875,272.49634927528274,268.44222342729176,268.44222342729176,2605000.0
2024-03-28,272.15850830078125,273.5388404755353,271.48280597834946,272.4480781773836,3453900.0
2024-04-01,270.4886169433594,271.772416197225,268.9634996039136,271.7241643632186,2408800.0
2024-04-02,268.0947265625,270.7395927686612,267.814818797384,270.2762514470963,2907700.0
2024-04-03,265.9711608886719,268.30710356118607,265.59469051924606,266.96539026570565,2748000.0
2024-04-04,260.7103881835937,266.646806850775,260.5463083913308,266.646806850775,4095100.0
2024-04-05,257.428466796875,261.22197978869247,257.10991044801483,260.0636707269641,6816000.0
2024-04-08,258.26824951171875,259.3590119040296,256.6369369979079,257.9593553114981,3753200.0
2024-04-09,260.0829772949219,260.305000534206,256.2798019823287,256.97479923381206,3934900.0
2024-04-10,259.3397216796875,259.648586427634,255.9033251921628,257.698746987355,3817500.0
2024-04-11,259.2914428710937,260.5076954066433,257.872491398877,260.1408872160634,2519200.0
2024-04-12,258.1041564941406,258.91498163484187,257.3222588843447,258.60608745044976,2708400.0
2024-04-15,256.9844665527344,259.1949190092181,256.810695143038,258.55783572772907,3686700.0
2024-04-16,256.2121887207031,257.7180109710713,255.94191368750293,256.8878910325883,2912900.0
2024-04-17,260.57525634765625,260.73933613423065,256.29907788113934,257.2450552933949,3383100.0
2024-04-18,261.5694885253906,261.8687205704051,259.5134538912273,261.5694885253906,3402700.0
2024-04-19,262.5444030761719,262.7664263096535,261.0868619365356,262.56372737511896,3017100.0
2024-04-22,266.0097045898437,266.89776799087065,262.8629371938211,264.2432693942164,3129300.0
2024-04-23,267.2646179199219,267.7665489463981,264.7162847291005,267.20670393447364,3275700.0
2024-04-24,267.1391296386719,267.40940472521663,263.41319241289256,265.97115831372224,4071600.0
2024-04-25,266.0290222167969,270.1024720485638,265.1795779739231,267.3996922341681,4179800.0
2024-04-26,263.6062316894531,266.52134368298294,260.980689627879,261.8108391957774,3636500.0
2024-04-29,264.0502014160156,264.899645674553,263.13321049064416,264.32047645666205,3148900.0
2024-04-30,263.5579528808594,267.25493277009576,253.509464861506,255.15041007094584,6894400.0
2024-05-01,264.8996887207031,266.8302334555395,260.6717910381676,261.9556197831877,4843200.0
2024-05-02,263.7896423339844,266.7144165502952,263.2394299918625,264.9769379999669,3084000.0
2024-05-03,260.93243408203125,265.0830934891858,259.5521016630418,264.6197816046439,2642100.0
2024-05-06,259.94781494140625,262.438233936642,259.6968641782304,261.6467035919377,2481300.0
2024-05-07,258.2103576660156,261.27028402482443,257.7180593333233,260.66215772156335,3160000.0
2024-05-08,259.1659545898437,259.59067676533107,256.8203499327933,258.21034442388395,3259800.0
2024-05-09,258.6447448730469,259.15633805389865,257.74701917566347,259.137013753407,3140000.0
2024-05-10,265.44989013671875,265.8166983345151,258.53853673495354,258.85709309947083,4983500.0
2024-05-13,261.897705078125,267.1294647988018,261.7239631223331,265.8167085224522,3840700.0
2024-05-14,261.2605895996094,263.29729989864546,259.37829693707243,262.6698788303902,3143200.0
2024-05-15,264.359130859375,264.84176702904057,260.8455548622522,261.6949697763334,2982500.0
2024-05-16,264.0116271972656,265.9904235616838,263.44212009461734,264.976899464352,2339900.0
2024-05-17,262.9208679199219,264.54251827786777,261.5115786415478,264.54251827786777,2454500.0
2024-05-20,258.5674743652344,262.6795436001146,257.997967269427,262.30307328074264,2651100.0
2024-05-21,256.636962890625,259.7354789814422,256.22190283719897,259.1852961128945,2362600.0
2024-05-22,256.5404052734375,257.553958850092,255.36277190424184,256.63693839375304,1906100.0
2024-05-23,248.97268676757807,256.3956333943894,248.6541598578462,255.9226593758325,5636200.0
2024-05-24,249.14642333984372,251.41481917396945,248.57691620834385,249.7545496121597,3382900.0
2024-05-28,244.73513793945312,249.82212719840877,243.87604616237863,248.4514569980804,4324700.0
2024-05-29,240.70993041992188,244.9860940425301,240.5072315005235,244.5613719062293,4029300.0
2024-05-30,243.3162078857422,244.1752996865027,241.41462018143733,241.9069037766303,3597800.0
2024-05-31,249.89935302734372,250.2468369060749,244.70616875375933,245.3625615587632,6125400.0
2024-06-03,252.35736083984372,252.5516805807568,248.32547823265125,250.58915200423635,4342800.0
2024-06-04,255.2428131103516,255.6022779174056,251.87157046055964,251.95900544208408,4592700.0
2024-06-05,252.5904998779297,254.29069369842213,251.29836561992744,254.0575337478719,4136800.0
2024-06-06,253.2997283935547,254.33928256406227,251.56066473856865,253.48432323314117,3354300.0
2024-06-07,248.91807556152344,253.96036689660184,248.072841115012,252.66823267415847,2290100.0
2024-06-10,246.5863800048828,248.71405338033196,245.94516052812855,248.71405338033196,2866200.0
2024-06-11,247.04302978515625,247.4413644846873,244.9250810746016,245.80917063455448,2729400.0
2024-06-12,247.23733520507807,249.0152540345597,246.19779578591437,247.6259598485386,3169600.0
2024-06-13,246.47952270507807,247.4899319003681,244.03123946596696,246.37265278681693,3153000.0
2024-06-14,246.3629302978516,246.4017853459341,243.4774574749272,245.66342083626307,2806600.0
2024-06-17,246.29493713378903,247.27620137235704,244.7113380620501,245.11938281317688,2532900.0
2024-06-18,243.6523284912109,247.1110207661624,242.2533243864424,246.72239616107709,2956300.0
2024-06-20,246.57667541503903,248.41288408498508,242.40876354825625,243.14714289828544,4046500.0
2024-06-21,252.00759887695312,254.0186627395289,248.33516660252536,250.92917481241625,8425800.0
2024-06-24,252.96942138671875,253.93123585815275,250.46283325342733,251.628692336218,3901200.0
2024-06-25,250.05479431152344,252.72652743496397,248.31573063126552,252.72652743496397,3903800.0
2024-06-26,250.4919586181641,250.82230806332169,247.4316158269485,249.34554938764316,2796100.0
2024-06-27,250.82229614257807,251.46348594346145,249.6564372065598,250.65712142784952,2651000.0
2024-06-28,247.5870819091797,252.10473391149563,245.663438166366,250.21024998744195,8958700.0
2024-07-01,242.87510681152344,248.0728329977776,242.6127870584431,247.57735330819276,3817600.0
2024-07-02,240.7377014160156,243.88549388598392,240.36852658600665,242.5739099840357,3944900.0
2024-07-03,242.8848419189453,243.8369463484036,241.11663315400853,241.42753286743164,2026100.0
2024-07-05,243.9438018798828,244.26441163124247,241.72869343822785,243.8563668998338,2814300.0
2024-07-08,240.7960205078125,245.39139722825797,240.0284961620398,244.59472788955853,3163900.0
2024-07-09,238.8238067626953,240.35882586846216,236.5989733808624,240.19366596023443,4927300.0
2024-07-10,243.36087036132807,243.4288703996044,238.9014939684962,239.97019306580063,4092700.0
2024-07-11,247.5482177734375,248.37401728762768,242.7585212930812,244.07010528407773,5546400.0
2024-07-12,246.673828125,249.60789585518444,244.6433144982651,247.0138728177797,4543000.0
2024-07-15,244.37127685546875,248.45173891570823,244.0409570541737,246.42122535393733,3393600.0
2024-07-16,249.94790649414065,249.9867763680946,242.98198627599547,243.8563657212864,4173000.0
2024-07-17,253.57177734375,254.59188182977425,250.5211294690768,251.5995535948153,3711500.0
2024-07-18,252.1338806152344,254.8639038078997,250.26854167277963,250.68629647614912,3421800.0
2024-07-19,249.9576416015625,253.02770949094685,247.77167807438616,252.9791443832874,3470600.0
2024-07-22,252.1533203125,252.396205139512,249.1026726536965,250.9485914091823,2759500.0
2024-07-23,246.819580078125,252.73626611200456,246.29494051624684,252.28933665420567,2653100.0
2024-07-24,246.15890502929688,247.0915892699743,239.11524518063567,239.30956489814028,5983300.0
2024-07-25,244.30328369140625,248.80150065794425,243.95352894356728,246.9555818815523,3323100.0
2024-07-26,244.82791137695312,246.8195699701208,243.61348721337697,245.7022908449225,4002900.0
2024-07-29,253.97982788085935,256.41837146841715,243.10828544531813,246.3338031771553,9381000.0
2024-07-30,258.85693359375,259.7604580274368,252.9013929379188,253.57175742717715,4936600.0
2024-07-31,257.8465270996094,260.0519403100158,255.7091584057372,257.86597686119825,4652100.0
2024-08-01,261.1011657714844,261.12058588226523,254.9318857853115,259.2261021898029,4936000.0
2024-08-02,268.8152160644531,268.93179603868,261.14975661974273,261.7326861399038,9585900.0
2024-08-05,260.8097229003906,269.9616060101203,260.061618704298,266.2406237370614,6794900.0
2024-08-06,262.3739013671875,265.4245490051514,260.45024287674374,262.17958164729464,3369300.0
2024-08-07,261.7035522460937,265.366274602888,260.93602785117787,261.8881470961245,3540000.0
2024-08-08,263.47174072265625,265.86171905886846,260.45023813280835,261.2760524537715,3227200.0
2024-08-09,260.2851257324219,263.9672683816606,259.3621514374182,263.9672683816606,2664900.0
2024-08-12,261.7909545898437,261.85896945222294,257.7784927958173,259.8478761151791,3008100.0
2024-08-13,262.6167907714844,264.2586945914194,259.9256375333024,262.6167907714844,2603600.0
2024-08-14,263.432861328125,263.782630875114,260.8582882491396,262.1795673957038,2242100.0
2024-08-15,267.0470275878906,267.9117118771801,264.112989301517,264.2587142803216,2445200.0
2024-08-16,270.5639343261719,271.5451983768667,266.8818222142612,266.9303873132169,3286000.0
2024-08-19,279.3661193847656,280.1142236359495,273.70205819923086,274.29468295242776,5268800.0
2024-08-20,277.50079345703125,282.0087206913209,277.0927338783231,278.34602796039627,3697600.0
2024-08-21,281.46466064453125,281.7172703666825,278.12256286280217,278.97752224636474,2686300.0
2024-08-22,280.9788513183594,282.2321452219323,279.36609264492256,281.30917109739715,1746400.0
2024-08-23,281.2800598144531,282.50420887389873,278.9580962029804,282.1155990666387,2145900.0
2024-08-26,280.46392822265625,283.8934604014751,279.67698384515273,281.0177126806101,2018500.0
2024-08-27,281.39666748046875,282.0378573510159,279.86161872629754,280.8525781752616,2897600.0
2024-08-28,278.8803100585937,282.679031814352,277.14127627182444,281.6977974028348,2603800.0
2024-08-29,279.66729736328125,280.8817215260462,276.6749692718005,279.58958726243634,1797100.0
2024-08-30,280.4445495605469,280.6582894013981,278.14200606762034,279.3758503562907,2528500.0
2024-09-03,279.0080261230469,281.6366766565372,277.2393098665938,279.82886434525005,2902800.0
2024-09-04,281.4608154296875,282.37937896399086,279.4673339486935,280.01455948127153,2558300.0
2024-09-05,281.40216064453125,282.94611186632585,279.71160667214576,282.4086678526665,2412500.0
2024-09-06,282.90704345703125,285.5259125075541,281.0112873985724,281.2555855522753,3863600.0
2024-09-09,284.646484375,285.08620321937707,281.23606140031,283.4152119676321,3208600.0
2024-09-10,284.6269226074219,289.47382013683426,284.4021873598882,286.1318077980128,2497100.0
2024-09-11,283.61065673828125,284.7930515914399,279.31098486942165,284.1969485189844,2747500.0
2024-09-12,285.6822814941406,286.0145234215578,281.6855670740371,283.5520086422318,2274200.0
2024-09-13,289.7669677734375,289.97216990289087,285.9461405053143,287.7734861940784,2205500.0
2024-09-16,289.9232788085937,293.2652608458135,288.31091696105426,290.6366401520193,2916200.0
2024-09-17,287.05035400390625,290.6073497261646,285.5064026681096,290.22623026097074,2997400.0
2024-09-18,285.3695983886719,288.3695872967453,283.7474548405431,287.177410945545,1788200.0
2024-09-19,287.1480712890625,288.34999918420897,284.2653409915181,287.5389423917244,2271400.0
2024-09-20,290.0600891113281,291.252265369797,286.151318404421,286.2588251060689,5817300.0
2024-09-23,292.2392578125,293.37280496705785,290.1187662713148,292.18062863395005,2312400.0
2024-09-24,293.4216613769531,294.5747715062611,290.9102986304404,292.2392664790575,2408100.0
2024-09-25,293.6170654296875,294.9167184826479,291.59426956492285,293.4802441496117,1986200.0
2024-09-26,296.7245483398437,297.3499659631132,293.8809140909952,294.28156666436087,1971100.0
2024-09-27,296.7636413574219,299.9590506204689,296.59750548370687,296.59750548370687,3402800.0
2024-09-30,297.56494140625,298.0730708450959,295.2099035568985,296.8222654543152,2286500.0
2024-10-01,296.06988525390625,298.26856905371426,295.3565237742078,297.5649890449134,3036200.0
2024-10-02,296.83209228515625,297.14477131447006,292.74740374685035,293.7245965396547,2352400.0
2024-10-03,296.5291442871094,297.086121475897,294.3890898339436,296.5779919947302,1802500.0
2024-10-04,296.83209228515625,298.9135177052788,294.50636866683266,296.13826393074385,2432400.0
2024-10-07,293.9884338378906,298.1610359890186,293.1578140670563,296.83206821292765,2091800.0
2024-10-08,295.0144958496094,296.4314373165899,293.509610610559,295.7376387892232,2038300.0
2024-10-09,296.9004821777344,298.05359237282033,295.0731363708684,296.03079607280534,1854100.0
2024-10-10,297.1056823730469,298.7766735710293,296.0209829487038,297.09590090296786,1739500.0
2024-10-11,298.0828552246094,298.5323554949597,296.0600592757032,297.4770005511909,1775600.0
2024-10-14,302.7733459472656,303.34013434474247,297.55514113936823,298.19031035318807,2376300.0
2024-10-15,306.19354248046875,308.1674609048529,303.9166967192126,304.88410790331653,3067100.0
2024-10-16,305.7831420898437,306.5746657633818,303.0372032632402,306.17401319183546,1821300.0
2024-10-17,307.5225524902344,307.86454607562376,305.3531835183866,306.8189725582417,3095200.0
2024-10-18,309.3401184082031,309.94597311013143,307.06327254102825,308.3727071790953,2531200.0
2024-10-21,307.708251953125,310.6495819723247,307.23918867817093,309.8971542597959,2404100.0
2024-10-22,307.51275634765625,308.53879669797635,306.15444425452193,306.92643479537924,5889100.0
2024-10-23,291.7604675292969,294.7213605820973,284.1969748211225,286.0927312783276,18792000.0
2024-10-24,294.7017822265625,295.4933358054808,291.4770580166861,292.29789636426267,5522600.0
2024-10-25,285.93634033203125,294.7213229437286,285.53571756982154,294.13500136208467,8863200.0
2024-10-28,290.0210266113281,293.07964450032745,289.7767284389998,292.3760645711597,6656000.0
2024-10-29,288.2718200683594,295.7962150970695,288.2718200683594,290.8125268197129,9048900.0
2024-10-30,284.8711853027344,288.6333828996883,283.22950883838985,287.78323008142246,4924000.0
2024-10-31,285.44775390625,287.66600048805986,284.52922017633057,285.5845752027297,4277400.0
2024-11-01,288.4770812988281,290.1090064141946,286.5911063313372,287.7930642242679,4131800.0
2024-11-04,286.1708984375,288.2327607942082,285.14482817271465,288.0177771996246,2583100.0
2024-11-05,290.5389404296875,290.5975696059043,285.88749363945664,287.0503553370144,3032100.0
2024-11-06,287.2946472167969,293.4802637445728,286.0438417823206,293.43141603931394,4646400.0
2024-11-07,287.9396057128906,289.7767327676913,287.10898595025566,288.1154932424214,3357400.0
2024-11-08,292.1513061523437,294.9460629929096,288.5161480726726,288.8581714860113,3279100.0
2024-11-11,294.6529235839844,296.880921822327,293.17735301427984,293.63663479164484,2872400.0
2024-11-12,291.838623046875,294.52590324034816,290.73439041410774,293.2946605939978,2452900.0
2024-11-13,290.5682678222656,292.3076697103086,288.4868425101829,292.0829046438697,2327100.0
2024-11-14,291.7506103515625,293.26524690144845,289.8255398021475,291.20338489989075,1932600.0
2024-11-15,285.9559020996094,292.6692111191065,283.1122677886135,290.92980932101034,4039400.0
2024-11-18,284.4608154296875,288.70182838521185,284.1578880629755,286.327257160383,2865000.0
2024-11-19,284.0992126464844,285.4086471395124,281.0405950659674,283.3858513194735,2353300.0
2024-11-20,284.2751159667969,284.6757685298773,281.6855614215727,283.9917217496809,2524600.0
2024-11-21,281.89080810546875,282.0178479408714,276.995062636366,278.4999478978502,4475700.0
2024-11-22,283.6595153808594,283.9722242236592,281.5683383654432,281.89079885726034,2879100.0
2024-11-25,289.4347229003906,289.8451271551663,285.1155178255151,285.1155178255151,5021800.0
2024-11-26,289.5715026855469,290.49984768883786,288.10571362028,290.22623492285027,2254200.0
2024-11-27,288.3500366210937,292.66924189339306,288.2523411989095,290.2262599076385,2240300.0
2024-11-29,289.2588195800781,290.27507851273,287.31418583574765,287.45100712757835,1655900.0
2024-12-02,287.4892883300781,289.2489938368084,286.0146818162804,288.53134119975283,3149900.0
2024-12-03,289.5144348144531,289.85851569472794,285.3757139428381,287.3713470472937,3031000.0
2024-12-04,290.09442138671875,291.0283508486768,286.87978997720165,287.33199424254354,3742500.0
2024-12-05,294.4002685546875,294.6656869198253,289.937117890456,290.5368067907318,2594800.0
2024-12-06,293.9186096191406,298.65698954203486,293.554848109684,295.4718487638086,4158700.0
2024-12-09,296.2680969238281,297.49693565082475,292.0605543226295,292.5422495033096,2391600.0
2024-12-10,295.6192626953125,297.6935580404472,290.83171187631086,295.0490947336937,3523000.0
2024-12-11,291.0873413085937,296.7891413473528,290.95953727308216,296.2386239643393,3037600.0
2024-12-12,291.6083374023437,293.495816804479,290.0943997561927,291.18562409884873,2040700.0
2024-12-13,291.5788879394531,294.13487874423515,290.42868157696927,291.2741383051353,2547600.0
2024-12-16,292.6700744628906,297.0054214019131,292.1392376955433,292.149048005418,3179900.0
2024-12-17,291.0676574707031,294.9213091101592,289.8290083730844,292.58159525773374,3295800.0
2024-12-18,285.9557189941406,293.9186006989896,285.7492824687298,290.02561764269564,3800900.0
2024-12-19,285.31671142578125,287.9021629939105,283.9600686252056,285.955701585212,3438500.0
2024-12-20,287.7252197265625,291.0873358246476,284.4024348696509,284.618711694685,7678000.0
2024-12-23,286.3587646484375,288.13812078730643,284.82517626356645,287.3123447339871,2492200.0
2024-12-24,289.0130310058594,289.2882896832654,285.86722183563967,286.34891702086384,1461000.0
2024-12-26,289.809326171875,290.4385060283344,287.64658791742625,288.03981032723993,1433900.0
2024-12-27,288.6492919921875,291.4608905530566,287.7841847426893,288.3740333219786,1617200.0
2024-12-30,284.6973571777344,286.5356950802835,284.1075085991389,286.5356950802835,1936700.0
2024-12-31,284.98248291015625,286.30960483539786,283.6946322255363,285.1692388099806,1915600.0
2025-01-02,287.55810546875,290.75308619273363,285.3363554265387,286.0245171213135,3117000.0
2025-01-03,289.7896728515625,289.9666184341879,285.7787563073202,287.8726723702808,2240100.0
2025-01-06,287.2336730957031,290.59578906363265,286.80111946238014,288.3150571790106,2838900.0
2025-01-07,284.4417724609375,289.93713600045635,283.3997195536769,288.8066102992903,3419500.0
2025-01-08,282.0430603027344,284.2451597152929,281.69897945693344,284.0780244470082,2724200.0
2025-01-10,277.53076171875,282.8983207871857,277.0097353073572,282.63290242698577,3946000.0
2025-01-13,278.8284606933594,279.6837277495947,275.60398868770784,278.1501392347695,3394300.0
2025-01-14,276.8131103515625,280.5193071066491,274.6503722195408,280.1948768862315,2238900.0
2025-01-15,277.5209350585937,279.83115794007455,275.8595426460148,279.5165680155864,2867800.0
2025-01-16,275.0042724609375,276.1938099738733,271.8486229452212,275.4958079618692,3403700.0
2025-01-17,276.1938171386719,279.27080425353,275.259887662296,276.22330806945496,3312800.0
2025-01-21,277.82568359375,278.11078258676935,274.011393277693,276.0070262269359,3858600.0
2025-01-22,276.5870361328125,278.73012374576865,275.6531066679733,278.5040066119269,3660600.0
2025-01-23,279.6148986816406,280.17525639465754,275.8988912179178,275.9972043256144,2279400.0
2025-01-24,280.62744140625,281.9939245071563,278.4843538100846,279.6935419496742,2523000.0
2025-01-27,288.1282958984375,288.4625364616507,280.97153971900343,281.7579845735112,4343000.0
2025-01-28,286.2211303710937,289.50458407985894,285.0906046631364,287.44996918429695,3180100.0
2025-01-29,285.19873046875,288.17746457783164,285.0906070527367,286.44724991403587,2358300.0
2025-01-30,285.4051818847656,287.13536645603176,284.46141211758817,285.9851901786445,2125200.0
2025-01-31,283.8126525878906,286.31947201632283,282.48550053715275,284.92349778495804,2556500.0
2025-02-03,285.1397399902344,285.9753563651592,279.3789581601597,282.1610359720976,3048800.0
2025-02-04,284.864501953125,285.7197990112419,283.4882084128004,284.85469164276674,2976900.0
2025-02-05,283.9403991699219,285.35602388697754,281.4925618471142,285.090605502885,2362900.0
2025-02-06,289.37677001953125,292.1195465558601,285.40518471351095,286.6536741041384,3590000.0
2025-02-07,289.3177795410156,291.8246285590161,288.8459246677511,289.3767614001737,2858000.0
2025-02-10,303.1987609863281,305.02725858536155,296.4057370010236,297.1528505356552,8052000.0
2025-02-11,304.9584655761719,306.31510844114246,300.98688008854384,302.1665473617307,4180400.0
2025-02-12,302.39263916015625,304.84047629772215,300.5936024679404,304.33910049809714,3110200.0
2025-02-13,304.7716979980469,306.256144990408,300.45603137924866,302.29436957455823,3096800.0
2025-02-14,303.3265380859375,305.73507398102146,302.569584233656,304.94862919945484,2674400.0
2025-02-18,299.6695556640625,302.1469140817371,298.4014155226763,302.1469140817371,3367800.0
2025-02-19,296.8284606933594,298.6471480469386,294.4396053591336,298.1851034760395,2990700.0
2025-02-20,297.919677734375,297.99834022102647,293.1026354596916,295.7372587444966,3020000.0
2025-02-21,299.6498413085937,300.7803668535151,296.4843517822481,298.77492380026,3036700.0
2025-02-24,302.3631591796875,305.1845681916148,298.9715521787265,299.8366594717801,3397600.0
2025-02-25,305.4598388671875,306.4330696096059,302.7760440914623,303.94590104491067,3891600.0
2025-02-26,299.1189880371094,309.22495623283515,298.53897977501447,306.4232280178393,4140900.0
2025-02-27,304.702880859375,306.5018876622231,299.0698729996307,300.023453108503,3350400.0
2025-02-28,303.1102905273437,303.29707643116,298.7356422560983,302.40247815523696,4972900.0
2025-03-03,300.8658447265625,306.0073112211123,299.0267595447985,304.6428354804213,4371300.0
2025-03-04,302.32916259765625,309.4085948151356,301.162448366835,301.162448366835,3954500.0
2025-03-05,303.99029541015625,304.98890942148097,299.95619051122753,300.5791059863684,2327500.0
2025-03-06,306.8774108886719,307.8463938408199,300.9548258344066,304.3363237796445,2954900.0
2025-03-07,317.6745300292969,319.5333792051708,306.85763550514866,307.32234779911715,7607600.0
2025-03-10,313.67999267578125,322.6479354055849,312.1869750170843,316.4880305968806,4707600.0
2025-03-11,303.3080444335937,314.1249392079057,302.86309620650843,314.0458225490546,4513100.0
2025-03-12,296.0308532714844,302.98174365076835,293.01518691468306,300.2725864578059,4546200.0
2025-03-13,294.1522216796875,300.045145134152,293.9247990153542,297.04924304132203,4178600.0
2025-03-14,296.4560241699219,297.2865982716494,292.3823910220028,293.6282220004278,2696800.0
2025-03-17,300.5494384765625,301.79526940070895,296.6537727312407,297.9094706073392,2758400.0
2025-03-18,300.18359375,301.5381723054335,298.86854334897305,301.5381723054335,2435400.0
2025-03-19,303.4662475585937,304.6131675443852,300.2132614257809,300.569195868096,2812200.0
2025-03-20,303.5453491210937,306.1754199363328,302.0721256491707,304.5637573916344,2723500.0
2025-03-21,302.0028991699219,303.5453421427728,298.2456724769086,302.94222093025775,6016100.0
2025-03-24,302.2303161621094,304.4846581703058,301.10313007092884,302.8532014410536,3443400.0
2025-03-25,303.4662475585937,305.1866577114452,300.6087541975191,303.4761145103263,2657100.0
2025-03-26,310.05126953125,310.52587895172616,304.32644615346004,304.43519383935205,2624400.0
2025-03-27,309.1712951660156,313.0768578013233,307.1839040832097,311.61350141023195,3119500.0
2025-03-28,303.6343078613281,306.5115652072376,302.54668014350204,305.52281822269816,3211600.0
2025-03-31,308.8548889160156,309.6755658058876,301.01413261653687,301.567828510689,4418800.0
2025-04-01,310.1007385253906,311.23779158487946,307.45090370390113,309.55690954969424,2411200.0
2025-04-02,308.0737609863281,310.39732235050764,306.3434538261761,309.191049866178,2776800.0
2025-04-03,314.6885070800781,316.1222023464545,307.79693905857937,307.8760557186888,7023900.0
2025-04-04,296.7328491210937,311.4157481769178,295.9319664611546,311.03015253561864,8831100.0
2025-04-07,296.5153503417969,301.4491881832548,287.2310015899384,289.30737631096343,7725900.0
2025-04-08,296.4560241699219,304.7812878727965,291.6013025530165,300.3615872115188,5562500.0
2025-04-09,300.53955078125,308.14301815925364,293.37113452773764,294.063269546019,8265700.0
2025-04-10,303.3277893066406,304.16823025227745,293.5787588249078,297.9490034635596,6049500.0
2025-04-11,306.4126892089844,307.3915692572363,300.53952961612816,303.02129424140554,4439900.0
2025-04-14,312.5132751464844,314.61931110871006,307.6288624960557,308.9142215412573,4068300.0
2025-04-15,308.96368408203125,313.6305712900067,308.3308714966004,312.57260472170725,2901200.0
2025-04-16,305.6217041015625,310.75330345165327,303.91116092681096,310.0414044038325,3098900.0
2025-04-17,307.79693603515625,309.4679209171175,303.67387784885574,305.74035550498485,2728500.0
2025-04-21,305.2459716796875,307.7771615578319,301.6864764841208,307.5003136078525,2669900.0
2025-04-22,315.4893798828125,316.3990404005963,307.68818173350047,308.2517747660134,4200700.0
2025-04-23,314.8961486816406,316.30015249405307,311.2476699158114,314.9159127585186,3210100.0
2025-04-24,312.6615905761719,315.30155845281644,310.0018586214027,314.84671308846424,2479500.0
2025-04-25,313.1757202148437,318.15901362461153,311.484971266127,312.9384305867191,2282900.0
2025-04-28,313.24493408203125,314.44130950107296,310.7137441806029,314.12493339401726,2578300.0
2025-04-29,310.9609375,313.1658542152429,309.4778169713832,312.5033804358284,3164500.0
2025-04-30,316.052978515625,317.3877930258,309.5766976123344,313.2251765255361,5564600.0
2025-05-01,310.1106262207031,315.6574824546313,308.0935738746546,309.62611966812034,5186900.0
2025-05-02,308.4494934082031,312.41437837630355,307.183898505486,310.02159745480134,3994600.0
2025-05-05,312.1672058105469,313.82829353813185,307.2037067052047,309.47781274838667,3534100.0
2025-05-06,313.2251892089844,313.6701072809492,309.3492874618188,311.5640712178188,2691700.0
2025-05-07,314.5500793457031,315.6475740021256,312.5626882742577,312.9186528750995,2725900.0
2025-05-08,309.9622802734375,316.06286240031324,309.65577112439234,314.5006252785703,2131500.0
2025-05-09,310.150146484375,310.7137395066636,307.668412074686,309.378925044356,1917800.0
2025-05-12,308.4100036621094,308.6670573854697,301.5777576920056,308.4989872787533,4137900.0
2025-05-13,305.21630859375,308.6571589572611,304.97901897356417,308.14299121464074,3018600.0
2025-05-14,304.0397033691406,305.4338402640256,302.2500737079578,304.77136649549976,2656600.0
2025-05-15,310.941162109375,311.5838416135602,304.3363093298734,304.3363093298734,2928500.0
2025-05-16,315.024658203125,315.074113656213,309.84363372660005,310.83238069840485,2636900.0
2025-05-19,317.6152038574219,317.9909023642455,314.4512014456867,314.5302879276066,2748600.0
2025-05-20,316.2012634277344,318.0996708536935,315.26197192709566,317.6052973773061,2035000.0
2025-05-21,312.87908935546875,315.08400593135025,311.6233915833052,313.9469227919483,2386700.0
2025-05-22,310.7730712890625,313.0570744755045,309.11198354877087,312.56270096892985,2642000.0
2025-05-23,311.0301513671875,312.0979848517069,309.5074725367797,311.5245248677206,2701500.0
2025-05-27,311.4058837890625,312.06832739018745,308.6472711742476,310.9708326894442,2526700.0
2025-05-28,309.3196105957031,312.09798727635075,308.67693107485,311.4058824747259,1935600.0
2025-05-29,308.35064697265625,309.9722066521395,306.55115023641986,308.8549176344264,2248800.0
2025-05-30,310.3182678222656,311.7420659888638,307.08504565578977,308.48907974407825,4062900.0
2025-06-02,310.91485595703125,311.48164548388047,307.6434504676048,308.97588227692177,2577000.0
2025-06-03,310.6264953613281,312.61520486416487,307.4047653319294,310.0795820408688,3028100.0
2025-06-04,309.8111267089844,312.4759902418584,307.7329288560513,311.233046764365,2069500.0
2025-06-05,307.2357482910156,310.2386887773087,306.0325571686162,310.2386887773087,3813500.0
2025-06-06,305.6248779296875,308.1107649391831,305.0779949257186,305.416071917574,2622800.0
2025-06-09,303.0594482421875,303.506920030728,298.1572864660067,302.0153878626592,4059800.0
2025-06-10,298.7340087890625,300.70284224049,297.75956049461206,298.3163967615268,4698700.0
2025-06-11,300.0167236328125,301.48837962267817,295.5122977202886,298.5053153006014,3312100.0
2025-06-12,301.4486083984375,301.468484570366,298.3760556712922,299.9670294392941,2584700.0
2025-06-13,300.2056579589844,303.3875750762923,299.4499386089225,300.1062164110341,2435500.0
2025-06-16,294.6174011230469,302.28386836685075,294.0804410180793,301.4287377786628,4045700.0
2025-06-17,290.65985107421875,294.338975996564,290.1427974991223,294.3290227380023,3379000.0
2025-06-18,287.9949951171875,291.4553305147962,286.97081085308014,291.34596604891834,4008700.0
2025-06-20,285.83721923828125,288.9694307555468,283.9579044660419,288.13417637396265,7085000.0
2025-06-23,287.8855895996094,287.8855895996094,284.25620066344595,286.8912348036577,5172500.0
2025-06-24,289.8245849609375,290.45103331898395,286.9508851204514,287.98502257413594,4461200.0
2025-06-25,283.93798828125,289.4367688650886,282.70499809498494,289.2180096050772,4259800.0
2025-06-26,284.0175476074219,285.1710027406216,281.869737739943,284.33574840526285,5354900.0
2025-06-27,289.90411376953125,290.54051537208096,283.6297377561424,284.39541033079115,7422200.0
2025-06-30,290.5206604003906,291.92267398929494,289.23793418904535,289.23793418904535,5054800.0
2025-07-01,295.81060791015625,297.9584179789029,290.69963987657576,290.8487870316343,5121900.0
2025-07-02,292.9667663574219,296.397272289611,290.9482272805323,296.397272289611,4021500.0
2025-07-03,292.4198303222656,293.1655963816904,290.95812763198103,293.00652632620927,1678600.0
2025-07-07,291.8729553222656,294.0108120152831,290.8388178616002,292.45962099693463,3404300.0
2025-07-08,290.0234680175781,291.3658226757462,288.6214241557611,291.35589976288736,3123600.0
2025-07-09,291.3658142089844,292.16131620602977,289.6953055331367,290.60017198554544,3265800.0
2025-07-10,296.7055358886719,299.08202802145166,293.35453480674965,294.6273077049835,5366800.0
2025-07-11,298.2169494628906,301.0309601737598,295.6117447617643,296.45695240445724,4524100.0
2025-07-14,300.17584228515625,300.3647721313297,293.1656224949595,297.4910720939658,5707500.0
2025-07-15,297.9285888671875,301.0807070255419,297.5507291771001,299.599097696236,2937600.0
2025-07-16,297.212646484375,298.783744076721,294.537829619251,298.0876835719651,2804700.0
2025-07-17,298.6743469238281,300.74262190468,296.7353732677424,298.0777279737631,3134300.0
2025-07-18,295.3929748535156,298.70416284137013,294.7565732434889,298.0478850605172,3481300.0
2025-07-21,294.0704650878906,297.1131882059591,293.61307039796696,296.4270809984242,3037500.0
2025-07-22,297.48114013671875,298.4058828217908,293.3843728531934,294.1897978170046,2672000.0
2025-07-23,296.4370422363281,298.1871163600844,295.2438347071941,297.7993034300385,2467600.0
2025-07-24,292.8175964355469,295.7807541567165,292.7479843204768,295.2338711847056,4426000.0
2025-07-25,296.7850646972656,296.95411835740964,293.2352109419312,295.1344321638723,3401000.0
2025-07-28,297.5308532714844,298.2169605314051,293.3247214187489,295.383043198511,3070500.0
2025-07-29,300.9613647460937,301.12043480181416,296.616009009925,297.26236387197093,3147700.0
2025-07-30,301.8960266113281,303.7057595124016,299.3803103448924,300.8619195352561,2805900.0
2025-07-31,298.37603759765625,301.7568376840611,298.306425482172,299.32065640450384,3639600.0
2025-08-01,301.1801452636719,301.9855702382906,299.6786597786242,301.78668713665354,3344800.0
2025-08-04,302.5125732421875,304.6206005734888,298.8334483256557,298.8334483256557,4734500.0
2025-08-05,297.0833740234375,302.8804795271828,296.6856381706878,301.2895057708837,4222900.0
2025-08-06,305.9231872558594,308.6477095713129,300.0365937602713,305.2669094767861,6474300.0
2025-08-07,306.1717834472656,308.4190349568625,302.6318828639164,307.4147269202197,3603300.0
2025-08-08,303.7256774902344,306.8081530096784,302.1744864722885,305.2669152499564,2622000.0
2025-08-11,302.6418151855469,305.5652207524428,302.065102748099,303.775394233866,2649000.0
2025-08-12,299.93719482421875,303.77538976582684,298.1970739335798,303.44726603552414,3438300.0
2025-08-13,303.3478088378906,303.5864442658,299.6985135778499,299.99683820803523,2999100.0
2025-08-14,307.2059326171875,307.5440096132749,300.9912150156528,303.77539636302,4699400.0
2025-08-15,307.1860046386719,308.40907190151404,304.7697298868776,308.40907190151404,3416600.0
2025-08-18,306.95733642578125,308.2301093457179,304.8294026051762,306.62918235105616,3272600.0
2025-08-19,309.1747131347656,312.44614873778835,306.70873279170775,306.9573214775998,2893600.0
2025-08-20,311.3125915527344,314.365268112013,310.62651464932947,311.8992875963644,3879900.0
2025-08-21,311.4518127441406,311.8296724246921,309.4133975352294,310.1094276904501,2282200.0
2025-08-22,312.2970275878906,315.01159684277496,311.38220779573584,312.85386386301053,2796700.0
2025-08-25,311.6705627441406,313.7686367512269,310.18898384159536,311.9589341252419,2944300.0
2025-08-26,311.17340087890625,313.34108711116085,310.53699922615203,311.66062503190176,2807600.0
2025-08-27,309.6719055175781,313.93769607094885,309.582417227755,311.59100298281925,3234400.0
2025-08-28,310.4574584960937,310.7557527995362,307.60366506039264,309.363662141304,3471700.0
2025-08-29,311.77001953125,312.12797270159166,309.6719150762998,310.4674171414496,2492500.0
2025-09-02,315.760009765625,316.1300048828125,312.3299865722656,313.04998779296875,3228700.0
2025-09-03,316.3900146484375,316.8699951171875,312.9800109863281,315.0199890136719,3219500.0
2025-09-04,316.989990234375,319.42999267578125,316.4800109863281,317.82000732421875,2881300.0
2025-09-05,314.3800048828125,318.0400085449219,313.2699890136719,317.3699951171875,2533100.0
2025-09-08,312.79998779296875,313.0799865722656,309.760009765625,312.82000732421875,2873600.0
2025-09-09,312.5199890136719,313.70001220703125,310.7300109863281,311.2099914550781,2310800.0
2025-09-10,305.94000244140625,312.0899963378906,304.6099853515625,312.0899963378906,3479500.0
2025-09-11,308.42999267578125,308.94000244140625,305.25,306.2300109863281,2761500.0
2025-09-12,305.3999938964844,308.510009765625,305.25,307.6199951171875,2072600.0
2025-09-15,302.07000732421875,305.7099914550781,300.510009765625,305.1400146484375,3584500.0
2025-09-16,303.2900085449219,306.0,302.70001220703125,303.5,3578500.0
2025-09-17,304.9700012207031,306.5799865722656,303.9100036621094,304.8999938964844,2681600.0
2025-09-18,301.1400146484375,302.69000244140625,297.8800048828125,301.4700012207031,4654100.0
2025-09-19,302.3800048828125,304.79998779296875,300.75,301.70001220703125,5696900.0
2025-09-22,302.989990234375,304.25,300.4200134277344,302.32000732421875,3657900.0
2025-09-23,303.19000244140625,304.45001220703125,300.32000732421875,303.739990234375,2976900.0
2025-09-24,304.3299865722656,305.9800109863281,302.010009765625,302.489990234375,2427300.0
2025-09-25,302.29998779296875,306.3299865722656,301.95001220703125,305.8800048828125,2558400.0
2025-09-26,305.239990234375,305.7799987792969,302.010009765625,303.3699951171875,2284700.0
2025-09-29,302.989990234375,306.1099853515625,301.8500061035156,305.8800048828125,3073800.0
2025-09-30,303.8900146484375,304.4800109863281,302.0,302.75,2640100.0
2025-10-01,300.5199890136719,304.7699890136719,298.29998779296875,303.260009765625,3055300.0
2025-10-02,299.8800048828125,302.3800048828125,298.95001220703125,299.6000061035156,2690400.0
2025-10-03,300.9800109863281,301.3900146484375,298.6600036621094,298.8999938964844,2599100.0
2025-10-06,296.0400085449219,299.6499938964844,294.9100036621094,299.0400085449219,3814200.0
2025-10-07,296.32000732421875,298.07000732421875,294.1300048828125,295.0,2515700.0
2025-10-08,294.3999938964844,296.6600036621094,293.42999267578125,296.3800048828125,2464600.0
2025-10-09,293.8099975585937,295.1199951171875,292.0400085449219,293.6499938964844,2802700.0
2025-10-10,297.010009765625,297.95001220703125,292.8900146484375,294.70001220703125,4016200.0
2025-10-13,300.1099853515625,300.4200134277344,294.0,294.6000061035156,3369300.0
2025-10-14,303.4599914550781,303.6300048828125,300.1099853515625,300.1600036621094,609792.0
