Date,Close_MS,High_MS,Low_MS,Open_MS,Volume_MS
2023-10-13,72.56927490234375,73.9126343547229,72.14947151479406,72.95175484136911,6442800.0
2023-10-16,73.4461898803711,73.86598614478054,72.6439065648382,73.5021608176624,7901500.0
2023-10-17,74.93880462646484,75.21866641947958,72.74652188638689,72.75584563066728,12324800.0
2023-10-18,69.85456848144531,71.89759306917341,68.47389985572758,71.3005460228043,34732300.0
2023-10-19,68.02610778808594,71.3285281103089,67.99812232120163,69.84524142654602,17486100.0
2023-10-20,68.22201538085938,69.033629533572,67.49436474887804,68.2126916365042,11270600.0
2023-10-23,66.88798522949219,67.97946826838644,66.45885812659988,67.8488646769567,12847100.0
2023-10-24,66.75739288330078,67.26115272825723,66.30961109935936,66.93464369468262,9265500.0
2023-10-25,66.60812377929688,67.07456721316119,66.35624033928744,66.46818932566518,8461700.0
2023-10-26,67.23316192626953,67.81155439514968,66.60812938049807,66.67343118203594,10903200.0
2023-10-27,65.67523193359375,67.17718024618289,65.47932656030318,67.08389298995328,11099100.0
2023-10-30,66.65729522705078,66.94058454604034,65.55247985081546,66.14738597982421,9769600.0
2023-10-31,66.87449645996094,67.06335123636391,66.35513501833086,66.82727916368623,8949000.0
2023-11-01,66.99723815917969,67.90376107968511,66.76116613296081,67.20498269494774,9429000.0
2023-11-02,69.36741638183594,69.43351627345028,67.65825689555957,67.6865843913446,11638000.0
2023-11-03,72.01142120361328,72.40802052437698,70.38724432313641,70.43445441121933,14951100.0
2023-11-06,71.69036102294922,72.48356688606547,71.16156191710338,72.40802209827392,8140300.0
2023-11-07,71.30320739746094,71.92643389290276,70.75551848631527,71.63370684234278,7657700.0
2023-11-08,71.73756408691406,71.94530860995994,70.87825850601449,71.24653026801543,8075200.0
2023-11-09,70.05674743652344,71.8320067495027,69.83955796953326,71.46373490906736,9497200.0
2023-11-10,71.13322448730469,71.18987946806138,69.92453686885219,70.50055318770009,8924000.0
2023-11-13,70.85938262939453,71.31263690049259,70.39668345971413,70.58553820528053,4868400.0
2023-11-14,73.94720458984375,74.56099334372429,72.3985725610557,72.40801746001151,12287700.0
2023-11-15,75.24089050292969,75.58083486036828,74.12663004340271,74.19272993488534,9841600.0
2023-11-16,75.22200012207031,75.80745418479646,74.63653885499707,75.52417205248135,6757600.0
2023-11-17,75.80745697021484,75.95854654314545,75.48640243425837,75.85467426284251,6080700.0
2023-11-20,75.259765625,75.73190971851781,74.9198213013194,75.57138245576506,7644600.0
2023-11-21,74.0982894897461,74.91981553849321,73.86221746114583,74.66486091751742,7394800.0
2023-11-22,74.11717987060547,74.47601400256718,73.85278032348462,74.40046921643342,4265400.0
2023-11-24,74.26825714111328,74.51377405320704,73.70168574765134,73.8999853751457,2398000.0
2023-11-27,73.60725402832031,73.98497070670112,73.26730973821222,73.90942593015568,5237800.0
2023-11-28,72.59687042236328,73.1351143800151,72.07751626215713,73.05013190455017,9197900.0
2023-11-29,74.17384338378906,75.09924181519801,73.03124828511567,73.1634552653787,7420700.0
2023-11-30,74.9198226928711,75.05202966951103,73.85277961526668,74.3815787044374,8480500.0
2023-12-01,76.38346862792969,76.46845830852541,74.35324764460516,74.67430936502126,9617100.0
2023-12-04,76.6856460571289,76.94060791287669,75.59971315511056,75.68470284180897,6713800.0
2023-12-05,75.70358276367188,76.3362541244392,75.15589388225516,76.18517175970017,6103200.0
2023-12-06,74.98593139648438,77.20500728410292,74.91038660944992,76.2796016537993,7321800.0
2023-12-07,75.87355041503906,76.08129495800586,75.18422410902754,75.31642387194336,5430400.0
2023-12-08,77.69602966308594,78.05486377933713,75.68469844967937,75.80745331851176,10343400.0
2023-12-11,78.20594787597656,78.2248304699286,77.39385945344225,77.78102107075736,6378100.0
2023-12-12,78.9424819946289,78.99914417834671,77.96986642557117,78.31925560850348,7395300.0
2023-12-13,80.8593978881836,81.3126594048352,78.65921180535992,78.81973907411985,10144600.0
2023-12-14,85.9679946899414,86.8745104562678,82.35136931907743,82.37025911665437,19849500.0
2023-12-15,86.47792053222656,86.72343029256105,85.2314603178868,85.9302316126847,16905700.0
2023-12-18,85.70358276367188,86.56288111612592,85.561938119718,86.5534434230493,9145500.0
2023-12-19,86.79896545410156,87.2144545475755,85.64693275263065,85.85467729936761,8114900.0
2023-12-20,86.06242370605469,87.16723914192703,85.8641240537966,86.3645956339261,10467000.0
2023-12-21,87.46940612792969,87.4977408232346,86.53456290457372,87.00670696546919,7748000.0
2023-12-22,87.26167297363281,88.44203318242442,87.09170081539294,87.72437215826197,5800800.0
2023-12-26,87.66770935058594,87.83768150762626,87.22389996686385,87.4505271081353,2726200.0
2023-12-27,88.44203186035156,88.47035935224359,87.25222677045822,87.52607119932595,4073200.0
2023-12-28,88.42314147949219,88.7158684995744,88.04542477994772,88.11152466204199,4089500.0
2023-12-29,88.05487060546875,88.54589727700215,87.87545355031861,88.2814977458421,4772100.0
2024-01-02,88.66867065429688,88.9047427235552,87.12947615194999,87.49775520799297,6132200.0
2024-01-03,86.78952026367188,88.0076455382439,86.18516926884081,88.0076455382439,7487900.0
2024-01-04,87.01616668701172,87.95101006961723,86.55346744573092,87.01616668701172,8735600.0
2024-01-05,88.04541778564453,88.69697886049022,86.93115757289564,87.07280222451595,6027800.0
2024-01-08,88.3003921508789,88.60256408859284,87.13891448770973,88.01710280737015,6738400.0
2024-01-09,86.93115997314453,87.6677035366913,86.55345049752312,87.58272106598042,7594100.0
2024-01-10,86.38347625732422,86.84617539678447,86.20405921771163,86.43068633845903,6929200.0
2024-01-11,85.46753692626953,85.88301888357164,84.55157611318515,85.88301888357164,9400700.0
2024-01-12,84.70264434814453,86.78008260504187,84.44768971703074,86.19462135726822,8303100.0
2024-01-16,81.18045806884766,83.24845154146423,80.07564259896232,81.90755681617851,20369000.0
2024-01-17,79.70736694335938,80.39669326485745,79.22577796514841,80.1228488342805,17198500.0
2024-01-18,79.22576904296875,80.2456018686777,78.64030785687375,80.10395721993821,15016400.0
2024-01-19,80.58555603027344,80.82162809345705,78.56477974576947,79.23523074503686,14787400.0
2024-01-22,80.9538345336914,81.93588797012039,80.67999007771401,80.69887267272905,11626500.0
2024-01-23,81.90754699707031,82.01141926342922,80.44390477861123,80.89715902786249,8555700.0
2024-01-24,82.6913070678711,83.38064053777107,82.34191788390176,82.4552350473274,12480900.0
2024-01-25,83.11624145507812,83.49395816350031,82.46468751750552,83.22955862890888,8792400.0
2024-01-26,82.84239959716797,83.56949827666828,82.76685481883514,82.98403705110879,6384400.0
2024-01-29,82.73853302001953,83.050142644473,80.94438403509324,82.53078846748583,7440300.0
2024-01-30,83.54904174804688,83.97813114129787,82.73852824425117,82.93877772101742,6569300.0
2024-01-31,83.18668365478516,84.62652860091646,83.17715350922343,83.63484784347585,8414700.0
2024-02-01,82.78620147705078,84.07347682910267,81.66102590286695,83.13901329498756,8365000.0
2024-02-02,83.21529388427734,83.59671070346565,82.00430330389426,82.45246752082146,7728600.0
2024-02-05,81.89940643310547,82.55735020758611,81.13657286052153,82.55735020758611,7788700.0
2024-02-06,82.09964752197266,82.5287441289645,81.6419532044187,81.6419532044187,7335500.0
2024-02-07,82.00430297851562,82.37618237514548,81.30821674063986,82.25222500124242,4952200.0
2024-02-08,81.67056274414062,82.22361674403525,81.20333098039812,81.69916773121786,6218200.0
2024-02-09,81.89940643310547,82.03290121706964,81.35588987698844,81.70870167741953,5664500.0
2024-02-12,82.8338851928711,83.56810657555856,81.66102973490241,81.87080935136191,7888000.0
2024-02-13,80.06861877441406,81.87080572706026,79.2295003457226,81.87080572706026,11339400.0
2024-02-14,80.09722137451172,81.01261731722998,79.80162681408027,80.6121329563383,5973700.0
2024-02-15,81.68963623046875,82.22362270264917,80.48818303663494,80.52631817222124,7993500.0
2024-02-16,82.48107147216797,82.75759848072987,81.11751127128443,81.54660064065115,9673900.0
2024-02-20,81.38450622558594,82.47153948958932,81.14612161023571,81.94709770077148,6626400.0
2024-02-21,81.48938751220703,81.5084623533951,80.60259654489107,81.06029815944011,6444000.0
2024-02-22,81.86127471923828,82.70992336025051,81.62289010603438,81.95662710953563,6782100.0
2024-02-23,82.52875518798828,83.19622918841404,81.96616372341144,82.07105353418135,5810100.0
2024-02-26,81.68963623046875,83.28204367581108,81.58474642030409,82.48107487992186,5608100.0
2024-02-27,81.51799774169922,82.43339375474838,81.1651931811541,81.97569938568421,8066700.0
2024-02-28,82.05199432373047,82.09012946342109,81.31776557355586,81.46079780962172,5624100.0
2024-02-29,82.04244232177734,82.61456388944868,81.38449851774907,82.47153167880073,7657100.0
2024-03-01,82.46199798583984,82.75759254018861,81.15564785466601,82.21407598304273,5523700.0
2024-03-04,85.8565902709961,87.00083333256973,83.48228191702484,83.79694403025961,19876000.0
2024-03-05,84.98887634277344,86.90549059464082,84.50257698887874,85.04609359464163,13883600.0
2024-03-06,81.68010711669922,83.86370376520821,80.50725162226647,82.73852810324254,25614600.0
2024-03-07,82.13780212402344,83.07227301307667,81.66103289540713,82.08059214456422,9145700.0
2024-03-08,82.99597930908203,84.2165072397432,82.4047829098904,82.5954949458814,9689300.0
2024-03-11,82.90062713623047,83.19622169910666,81.85172912295303,82.7861999143492,4737200.0
2024-03-12,83.0055160522461,83.6825274059187,82.57641943095821,83.18668339130875,5110900.0
2024-03-13,85.19866180419922,86.04731047011455,83.19623244951043,83.38693723570127,10345800.0
2024-03-14,84.96026611328125,85.24633053021323,84.15929738574421,84.86491373261069,9235300.0
2024-03-15,84.27371978759766,85.19865318437938,84.07347759988005,84.3690794459665,20363000.0
2024-03-18,83.87322998046875,84.57884630219463,83.62530797962233,84.25464676448168,5960000.0
2024-03-19,84.3118667602539,84.95073576635586,83.77788756409954,83.91138236313813,8546400.0
2024-03-20,87.1057357788086,87.22970043301085,83.82556846429624,83.95906326503635,10811700.0
2024-03-21,89.06048583984375,89.9758818084964,87.68738824940455,87.68738824940455,13659900.0
2024-03-22,87.6778564453125,89.49911835346364,87.47761424636599,89.17491150165434,5909300.0
2024-03-25,86.90548706054688,88.24997966350259,86.76245484907408,87.50621361882808,3670400.0
2024-03-26,87.03898620605469,87.6397200693126,86.71478663375493,87.17248100346292,4211900.0
2024-03-27,89.15584564208984,89.19398805332298,87.6397229889084,87.75414294768673,6394500.0
2024-03-28,89.7851791381836,90.32869573459486,89.1081604729907,89.39422490264744,6707700.0
2024-04-01,89.1844482421875,90.0521717059192,88.84117382520802,89.78518210936204,3416000.0
2024-04-02,88.40254974365234,89.41329818316375,88.24044995145167,88.5837243790067,5245400.0
2024-04-03,88.67906188964844,89.91866458947169,88.44067731467626,88.63138206468605,4821100.0
2024-04-04,87.99251556396484,90.338218973059,87.5920312130044,89.82330740400123,5466100.0
2024-04-05,88.17369842529297,88.95559963482897,87.35365480615512,87.96391880994318,4654800.0
2024-04-08,88.87930297851562,89.06047758126505,87.91622727036524,88.67906081096511,4601900.0
2024-04-09,89.70890045166016,89.7661104315334,88.51697737149328,89.26073620953004,4951600.0
2024-04-10,87.39179992675781,88.57418556141113,86.94363569368443,87.98298910662398,5994200.0
2024-04-11,82.80526733398438,87.53482398115484,81.06029767163545,87.45853916670235,24631800.0
2024-04-12,82.18547058105469,82.77665968675927,81.16518486403669,81.81359121620177,12789800.0
2024-04-15,82.94829559326172,84.98886699573428,81.5179881275144,83.72066657171085,9553900.0
2024-04-16,84.99842071533203,86.86735528930981,83.91138741490538,86.49547585889655,18291600.0
2024-04-17,85.89474487304688,87.19155774026268,85.50379061862813,85.94241743034509,9544600.0
2024-04-18,86.06637573242188,86.8768818958859,85.5705317036511,86.44779253726391,6752000.0
2024-04-19,86.44779968261719,87.36319572494796,86.16173523661085,86.16173523661085,8143000.0
2024-04-22,87.81135559082031,88.3548795111894,86.49547510050498,86.87689194948547,7294400.0
2024-04-23,89.40375518798828,89.68028217460703,87.87809532640215,87.87809532640215,6393900.0
2024-04-24,89.48958587646484,89.69936550835763,88.70768460526897,88.7839694304884,5100900.0
2024-04-25,88.25951385498047,89.29887451606614,87.39179767546642,88.67907308788706,6770600.0
2024-04-26,88.51697540283203,88.97466978148091,88.10695358137687,88.2023059706853,4606100.0
2024-04-29,88.6420669555664,89.31570907850221,87.89143506368121,87.89143506368121,4416100.0
2024-04-30,87.41988372802734,88.37261565880144,87.14080864681155,88.15127189470219,5860000.0
2024-05-01,88.09353637695312,88.99814789583284,87.31403508047543,87.84332327429824,4713600.0
2024-05-02,89.16175079345703,89.42158212651354,88.15128010925473,89.05589168017299,4449200.0
2024-05-03,90.11447143554688,90.86510341092982,89.76802477888562,89.82576344094606,5043500.0
2024-05-06,91.22117614746094,91.33666081439216,90.17221061374649,90.99983237138012,5105100.0
2024-05-07,92.18353271484376,92.31826116449788,91.14419266709788,91.34628534157903,7418000.0
2024-05-08,92.0391616821289,92.43372874181078,91.51949175438006,91.83706904502912,4662600.0
2024-05-09,94.41617584228516,94.56052983633153,91.99104930032408,91.99104930032408,6766700.0
2024-05-10,94.57976531982422,95.26303300013336,93.95423629521352,95.02244547852526,6118400.0
2024-05-13,94.84922790527344,95.24379498880334,94.71449947239712,95.03207678224084,5379000.0
2024-05-14,95.63836669921876,96.40824984813256,95.05133245015568,95.2726762416671,6216600.0
2024-05-15,96.73543548583984,97.17812302342864,96.22539107244518,96.27351151761978,6938500.0
2024-05-16,95.83084106445312,96.62959354579924,95.70573083113996,96.37938042132278,4339300.0
2024-05-17,96.44673919677734,96.52372897567392,95.56137876591504,96.13878742334047,4690800.0
2024-05-20,96.55260467529295,97.09151847881388,95.63836751043442,96.28314777353252,5690200.0
2024-05-21,97.70740509033205,99.36264844744488,96.3793645871862,96.53333678623346,8337100.0
2024-05-22,96.94715881347656,98.66014102514634,96.39861948342332,97.46682881176112,5194300.0
2024-05-23,95.1956787109375,96.7739324298313,94.77224962143012,96.6007091025308,5594500.0
2024-05-24,95.24380493164062,96.14841651151634,95.0898253681938,95.70572893768164,3550500.0
2024-05-28,94.95509338378906,95.71535093014816,94.69526205783949,94.72413138937284,5541600.0
2024-05-29,93.60780334472656,94.02161423600036,92.83792756845756,93.70404424114103,4679600.0
2024-05-30,93.5693130493164,94.12747058452396,92.95340216737648,94.01199325965656,4548800.0
2024-05-31,94.15634155273438,94.27182622175891,92.7705622351872,93.66554822921636,7155500.0
2024-06-03,93.74253845214844,94.46430111713086,92.89566555959338,94.46430111713086,5671200.0
2024-06-04,92.94378662109376,93.87726751537804,92.0680443909014,92.62620928428886,5409600.0
2024-06-05,93.02076721191406,93.93499689975242,92.86678766668088,93.19398318707816,4499700.0
2024-06-06,93.20361328125,93.78102191968446,92.63583020039836,92.84754841432584,4741200.0
2024-06-07,93.48269653320312,94.00236651499308,92.31825368854663,92.50110257347716,4018400.0
2024-06-10,92.76092529296876,93.18436168527556,91.81782630920176,92.98226904589691,4566000.0
2024-06-11,91.83708190917967,92.8283014623406,91.1634396911527,92.8283014623406,5330000.0
2024-06-12,92.04878997802734,94.20445218005632,92.00066953541273,93.6559129081336,5435700.0
2024-06-13,91.6253662109375,91.95256911310364,91.04795753069402,91.9044486638543,3955900.0
2024-06-14,91.90443420410156,91.92367797548376,90.45128350276914,90.83622500975008,3406600.0
2024-06-17,93.38645935058594,93.53081334138206,91.115312411317,91.43288972263868,4874100.0
2024-06-18,93.8965072631836,94.0119919285652,93.1651190667318,93.36721172453773,4558400.0
2024-06-20,93.77140808105467,94.33919118840772,93.45383074534053,93.96387518879988,3956800.0
2024-06-21,92.5395965576172,93.69441383332055,92.27975789818696,93.65591894517722,10785300.0
2024-06-24,93.44420623779295,93.98312736140716,92.55884578477269,93.08814135024656,8418200.0
2024-06-25,94.11785125732422,94.6375138973888,93.04001640434558,93.14587551232336,7439700.0
2024-06-26,93.24211120605467,94.0023687525766,92.46260988588952,93.71366075288242,6514200.0
2024-06-27,92.1642837524414,92.71282312232752,91.58687504869025,92.46261733406372,5437800.0
2024-06-28,93.53081512451172,93.65591800310727,92.53959562677616,93.09775314386717,9058800.0
2024-07-01,95.42664337158205,95.6383542348992,93.77139995664616,93.84838238778472,7420600.0
2024-07-02,95.898193359375,96.042547349467,94.90697388537149,95.2437949674869,5570900.0
2024-07-03,96.42748260498048,96.81242413545354,95.75384043326434,96.16765129364684,3112000.0
2024-07-05,95.84046173095705,96.3408879927036,95.18607058308078,96.33126243401423,3633200.0
2024-07-08,96.80280303955078,97.45720146887024,96.07142217430795,96.07142217430795,3884400.0
2024-07-09,98.74674987792967,99.0258323036154,96.21577161637506,96.81242401281092,7113600.0
2024-07-10,99.56475067138672,99.61287111817902,98.21745892484527,98.65052091952788,5619000.0
2024-07-11,100.70032501220705,101.3258541148086,100.0266828045742,100.32500901907596,7761000.0
2024-07-12,100.1710205078125,101.83588944664344,100.05554319234017,101.04676264160447,7060600.0
2024-07-15,101.29698181152344,102.51916330727236,99.3530303399868,100.0266798700056,10093900.0
2024-07-16,102.22084045410156,105.00203197289927,98.93922271463155,100.209524697812,16716400.0
2024-07-17,102.9329833984375,103.65474609673238,100.59447196227605,101.13338576084828,11412000.0
2024-07-18,100.86392211914062,103.577749389633,100.4019981347139,102.5191656379933,9130700.0
2024-07-19,98.24632263183594,100.77730820837476,97.89988333493126,100.76768265113743,12555900.0
2024-07-22,98.5831527709961,99.34341027869388,98.11159590609998,98.61202210106136,8931200.0
2024-07-23,99.60323333740234,100.24800612925831,98.3329315247562,98.59276281596064,7400600.0
2024-07-24,98.13085174560548,100.0844214903364,97.91913352540124,98.9873428421412,7967400.0
2024-07-25,99.6609878540039,100.26727320021988,98.01536983540976,98.23671361970996,5582300.0
2024-07-26,100.26726531982422,101.9032576517003,100.12291132768244,100.91203816362192,6599600.0
2024-07-29,98.62165069580078,100.63295906854788,98.47729669887964,100.53672551798354,5183400.0
2024-07-30,99.85345458984376,100.19990123458128,98.91034820313624,99.66098015268454,6225500.0
2024-07-31,100.21758270263672,101.29540053961624,99.2854173262583,100.09135452115144,5444600.0
2024-08-01,98.80963134765624,100.9749718657313,98.25615789510604,100.74193236155024,5678100.0
2024-08-02,93.07097625732422,96.1490652402607,92.28446332310938,96.1296483688816,11120700.0
2024-08-05,89.40057373046875,90.66288522241766,88.30333898403376,89.9637593135347,9659500.0
2024-08-06,90.27447509765624,91.1192460077392,88.86651123386527,89.52679594732098,6068300.0
2024-08-07,89.43940734863281,92.56604939545954,89.34230818239794,91.86692354546209,7215700.0
2024-08-08,91.88634490966795,92.28446114135208,90.08998431779116,90.77939806242748,6592300.0
2024-08-09,91.97373962402344,92.36214371731178,91.29403060872085,91.55620652017204,3542600.0
2024-08-12,92.09025573730467,92.45924295989956,90.8279516933838,92.14852116666762,4196300.0
2024-08-13,93.90603637695312,93.99343081295729,92.19706288721076,92.99328790944442,5941500.0
2024-08-14,96.55689239501952,97.67354398584386,94.68284948257067,94.92560111678328,10161700.0
2024-08-15,97.72209930419922,98.27557274536366,97.2463081655612,97.87746390925204,5885100.0
2024-08-16,98.4989013671875,98.5571593863512,97.54731174109426,97.7123810675192,4159700.0
2024-08-19,98.79991912841795,99.08151192449924,98.36296913240456,98.5765843562872,4070500.0
2024-08-20,97.85803985595705,98.68339394968154,97.68325837896424,98.31441412411552,3396900.0
2024-08-21,97.7706527709961,98.29499720170328,97.06181472350524,98.168761607823,3576000.0
2024-08-22,97.64442443847656,98.0522528537052,97.00356391430472,97.8386302095837,2777300.0
2024-08-23,98.93585205078124,99.60584890882993,97.8968753883448,98.01339883571596,3814800.0
2024-08-26,99.36310577392578,100.06223170151245,99.02325495029126,100.05251956135363,2679000.0
2024-08-27,99.12034606933594,99.8680178205501,99.08150492005066,99.4893258752584,2537200.0
2024-08-28,99.23686981201172,99.72237310347596,98.47948586263828,98.93586014192545,2836800.0
2024-08-29,99.6252670288086,99.93598881750376,98.34353872441709,99.93598881750376,3325600.0
2024-08-30,100.60598754882812,100.8001858922904,99.13976560865444,99.92628593851818,4951400.0
2024-09-03,96.3918228149414,100.2661445187145,95.60530983228024,99.86802825309572,6634000.0
2024-09-04,97.24630737304688,98.3823832575166,96.78993310966364,96.8481911319876,4212500.0
2024-09-05,96.67340850830078,98.36296521754376,96.24617066934736,98.07166029300063,4462400.0
2024-09-06,93.78952026367188,97.87746440872768,93.35257027406726,96.80935126401924,9246800.0
2024-09-09,95.33342742919922,96.14906940995064,94.77024182828474,94.92560643882352,5281500.0
2024-09-10,93.81865692138672,95.57617643236874,92.1388123053324,95.54704742074684,7798600.0
2024-09-11,94.21676635742188,94.32357767284032,91.3620046693147,92.72141534975584,6764100.0
2024-09-12,93.83807373046876,94.85763358570836,92.90590831822873,94.54691178162837,4751200.0
2024-09-13,95.4013900756836,95.87718119362484,94.04197947337391,94.06140375225662,5354800.0
2024-09-16,97.18804168701172,97.2851482682191,95.89660861034272,96.275300570837,4467200.0
2024-09-17,96.94528198242188,97.89687157844024,96.55688532268351,97.76093126589352,4748600.0
2024-09-18,96.42095184326172,98.0813721283449,96.36268641361868,97.2171769052582,5195900.0
2024-09-19,97.80949401855467,98.4891956470704,96.63456956210416,98.28528515851568,9091900.0
2024-09-20,99.4990463256836,99.55730435038186,97.28515248884104,97.94543726546009,14513400.0
2024-09-23,99.4990463256836,99.55730435038186,98.37267512690131,98.74166237183664,3962400.0
2024-09-24,99.60585021972656,99.89714772970062,98.9941113732166,99.7903364202526,4749700.0
2024-09-25,99.37281036376952,99.82918464407992,98.77079102224718,99.77092661959512,3825100.0
2024-09-26,101.56727600097656,101.7517696022068,99.98453811059603,100.08163727664666,5183000.0
2024-09-27,101.09149169921876,102.09162725235544,101.00409725816252,101.88771676748028,3113300.0
2024-09-30,101.21772003173828,101.37308463464824,100.1301974441366,100.73221675993268,3378600.0
2024-10-01,101.39250183105467,102.14018102062045,100.07193233485336,101.15946233413446,5437400.0
2024-10-02,101.4896011352539,102.34409163871912,100.89729395652286,101.79061820269828,3293600.0
2024-10-03,101.53815460205078,101.66438278655798,100.16903921928422,100.57686019217708,4587200.0
2024-10-04,104.75218200683594,104.9463877581541,103.52871911039514,104.49001350279632,5608900.0
2024-10-07,104.51914978027344,105.76203704235532,104.15987467149972,104.56770307352669,4439900.0
2024-10-08,104.37349700927734,105.07262294424083,104.27639783124184,104.52886162068808,3679400.0
2024-10-09,105.8785629272461,106.19899689039782,104.11133117194468,104.11133117194468,4445800.0
2024-10-10,104.94638061523438,105.8688337945874,104.5288475385586,105.295943535623,4065500.0
2024-10-11,107.25737762451172,108.24780840793308,105.83970901657544,105.83970901657544,5826200.0
2024-10-14,109.0246124267578,109.17997702809367,107.34477527191746,107.83027853880412,7179300.0
2024-10-15,108.96636199951172,112.6950237931296,108.78186837461551,112.08329230116831,8925200.0
2024-10-16,116.04499816894533,117.9287458920107,113.12226629593252,113.49124612848937,21458500.0
2024-10-17,115.9770278930664,116.87035216567502,115.28761411258417,116.29745443315514,9357200.0
2024-10-18,117.550048828125,117.60831425783104,115.65658904699772,116.0644100139802,6852900.0
2024-10-21,114.85064697265624,117.19077618009904,114.4622428932568,116.88005439821782,7469100.0
2024-10-22,114.88949584960938,115.17108864091092,113.85051912703788,114.23892323256383,4429600.0
2024-10-23,114.85064697265624,115.29730907109855,113.8019581807352,114.47195503249448,5661600.0
2024-10-24,115.71483612060548,115.87990543807264,114.52050234341225,114.96716441854224,5611800.0
2024-10-25,113.49124145507812,116.52078451953514,112.95719230427876,116.52078451953514,7271700.0
2024-10-28,115.6760025024414,116.21005904452416,114.10297670247355,114.69529126435016,5994000.0
2024-10-29,115.84109497070312,116.60818369613617,115.37500852448,115.44297869286748,4622200.0
2024-10-30,114.50108337402344,115.860493939895,114.37485519743647,115.171080221874,5673000.0
2024-10-31,113.77198028564452,115.39659881398522,113.23370126317886,114.63321925482552,5374600.0
2024-11-01,114.35918426513672,115.50424235618942,113.82091273178315,114.1830209075314,4372100.0
2024-11-04,113.66431427001952,114.94638741428916,113.4685805340327,114.51577170176544,4366300.0
2024-11-05,115.29871368408205,115.38679909168322,113.61537668050144,113.61537668050144,4798400.0
2024-11-06,128.68711853027344,130.67384514533367,124.93875835829274,126.74931415089723,22798700.0
2024-11-07,125.70213317871094,128.745839994947,125.34980645956848,127.9531086102584,7780000.0
2024-11-08,126.7688980102539,127.73780024583832,125.0366311528621,126.2306189904848,6979300.0
2024-11-11,130.67384338378906,131.13382588782662,127.76715178743574,127.76715178743574,6861300.0
2024-11-12,129.4896240234375,130.96744580886917,128.90242282674228,130.350870365489,5683300.0
2024-11-13,129.93003845214844,131.77974998824612,129.64622675903962,130.61512896691085,6134800.0
2024-11-14,129.6070556640625,132.0342016259251,129.16665105222904,130.26278678561167,7344200.0
2024-11-15,131.2023162841797,131.5350651121057,129.71471308456333,130.5270222352247,7281900.0
2024-11-18,130.9282989501953,132.62141750203108,130.575972234958,131.81890466559068,6434100.0
2024-11-19,129.421142578125,131.2316985289561,129.11773807591013,130.419389236345,7244800.0
2024-11-20,128.8828582763672,130.80106995716747,128.256501308459,130.32152450373144,5125600.0
2024-11-21,132.1125030517578,132.68014132538627,130.30193243874413,130.36065106471838,5547400.0
2024-11-22,131.8188934326172,132.77799915710546,131.10445860248493,131.80909703938613,6334100.0
2024-11-25,130.8108673095703,133.33587305499674,130.73257082131738,132.55292310599555,8012300.0
2024-11-26,128.48159790039062,128.98072122281584,125.79021766340516,127.96289672212662,8817300.0
2024-11-27,128.4130859375,129.60706622980692,127.7867290103024,128.6871161598035,5507800.0
2024-11-29,128.8045654296875,129.90068642112956,128.61861313288318,129.46028173232006,4068200.0
2024-12-02,128.23692321777344,130.16493128944978,128.04118946569793,129.47985569042146,5512100.0
2024-12-03,127.65950775146484,130.35088800097247,127.2386659833797,130.35088800097247,4791300.0
2024-12-04,127.21908569335938,128.403284478703,126.87654046222856,127.41481942535134,6203700.0
2024-12-05,127.54205322265624,129.04921938766293,126.66122902735688,127.17014867796142,4991900.0
2024-12-06,127.18973541259766,127.78673304436109,126.4263484166221,127.7377958745062,5013200.0
2024-12-09,125.83914184570312,127.98246136617304,125.59447094032578,127.7377904607957,7753900.0
2024-12-10,124.08729553222656,125.86849939979872,123.83283570349816,124.90938617875368,6551300.0
2024-12-11,124.8702392578125,125.2225659576935,123.58816610737874,125.02683222076558,8835400.0
2024-12-12,125.18343353271484,126.08382072945528,124.64515452011788,125.16385567765826,3610500.0
2024-12-13,124.6843032836914,126.06424340038056,124.00900914993656,125.27151200285198,6091500.0
2024-12-16,126.27954864501952,126.55357886903931,124.6745080756776,125.01704585570236,5659700.0
2024-12-17,125.01705169677734,125.9565871373554,124.46899122313113,125.36938588710356,7141400.0
2024-12-18,118.45987701416016,125.65320078079074,117.7258642325292,125.42810770914517,7858800.0
2024-12-19,117.93138122558594,122.276739072557,117.73564747996684,122.1201461026507,8632400.0
2024-12-20,120.8087158203125,121.88526637470795,117.96074272813183,118.61645900155516,14884000.0
2024-12-23,121.79718017578124,122.01249177862536,120.17256916054966,120.4759587099588,5074100.0
2024-12-24,124.3515396118164,124.50813257662938,121.93418985155172,122.4039612792271,2902800.0
2024-12-26,125.30086517333984,125.43788028553185,123.79369147246408,123.8328397140566,3013500.0
2024-12-27,124.05793762207033,125.13448810950426,123.13797263094288,124.34175676756205,3088100.0
2024-12-30,123.06946563720705,123.47072950683008,121.3763396834226,121.8950482758834,2637900.0
2024-12-31,123.04010772705078,124.1264471587136,122.53118805571066,123.63710534145156,2970000.0
2025-01-02,122.12014770507812,124.56685689124096,121.56229830930354,123.81327374727891,5014300.0
2025-01-03,123.25542449951172,123.31414313068572,121.43507226547952,122.97160533756436,3988400.0
2025-01-06,125.89786529541016,127.17993849932547,124.90939270913422,124.90939270913422,6665200.0
2025-01-07,124.17537689208984,126.89612366884296,122.785647922734,126.88632727503784,7268800.0
2025-01-08,125.13449096679688,125.27150607922994,123.07925681353724,124.20474449432054,5744500.0
2025-01-10,120.81849670410156,123.803484899855,120.66191119880315,123.617532612222,6873800.0
2025-01-13,121.34697723388672,121.65037422668716,119.8398035968488,119.8398035968488,5433000.0
2025-01-14,121.96356201171876,122.72693408194164,121.0533858971998,122.72693408194164,8999900.0
2025-01-15,127.76715850830078,128.63818639364231,125.72171318357589,126.94506779408522,11349500.0
2025-01-16,132.91502380371094,133.24777265987973,129.08836715718795,129.52878674547128,16235700.0
2025-01-17,134.93112182617188,135.13665198136655,131.66232173385427,133.25758100134814,12481500.0
2025-01-21,134.37327575683594,134.68644677717288,132.40611195124995,133.5316071727336,11213300.0
2025-01-22,133.10098266601562,135.43025464139987,132.92482676881585,134.3341187469983,7177500.0
2025-01-23,134.86260986328125,135.25407734959913,133.07161699299866,133.07161699299866,6911000.0
2025-01-24,134.88218688964844,136.0761671956466,133.56095799776344,133.56095799776344,6475500.0
2025-01-27,133.7371063232422,133.84476211526038,131.26103804034997,132.37673673329934,6460700.0
2025-01-28,135.5868377685547,135.88044587509432,132.74866091690484,133.16950268743503,5885100.0
2025-01-29,135.75320434570312,138.464147078076,135.23448831559872,135.51831491321394,5719800.0
2025-01-30,136.9569854736328,137.49526444073223,135.92936470617516,136.82975182681116,4545700.0
2025-01-31,136.38063049316406,137.690942548884,135.7304127706665,137.0801260390345,5502700.0
2025-02-03,135.12945556640625,135.9570164062015,131.9275693104631,133.79943526231824,5307000.0
2025-02-04,134.74522399902344,135.83879185899747,134.27231922564982,135.69100347998304,5997300.0
2025-02-05,136.87322998046875,137.15894514895672,134.48905821488492,135.43485269165123,5871200.0
2025-02-06,138.99142456054688,139.30667939783703,137.92741129801482,137.93725784412254,4576600.0
2025-02-07,137.90769958496094,139.9273539187155,137.75007968686407,139.91750737286395,3529000.0
2025-02-10,135.27723693847656,138.2328244268694,133.60240703496638,138.1737150823648,5517700.0
2025-02-11,135.7501220703125,136.1639175334396,133.43492097023486,134.7846343997706,5096800.0
2025-02-12,135.08018493652344,135.24766640394216,133.59254482034993,134.06543455382007,4688900.0
2025-02-13,134.81417846679688,136.05553469274585,134.3314421859444,135.9274544388575,4699800.0
2025-02-14,136.8929443359375,137.51362245935152,134.42995499908042,134.42995499908042,5044500.0
2025-02-18,138.6269073486328,138.69586323738628,136.8338437805146,137.3461498046762,3797000.0
2025-02-19,138.60720825195312,138.84364563781716,137.1983703519646,137.93726724858138,3623100.0
2025-02-20,132.3511962890625,138.98157465261937,130.46946875826185,138.17370690448297,8860800.0
2025-02-21,129.7404327392578,133.5925517895241,128.97198124494565,133.17875633914582,6704100.0
2025-02-24,128.0458984375,131.00148581693068,126.9917317230469,130.79458808589683,7784500.0
2025-02-25,127.68138122558594,129.34634949385708,124.50904204212408,129.09020399863724,7458500.0
2025-02-26,129.1099090576172,130.28229443274475,128.2232238421847,128.47938436421595,5493600.0
2025-02-27,127.32671356201172,130.90296417672988,126.90307154106394,129.84881246334422,5538700.0
2025-02-28,131.139404296875,131.43496602262337,127.0804026974716,127.9769193872868,7424200.0
2025-03-03,127.21834564208984,132.00639810154397,125.83906994098264,131.35616522896353,5969400.0
2025-03-04,119.91802978515624,124.6962277447755,117.4845950416207,124.59770967151012,12996500.0
2025-03-05,121.91797637939452,122.53864700776865,119.64217655890894,120.19388378413036,7291900.0
2025-03-06,117.60282135009766,121.30715202020345,116.84421640070111,119.01165159681548,8611500.0
2025-03-07,117.52400970458984,117.72104586106325,113.74085386543064,116.97230245330628,8513500.0
2025-03-10,110.03651428222656,114.55855910763188,107.6030796089522,114.28270550387474,16765700.0
2025-03-11,110.38133239746094,111.82957134820354,108.70649511766833,110.0562159969989,13490400.0
2025-03-12,112.31231689453124,113.8886286108142,110.88378604587264,113.29751265676398,7925500.0
2025-03-13,110.02666473388672,113.14973354467196,109.58332964058246,112.31231863707096,7435500.0
2025-03-14,113.63247680664062,114.05611128952714,110.87393315315975,112.3024640168867,6879400.0
2025-03-17,116.21369171142578,117.53385794705493,113.13987821410257,113.26795847427051,8374900.0
2025-03-18,116.3614730834961,117.44518692802136,115.543758789834,116.52895456057466,7234900.0
2025-03-19,118.07571411132812,119.45498972275664,114.50931015652348,115.49450594805135,8430800.0
2025-03-20,118.68653869628906,120.006697454473,117.06096413029071,117.06096413029071,7026000.0
2025-03-21,118.36141967773438,119.0904624458318,116.54866306161163,117.58311411436192,10989900.0
2025-03-24,122.4302749633789,122.97213564316,120.19388387394474,120.4992921572138,6184400.0
2025-03-25,123.34650421142578,124.18392660745324,122.31205318951362,123.05094999792816,4326300.0
2025-03-26,120.39092254638672,124.46963251617794,119.8096606381092,123.90807121646604,5084600.0
2025-03-27,117.23829650878906,118.0658573468388,115.79991158804984,117.16933310561824,8239400.0
2025-03-28,113.62263488769533,117.66193621665558,112.93299330890608,116.9525940288484,7349400.0
2025-03-31,114.94278717041016,115.29745824426188,110.51926032588648,112.02660863153272,7616600.0
2025-04-01,114.02655792236328,115.14968051467756,111.85913020439295,114.27285686833478,6651000.0
2025-04-02,117.50430297851562,118.5683162756182,112.19409807232572,112.2827696053081,8415300.0
2025-04-03,106.33218383789062,109.74096043094912,105.2977252331082,108.47991099958035,15186100.0
2025-04-04,98.3520965576172,102.16479941709694,95.86939898189117,100.0367804400648,18876900.0
2025-04-07,99.42595672607422,102.7953245037031,92.93352011683812,94.84479482678198,20721400.0
2025-04-08,98.82498931884766,105.35684235119498,96.81518896400598,103.6623043549688,10710100.0
2025-04-09,110.0463638305664,112.21379902120212,96.44081273519409,96.7462210167664,16919500.0
2025-04-10,105.0021743774414,107.2582737518612,101.87910537018624,107.1597481547534,10956700.0
2025-04-11,106.51937103271484,107.58337676854022,101.36679376738394,101.36679376738394,10573200.0
2025-04-14,107.49471282958984,109.84933015720426,106.94300559460156,108.84443376255456,8224500.0
2025-04-15,108.80502319335938,110.48970705730063,108.43064399040762,108.46019866086228,6003800.0
2025-04-16,106.26321411132812,108.68679475241612,105.07112815675518,107.9577520026044,6520100.0
2025-04-17,107.5636749267578,109.11043199157874,106.54892448197334,106.91344210789752,5233100.0
2025-04-21,104.726318359375,106.72626466536217,103.22881650824291,106.53907505485876,7784500.0
2025-04-22,108.74590301513672,109.06116535110448,106.37158519160228,106.42084046870684,6571300.0
2025-04-23,110.6473388671875,114.8836838510752,110.27296716581156,111.57342533260656,9243800.0
2025-04-24,113.88863372802734,114.18419547655613,109.59317941037467,110.21385757899564,6640700.0
2025-04-25,114.29256439208984,115.36642418298284,113.2679598802637,113.99700265189963,5013200.0
2025-04-28,114.115234375,116.15458943497474,112.14484272221485,114.16448965645104,4171200.0
2025-04-29,114.4896011352539,114.74575414365124,112.53891769250924,113.67188683073948,4689800.0
2025-04-30,114.62366485595705,115.020906595444,111.2570545625468,112.32960498613484,6502400.0
2025-05-01,115.95442962646484,117.00711385105724,113.87884540661496,114.7428456670438,7743600.0
2025-05-02,119.39055633544922,119.67855642105091,117.64269714344692,118.4769055942857,6894400.0
2025-05-05,118.77482604980467,120.03606801024414,117.57317527545489,117.9207589578278,6540300.0
2025-05-06,117.51359558105467,118.3279377683534,116.4013201836502,116.9971790271055,5739600.0
2025-05-07,118.2782745361328,119.1720665506136,117.38448252165202,117.51359044287231,4680600.0
2025-05-08,121.03909301757812,122.4095766337547,119.16213357318983,119.16213357318983,6449300.0
2025-05-09,120.86033630371094,122.3797865398512,120.63192741565967,121.64488666299717,4240100.0
2025-05-12,126.18335723876952,128.30859187329904,125.567639728447,126.54087405362084,9162100.0
2025-05-13,128.4575653076172,129.21231628858877,126.35218936311628,126.87853145505248,6086700.0
2025-05-14,130.13589477539062,130.66225202984518,128.23908416327492,128.46749305621844,6273400.0
2025-05-15,131.5957489013672,132.11216543221897,129.12293822116777,129.36127265578256,7209300.0
2025-05-16,131.2680206298828,132.06250408366617,130.88071202977125,131.36733674417255,6303800.0
2025-05-19,129.93727111816406,131.2183793017304,128.17949407152065,129.40100349369067,7703500.0
2025-05-20,128.2390899658203,129.49039131181817,127.23604862529,128.9739747381547,5220100.0
2025-05-21,124.43550872802734,127.75246110897416,124.20709225530496,127.20625274600084,6371600.0
2025-05-22,125.38888549804688,126.19329456988125,123.75026797151774,123.75026797151774,5689200.0
2025-05-23,125.20018768310548,125.69673796464023,123.02529502542129,123.24377836157754,3361400.0
2025-05-27,128.3185272216797,128.63631151411062,125.9450099645201,126.6600435643792,5472400.0
2025-05-28,126.63025665283205,128.5270748143608,126.39190705916656,128.31853217922668,4050900.0
2025-05-29,127.27577209472656,127.51410653216776,126.0542550655482,127.21618848536626,4337500.0
2025-05-30,127.14666748046876,127.44460068853456,125.47825818416396,126.7295670505816,6436100.0
2025-06-02,127.51410675048828,127.58363106386903,125.48818826120912,126.6004636239606,3607900.0
2025-06-03,127.79217529296876,128.28872558270552,126.25287394083844,127.23604139302552,4145600.0
2025-06-04,127.27577209472656,128.52707335182907,127.27577209472656,127.95107320549272,3123200.0
2025-06-05,129.7187957763672,130.14583691502824,126.46142701428278,127.48431942200068,6193300.0
2025-06-06,130.9105224609375,132.64844843254795,129.91742190573152,131.16872315002678,5004400.0
2025-06-09,131.03961181640625,131.98305428858194,130.205411008599,131.317678752342,4838600.0
2025-06-10,130.9105224609375,131.54610621012884,130.24513175385903,130.69203912651125,3816900.0
2025-06-11,130.9005889892578,132.52927338363824,130.51328035746957,131.11907233575505,5810200.0
2025-06-12,131.00982666015625,131.0892765249565,128.904458280243,129.75852538495516,4258700.0
2025-06-13,128.5966033935547,130.16570417515868,127.92128709919383,129.29177078957855,4367500.0
2025-06-16,129.99685668945312,131.88375683753148,129.39106474429033,129.39106474429033,6240500.0
2025-06-17,129.19244384765625,130.26499423463216,128.7654178949728,128.9441687160464,4767700.0
2025-06-18,131.60569763183594,132.0426643266296,129.0335555244846,129.12294609642896,6170400.0
2025-06-20,131.7943878173828,132.4498226993184,130.9999043035225,132.42997159776854,8904400.0
2025-06-23,133.0754852294922,133.17480135450154,129.9968671963599,131.14886757101058,5232400.0
2025-06-24,134.9623565673828,135.73697377195586,134.07849769788223,134.7438732375277,5599900.0
2025-06-25,136.7698211669922,136.9386464571409,134.4757611162756,135.18085408374887,5736400.0
2025-06-26,138.7858123779297,139.23270462858716,136.88898654686943,137.05781183473945,6013200.0
2025-06-27,139.71932983398438,140.9209731083796,138.14030347167346,139.28236313292683,7249300.0
2025-06-30,139.88815307617188,140.87132813916992,138.5871936965614,140.53366241378365,8034400.0
2025-07-01,140.09671020507812,140.6329778664682,138.5077431690489,139.58029364534173,6166700.0
2025-07-02,141.8743438720703,141.8942101258706,140.00731000614726,140.64289374615126,5494500.0
2025-07-03,143.14552307128906,143.56262351417263,141.6856639444401,142.37090579828916,3974700.0
2025-07-07,142.74827575683594,144.15847669219383,141.516825643342,143.11571810411954,5991600.0
2025-07-08,140.1562957763672,143.06607332813851,140.04705410169413,142.61918107848072,6620400.0
2025-07-09,140.57339477539062,141.95380402107008,139.92787028494988,141.91407151059013,4837000.0
2025-07-10,142.10275268554688,142.1722769970588,140.3449756396099,140.78192714842552,5622800.0
2025-07-11,141.29835510253906,141.46718038963846,140.14635474567072,140.88125466026182,3647500.0
2025-07-14,142.97669982910156,143.05614969843197,141.02029036319033,141.46718261884993,5376100.0
2025-07-15,140.6131134033203,143.00648953869293,140.57339604599414,142.30138142967175,7392200.0
2025-07-16,138.82553100585938,139.03408880661505,134.3267863446121,138.53753848944856,10610800.0
2025-07-17,139.92787170410156,140.7124296821536,138.17009451211172,138.29918728869893,7695800.0
2025-07-18,139.8583526611328,140.7720033512344,139.2326944637813,140.4740701547093,5572300.0
2025-07-21,139.50083923339844,141.53669844651202,139.21283158016368,140.26553092050702,5853400.0
2025-07-22,139.07379150390625,139.91793301550888,137.9714493098601,139.82855760468362,5257200.0
2025-07-23,141.2288360595703,141.64593647267023,138.96455286150928,139.8086943914691,6612900.0
2025-07-24,141.51683044433594,142.7284143453333,140.87132113880168,141.48703863968126,3817900.0
2025-07-25,142.0233154296875,142.39077296662953,141.0699473122735,141.93394000996364,3463000.0
2025-07-28,141.576416015625,142.15241616945127,141.04014837089693,142.05310005021795,3729300.0
2025-07-29,142.56951904296875,143.05614378995162,141.11960065973406,142.5099354318101,5158700.0
2025-07-30,143.94000244140625,144.47627009433197,142.29145181941104,142.8376601765194,5236800.0
2025-07-31,142.4600067138672,144.6999969482422,142.0,143.1999969482422,5523700.0
2025-08-01,139.08999633789062,139.57000732421875,136.1699981689453,139.27000427246094,6678500.0
2025-08-04,141.36000061035156,141.77999877929688,139.7100067138672,140.17999267578125,3851500.0
2025-08-05,140.4600067138672,142.7100067138672,139.41000366210938,141.66000366210938,5331100.0
2025-08-06,141.3000030517578,141.85000610351562,140.50999450683594,141.14999389648438,3765800.0
2025-08-07,140.9199981689453,142.7100067138672,140.60000610351562,142.22999572753906,3728600.0
2025-08-08,143.17999267578125,143.92999267578125,141.27999877929688,141.6199951171875,3943500.0
2025-08-11,143.8800048828125,144.19000244140625,142.66000366210938,143.57000732421875,4024700.0
2025-08-12,147.2899932861328,148.22999572753906,144.82000732421875,145.07000732421875,7111600.0
2025-08-13,147.75999450683594,149.0800018310547,145.38999938964844,148.14999389648438,5542000.0
2025-08-14,148.50999450683594,148.66000366210938,146.1699981689453,147.0,4188600.0
2025-08-15,144.6300048828125,148.80999755859375,144.4600067138672,148.6300048828125,4986000.0
2025-08-18,144.77999877929688,145.05999755859375,143.82000732421875,144.11000061035156,3548700.0
2025-08-19,144.07000732421875,144.97000122070312,143.4199981689453,144.49000549316406,4257700.0
2025-08-20,144.1199951171875,144.7100067138672,141.02999877929688,143.82000732421875,4619300.0
2025-08-21,144.0399932861328,144.4499969482422,142.89999389648438,143.41000366210938,3269400.0
2025-08-22,148.02000427246094,148.89999389648438,144.6699981689453,144.82000732421875,6759600.0
2025-08-25,147.64999389648438,148.61000061035156,147.57000732421875,147.97999572753906,2596500.0
2025-08-26,148.97000122070312,149.02999877929688,146.3000030517578,147.32000732421875,4453800.0
2025-08-27,149.3800048828125,150.1199951171875,148.02999877929688,148.3699951171875,3329200.0
2025-08-28,150.17999267578125,150.38999938964844,149.17999267578125,149.83999633789062,3898100.0
2025-08-29,150.47999572753906,150.75,149.1300048828125,149.88999938964844,3629400.0
2025-09-02,148.85000610351562,149.07000732421875,145.66000366210938,148.55999755859375,5330200.0
2025-09-03,148.52999877929688,149.5500030517578,146.94000244140625,148.80999755859375,4338900.0
2025-09-04,150.52999877929688,150.75,148.67999267578125,149.02999877929688,3955000.0
2025-09-05,148.08999633789062,151.86000061035156,146.2899932861328,151.1199951171875,5697300.0
2025-09-08,148.7899932861328,149.1999969482422,147.25,148.32000732421875,3820800.0
2025-09-09,152.22000122070312,152.82000732421875,148.35000610351562,148.4199981689453,6673200.0
2025-09-10,154.1199951171875,154.52999877929688,151.4199981689453,152.89999389648438,4945600.0
2025-09-11,156.47999572753906,157.75999450683594,154.0800018310547,154.38999938964844,7399500.0
2025-09-12,156.38999938964844,156.8699951171875,155.6199951171875,156.0399932861328,4341600.0
2025-09-15,156.63999938964844,158.47999572753906,155.8800048828125,157.35000610351562,4829900.0
2025-09-16,155.80999755859375,157.5,155.22000122070312,157.0800018310547,7539500.0
2025-09-17,157.41000366210938,157.97000122070312,155.64999389648438,156.63999938964844,4604200.0
2025-09-18,159.24000549316406,160.13999938964844,157.49000549316406,157.89999389648438,4323700.0
2025-09-19,159.91000366210938,161.08999633789062,158.1199951171875,159.5500030517578,14902000.0
2025-09-22,160.7100067138672,161.02999877929688,157.8300018310547,159.3300018310547,4421200.0
2025-09-23,160.75999450683594,163.97999572753906,159.60000610351562,160.5800018310547,5335900.0
2025-09-24,157.8800048828125,161.47000122070312,157.83999633789062,161.10000610351562,5195200.0
2025-09-25,158.9499969482422,159.25,156.6300048828125,157.38999938964844,5351100.0
2025-09-26,160.11000061035156,161.80999755859375,159.32000732421875,159.55999755859375,5326800.0
2025-09-29,161.16000366210938,161.32000732421875,159.72000122070312,160.69000244140625,4186000.0
2025-09-30,158.9600067138672,162.22999572753906,156.83999633789062,161.38999938964844,5547100.0
2025-10-01,156.88999938964844,158.44000244140625,155.5500030517578,157.8800048828125,5467400.0
2025-10-02,155.3000030517578,157.00999450683594,153.7100067138672,156.69000244140625,5087400.0
2025-10-03,157.58999633789062,157.8000030517578,156.16000366210938,156.92999267578125,5182100.0
2025-10-06,158.08999633789062,158.72999572753906,155.00999450683594,158.0,4696300.0
2025-10-07,155.97000122070312,159.2899932861328,155.39999389648438,158.77999877929688,4589700.0
2025-10-08,155.64999389648438,156.5500030517578,154.02000427246094,156.47999572753906,4038600.0
2025-10-09,156.27000427246094,156.42999267578125,153.8300018310547,155.5800018310547,6092600.0
2025-10-10,151.86000061035156,157.9499969482422,151.83999633789062,156.85000610351562,5527000.0
2025-10-13,155.3249969482422,155.61500549316406,153.34500122070312,154.27999877929688,2305213.0
