Date,Close_ROL,High_ROL,Low_ROL,Open_ROL,Volume_ROL
2023-10-13,34.98261260986328,35.070288479709816,34.83648492139189,35.0020965494049,1738400.0
2023-10-16,35.49892044067383,35.60608023931426,34.8851931294841,35.21641263610856,2213500.0
2023-10-17,35.56711196899414,35.722979751780976,35.109252447409666,35.274860340791456,1743800.0
2023-10-18,34.99234771728516,35.47943498762274,34.91441568644524,35.46969487733561,1601100.0
2023-10-19,32.06982421875,33.30702633611324,31.35867724726045,33.082966636836886,9196800.0
2023-10-20,32.19647216796875,32.77123537312466,32.001636490322745,32.63485151362689,2974900.0
2023-10-23,32.31336975097656,32.55691340137409,32.06008598968286,32.1575019633694,2747700.0
2023-10-24,32.79071807861328,32.82968595591244,32.08931115195375,32.42053067663394,3132100.0
2023-10-25,33.443416595458984,33.63824854713786,32.71278562811937,33.112197074951105,4509900.0
2023-10-26,34.787776947021484,37.01863785713782,34.62216903511193,35.83014355780953,4317300.0
2023-10-27,35.16769790649414,35.703496853569845,34.78777044669922,34.88519012624971,3010400.0
2023-10-30,35.89833068847656,36.1418743260271,35.22615158666224,35.31382744482767,2710200.0
2023-10-31,36.638710021972656,36.83354569968054,36.180846736786336,36.48284222304264,2751000.0
2023-11-01,36.25878143310547,36.62896512211616,35.878853916594764,36.62896512211616,2652200.0
2023-11-02,36.716644287109375,36.91147997661759,36.10291688200378,36.33671673646829,2587400.0
2023-11-03,37.135536193847656,37.36933974230036,36.84328454541778,37.04786032770056,1495400.0
2023-11-06,37.01863861083984,37.2524421740282,36.84328686749397,37.077090430682325,1201900.0
2023-11-07,37.22320938110352,37.33036917825801,36.90173370582111,36.91147381638921,1172400.0
2023-11-08,37.1063117980957,37.34985545554811,36.79457621385113,37.34985545554811,1689200.0
2023-11-09,37.02807235717773,37.27257890604354,36.78356580831193,37.253017934429415,1763200.0
2023-11-10,37.55619812011719,37.57575535602597,36.97916265811188,37.16498624622877,1552200.0
2023-11-13,37.87894821166992,37.89850918024194,37.38993518998938,37.44861809570543,1217100.0
2023-11-14,38.61246871948242,38.73961315297535,38.03543319008942,38.27016108800919,3910900.0
2023-11-15,38.1723518371582,38.72004771517846,38.09411170079699,38.70048674836992,1694200.0
2023-11-16,38.76895523071289,38.84719911200175,38.17235869394294,38.2603811949561,1668100.0
2023-11-17,38.5733528137207,38.95478617385072,38.34840723059211,38.90588187810079,1886900.0
2023-11-20,38.89609909057617,39.0134611798804,38.33862450278916,38.51466950218227,1345500.0
2023-11-21,39.19928741455078,39.4437939366549,38.86675839525425,38.88631563385395,1815000.0
2023-11-22,39.14060592651367,39.44379536803972,39.03302245594399,39.12104495633068,4002200.0
2023-11-24,39.24818420410156,39.39488586475336,38.74938885761544,38.98411673788063,781900.0
2023-11-27,39.38510894775391,39.57093255162263,38.99389704070335,39.19928534388518,1495300.0
2023-11-28,39.09170150756836,39.54159258474565,39.07214053931632,39.27752510965293,2297200.0
2023-11-29,39.30686950683594,39.33621282824154,38.84719975471641,39.06236297007337,2065700.0
2023-11-30,39.84478759765625,39.88390580878629,39.06236368107563,39.25796966022079,3993900.0
2023-12-01,40.01104736328125,40.06973027204593,39.61005681390627,39.864341956806285,1496800.0
2023-12-04,40.22621154785156,40.460935705116654,39.971922691462304,39.971922691462304,1421300.0
2023-12-05,40.08929443359375,40.21643514973013,39.87412748186487,40.20665652959416,974900.0
2023-12-06,40.44137954711914,40.60764593159206,40.19687301120942,40.275116893519886,1972400.0
2023-12-07,40.45115661621094,40.54895772545565,40.05016609891054,40.40225606158858,1685300.0
2023-12-08,40.519622802734375,40.69566780433647,40.37291739110809,40.500061832459295,1412700.0
2023-12-11,40.71522521972656,40.94017076193935,40.52939788377488,40.52939788377488,2155700.0
2023-12-12,41.12599563598633,41.14555660515708,40.54896010350585,40.80324897185231,1237800.0
2023-12-13,42.51480102539063,42.54414061814416,41.23358533262614,41.32160784176071,2287100.0
2023-12-14,41.80083847045898,42.94512725263412,41.48786667621062,42.91578766259073,2829400.0
2023-12-15,41.22380065917969,41.7812752248876,40.910832612848,41.41940288998194,4866500.0
2023-12-18,41.703033447265625,41.8986394187884,41.3216038547767,41.44874829589754,1327000.0
2023-12-19,41.585670471191406,41.87907755679107,41.50742659189896,41.67369296995866,1616000.0
2023-12-20,41.40962600708008,42.07468406613888,41.14555850737671,41.32160350717896,1320800.0
2023-12-21,41.86930084228516,41.879079462204864,41.29226526430667,41.46831026985087,1622400.0
2023-12-22,42.03556442260742,42.12358692731766,41.771496908476685,42.01600345146361,1089600.0
2023-12-26,42.31919097900391,42.46589265958525,41.97687959590026,41.97687959590026,1189500.0
2023-12-27,42.68105697631836,42.73973988346567,42.08446047837754,42.15292200461271,1492700.0
2023-12-28,42.808204650878906,42.89622715282771,42.48545423344207,42.88644480212582,3541000.0
2023-12-29,42.71039962768555,43.01358907338161,42.68106003744432,42.88644463088021,1322400.0
2024-01-02,42.31919097900391,42.769082102184434,42.094245417413646,42.60281945135086,1743000.0
2024-01-03,41.311824798583984,42.39743065386113,41.311824798583984,42.358312444668776,1790000.0
2024-01-04,41.849735260009766,41.94753637192454,41.37050085753153,41.438962382046526,1959600.0
2024-01-05,41.76171112060547,41.93775609981063,41.59544475985699,41.64434904475974,1810800.0
2024-01-08,41.927978515625,42.03556198524099,41.65413239723779,41.8595169860282,1365900.0
2024-01-09,42.113800048828125,42.16270060166155,41.66390526249076,41.82038927008153,1045100.0
2024-01-10,42.33875274658203,42.348531366455504,41.99644135703196,42.02578467839969,1575000.0
2024-01-11,42.88644027709961,42.96468415096452,42.38764863926722,42.41698822652993,1348200.0
2024-01-12,42.78863906860352,43.23853014968668,42.73973851298548,43.02336695879266,1350000.0
2024-01-16,42.72018051147461,42.84732494961028,42.5539141337782,42.60281842366588,1398700.0
2024-01-17,42.4169921875,42.81798275131968,42.38765259749751,42.5441366289668,1723200.0
2024-01-18,42.75930404663086,42.81798322728813,42.377874448864034,42.416992659011,952600.0
2024-01-19,43.16028594970703,43.17006456756213,42.51478897595665,42.95489766602103,1176200.0
2024-01-22,43.11138916015625,43.45369677804444,42.97446238212776,43.22875123902174,994500.0
2024-01-23,43.248321533203125,43.2972220990357,42.945132055642745,43.11139845652232,1044500.0
2024-01-24,42.33875274658203,43.26787833125558,42.328970395834894,43.24831736063498,2254600.0
2024-01-25,42.064903259277344,42.45611521338792,41.546550591323474,42.45611521338792,2617800.0
2024-01-26,42.280067443847656,42.36808994122601,41.810615368120935,42.16270535763434,1499300.0
2024-01-29,42.29962539672852,42.387647887829466,41.937756813701576,42.280064428609066,1699400.0
2024-01-30,42.5930290222168,42.72995205713878,42.05511550036347,42.35830488545707,1478100.0
2024-01-31,42.35831451416016,42.778866063231526,42.18226950613616,42.612599675264974,1902800.0
2024-02-01,43.26787567138672,43.27765429065905,41.83995475085258,42.28984958572211,1269000.0
2024-02-02,43.05270767211914,43.33633612534519,42.73973963092948,43.15050878591341,1134400.0
2024-02-05,42.56370162963867,42.984253203573466,42.33875604628094,42.92557028713816,1263600.0
2024-02-06,43.042930603027344,43.130953108590745,42.63216139764734,42.63216139764734,1230600.0
2024-02-07,43.22875213623047,43.32655324883603,42.661495236673,43.17006923014316,1600300.0
2024-02-08,42.769081115722656,43.36567763659773,42.72995917612054,43.14073208019579,2406000.0
2024-02-09,42.52457427978516,43.15051038536596,42.25072816631193,42.79842039325838,1921300.0
2024-02-12,42.61259460449219,42.681056129368834,42.17248213680427,42.46588920497179,1849000.0
2024-02-13,42.88644027709961,43.03314567515968,42.37787002047073,42.505010719191326,2582700.0
2024-02-14,43.27765655517578,43.43414058783526,42.81798307698136,43.01358905052411,2541300.0
2024-02-15,40.803253173828125,41.84974088155537,40.42182356290168,41.1749004337251,5222300.0
2024-02-16,40.1479721069336,41.06731906185281,39.52203597729629,40.793469206981264,3789200.0
2024-02-20,40.197052001953125,40.786018288057946,40.01054314052675,40.12833939339277,4560000.0
2024-02-21,40.60932922363281,40.65840912528002,40.12834094511106,40.13815542761792,2756800.0
2024-02-22,41.06087112426758,41.257190716845805,40.54061371917791,40.54061371917791,4731600.0
2024-02-23,41.79708480834961,41.83634648386846,40.87436615936031,41.021609612364806,1439300.0
2024-02-26,42.1406478881836,42.5823745028037,41.76763388644255,41.88542640215573,3008000.0
2024-02-27,41.90505599975586,42.20935736601624,41.59094015148024,41.99340131611815,1701300.0
2024-02-28,42.67072296142578,42.70998463984432,41.993407521049605,42.31734164376114,1494100.0
2024-02-29,43.25968551635742,43.357845320590464,42.621635555173135,42.876857037469456,2870300.0
2024-03-01,43.19097137451172,43.22041856582721,42.3271508985457,42.52347424461385,2008700.0
2024-03-04,44.25111389160156,44.408171814913246,43.20078458279415,43.20078458279415,2590100.0
2024-03-05,43.465816497802734,44.31982238709828,43.36765670904863,44.31982238709828,1720700.0
2024-03-06,43.98608016967773,44.16277081041375,43.33821573516451,43.67196430715959,1656400.0
2024-03-07,44.40817642211914,44.76155397781501,44.14314044692975,44.76155397781501,1662600.0
2024-03-08,44.61430740356445,44.643754592537306,44.18239532766359,44.28055886516654,1561300.0
2024-03-11,44.88916015625,45.09529797890299,43.95662709648555,44.5750443090008,1902200.0
2024-03-12,44.948055267333984,45.28180380072264,44.62412121527028,44.88915714571621,1928300.0
2024-03-13,45.41923141479492,45.53702391971996,44.81063243736666,44.95787213238391,1619300.0
2024-03-14,45.09529876708984,45.47813097313756,44.54559789707405,45.41923284654029,1820800.0
2024-03-15,45.49776077270508,45.54684441804872,44.65357674331792,44.65357674331792,2258900.0
2024-03-18,45.802059173583984,46.16525490928412,45.52720875138455,45.54684145933539,1565900.0
2024-03-19,46.14562225341797,46.21433860360155,45.64500130605307,45.97874985248173,1887700.0
2024-03-20,45.968936920166016,46.57753590961728,45.91003879426184,46.3517653771524,1752400.0
2024-03-21,45.66463470458984,46.12599398754182,45.566471163240365,45.93948513125593,2318500.0
2024-03-22,45.684268951416016,45.92967219622007,45.31125497083808,45.85114136049573,1149800.0
2024-03-25,45.0560302734375,45.64499647202847,45.0560302734375,45.64499647202847,1096800.0
2024-03-26,44.99714279174805,45.20328063552419,44.84989933501843,44.99714279174805,1884100.0
2024-03-27,45.8413314819336,45.9591240027931,45.28181232715503,45.340706715306425,3864600.0
2024-03-28,45.41923141479492,45.98856497572943,45.28180620162301,45.91985236914347,1365300.0
2024-04-01,44.87934494018555,45.48794391620664,44.81063233375847,45.43886401798104,1587600.0
2024-04-02,44.69283676147461,45.11493063280904,44.63394238053435,44.79100030396882,1663900.0
2024-04-03,44.63393783569336,45.016766251048686,44.55540700969438,44.66338502316504,1289000.0
2024-04-04,43.75048828125,44.82044653184194,43.68177567525791,44.82044653184194,1662500.0
2024-04-05,44.53577423095703,44.64375224425255,43.79956458891219,43.8682771892719,1465500.0
2024-04-08,44.24129867553711,44.64375986544403,44.12350616117708,44.42780380198688,1475300.0
2024-04-09,44.182403564453125,44.5652358152508,43.91737132517618,44.37872693150293,1578500.0
2024-04-10,44.31982803344727,44.57504576345624,43.70141080075346,43.809388828872926,1420100.0
2024-04-11,43.81919860839844,44.30019056988498,43.80938412714834,44.30019056988498,1646200.0
2024-04-12,43.5345344543457,43.81920311913007,43.11244057057753,43.63269799973154,1820600.0
2024-04-15,42.48420715332031,43.45600561857899,42.3958618382968,43.30876217868772,1704700.0
2024-04-16,42.5136604309082,42.88667067529144,42.47439501216584,42.64126742498626,1747900.0
2024-04-17,42.21917343139648,42.70997993080361,42.022853827278766,42.62163461112807,1425400.0
2024-04-18,41.6596565246582,42.16028127747881,40.952897674435896,41.6891074624784,2055100.0
2024-04-19,41.728363037109375,41.94431907494947,41.41424720637256,41.79707938560437,2080600.0
2024-04-22,41.67928314208984,42.0915625102936,41.51241074524848,42.00321719886109,3352500.0
2024-04-23,41.86579132080078,41.97376559344003,41.473144666373656,41.81670768058039,2519700.0
2024-04-24,42.08174896240234,42.160279801097374,41.561495261995496,41.806898516082725,4283500.0
2024-04-25,43.45601272583008,43.927186568164124,42.38605428868917,42.79832999652265,2448400.0
2024-04-26,44.07442855834961,44.44743883070976,43.62288369805795,43.65233463660185,1688300.0
2024-04-29,43.946815490722656,44.30019677814509,43.76031036438594,44.17258603667443,1174400.0
2024-04-30,43.74067306518555,44.496515462965895,43.47563712742703,43.67196046034698,1463700.0
2024-05-01,43.85846710205078,44.17258294789352,43.475638648964704,43.730856369503336,2473100.0
2024-05-02,43.91736602783203,44.1333183354374,43.55416653200441,43.98607863632778,2119100.0
2024-05-03,45.27198791503906,45.37996593797523,44.02533902719136,44.22166236484292,1947300.0
2024-05-06,46.23397064208984,46.243788869007446,45.37015390116148,45.42904828444144,1629300.0
2024-05-07,46.33213424682617,46.74440990853071,46.116178189043936,46.459744985020805,1487100.0
2024-05-08,45.78242492675781,46.81311771991738,45.74315951217595,46.469554703716206,964800.0
2024-05-09,46.29450988769531,46.46192445467402,45.69379719473304,45.87105790958678,2841500.0
2024-05-10,45.92029571533203,46.481620054693344,45.83166535876773,46.46192400249707,1377600.0
2024-05-13,45.70364761352539,46.03847302213372,45.624867153249554,45.96953871065302,860900.0
2024-05-14,46.20588302612305,46.55055833403302,45.65440854408816,45.80212331321686,2172400.0
2024-05-15,46.45207595825195,46.68842483743396,46.225576983881446,46.32405724880644,1411700.0
2024-05-16,46.35360336303711,46.501321894575696,45.92030143070266,46.32406115938471,1443600.0
2024-05-17,45.42790603637695,46.47177051449571,45.38851393167568,46.25512145191443,1110200.0
2024-05-20,46.07786560058594,46.08771174948152,45.10293156784029,45.55592954980207,1317400.0
2024-05-21,45.79228210449219,46.20588801063658,45.60517520742286,46.087715431257976,1107300.0
2024-05-22,45.4082145690918,45.920300712002366,45.349126406073495,45.76273603392513,1177000.0
2024-05-23,44.68932723999024,45.427912401759706,44.551458610855406,45.40821634664925,1093800.0
2024-05-24,45.48699951171875,45.546087680559104,44.75826421254743,44.91582890614976,1216800.0
2024-05-28,45.45745468139648,45.939998640806,45.0044566830208,45.536238901968815,1367700.0
2024-05-29,44.6597785949707,45.22110298364906,44.31510704284826,45.13247637593601,1220900.0
2024-05-30,45.16202163696289,45.2900441178375,44.61054335958168,44.84689226607032,2774100.0
2024-05-31,44.994606018066406,45.66425685508052,44.56130408214365,45.280193177865605,3002800.0
2024-06-03,45.33927917480469,45.52638605160501,44.79765084163479,44.97490781318142,1440500.0
2024-06-04,46.58010482788086,46.59980088357355,45.24080309388585,45.25065300005145,1501600.0
2024-06-05,46.72782516479492,46.94447427247164,46.34376145560943,46.70812910834456,1112800.0
2024-06-06,46.68842315673828,46.86568387058424,46.08770671055342,46.70811920901426,1361000.0
2024-06-07,45.86121368408203,46.68842920362124,45.86121368408203,46.48162626289602,1131700.0
2024-06-10,46.07786560058594,46.12710385834035,45.5165411975815,45.77258239188738,912200.0
2024-06-11,46.609649658203125,46.619495807491184,45.8907567911071,45.999083216467824,1083100.0
2024-06-12,47.19066619873047,47.29899262367013,46.64903783067054,46.85584453130008,1097800.0
2024-06-13,47.13157653808594,47.279291300203305,46.53086007154988,47.19066094027769,775900.0
2024-06-14,47.76183319091797,47.85046354710477,46.79674917723823,46.98385603734911,2086900.0
2024-06-17,48.50042343139648,48.80570663685697,47.39747069151581,47.67320793732642,1379400.0
2024-06-18,48.9928092956543,49.1306779066805,48.23452817837224,48.45118099949223,1415300.0
2024-06-20,48.59889602661133,49.32763494744807,48.34285485566962,48.82539875356174,1895600.0
2024-06-21,48.59889602661133,48.9140253554494,48.41178916156308,48.59889602661133,2615900.0
2024-06-24,49.16022491455078,49.31779335014704,48.569358307617904,48.59890051097307,1959400.0
2024-06-25,49.10113906860352,49.23900768907081,48.86479017877519,49.17007337883716,1259800.0
2024-06-26,48.68752670288086,49.03220199123549,48.59889634377687,48.90417952661017,901400.0
2024-06-27,48.59889602661133,48.89433305945521,48.44133136219229,48.854940954190965,1070100.0
2024-06-28,48.04742813110352,48.74662119001352,47.91940564985684,48.69738293003816,3590900.0
2024-07-01,47.58457946777344,48.35270682978983,47.28914615597008,48.27392636640685,1301300.0
2024-07-02,48.40195083618164,48.44133919117382,47.44671279064896,47.62397353634861,1148800.0
2024-07-03,49.52459716796875,49.54429322276868,48.59890137556366,48.73677375916318,1226600.0
2024-07-05,49.6329231262207,49.68216138444023,48.874641928397416,49.52459670415476,1474500.0
2024-07-08,49.16022491455078,50.05637848713227,49.03220619558623,49.72155307476677,1362900.0
2024-07-09,48.98296737670898,49.23900856834355,48.904183159813286,49.16022435144785,1118700.0
2024-07-10,48.845096588134766,49.25870622703292,48.75646621955933,49.12083759961298,1270700.0
2024-07-11,48.618595123291016,48.91402841799427,48.598899069425705,48.91402841799427,1288700.0
2024-07-12,48.657989501953125,48.8352502383757,48.29362188003487,48.61859739238403,2047500.0
2024-07-15,47.58457946777344,48.67768610242039,47.53534120857928,48.608751788220886,2157500.0
2024-07-16,48.5102653503418,48.53981130741541,47.61411562295874,47.7322919379774,1803000.0
2024-07-17,48.589054107666016,48.91402961278612,48.2936208057464,48.431489429533,1388900.0
2024-07-18,48.50042343139648,48.97311746277392,48.25422838859752,48.58905379706964,1351400.0
2024-07-19,48.68752670288086,48.92387557937083,48.40194332944616,48.40194332944616,1127000.0
2024-07-22,49.87911605834961,49.88896220692057,48.7072252765834,48.84509389640574,1254800.0
2024-07-23,49.18977355957031,50.09576957387299,49.10114318802866,49.93820488631433,1281900.0
2024-07-24,49.18977355957031,49.77079404931259,49.05190492753629,49.35718439657206,1524300.0
2024-07-25,46.018775939941406,48.657987041396446,45.93014557621201,48.638290987607895,3335700.0
2024-07-26,45.230953216552734,46.04831879892273,44.88628166193374,46.01877659613773,2683800.0
2024-07-29,46.855838775634766,47.0232495887856,45.35897257876588,45.42790688496186,1984500.0
2024-07-30,47.23990631103516,47.367925029315,46.68842805931268,46.84599273742792,2327500.0
2024-07-31,47.18081665039063,48.14590074279261,47.12172848923364,47.59442626521327,2318100.0
2024-08-01,46.67858505249024,47.48610455176642,46.668735146336,47.1611252681697,2205900.0
2024-08-02,47.279296875,47.5451879861286,46.235432242389685,46.5111695028319,1614900.0
2024-08-05,46.90508270263672,47.86031695688294,46.717972057496944,47.48610317988019,2009300.0
2024-08-06,47.12173080444336,47.81107769192503,46.845993552106016,47.0035582329614,1611600.0
2024-08-07,46.668731689453125,47.80123038843871,46.668731689453125,47.40731681749462,2399500.0
2024-08-08,46.88538360595703,46.94446801078851,46.1566446410509,46.62933866289347,1017800.0
2024-08-09,47.062644958496094,47.3383822024052,46.70812349824827,46.88538422837218,1512700.0
2024-08-12,47.20094680786133,47.68501009274981,47.01325079902964,47.121918297788255,1734100.0
2024-08-13,47.892459869384766,48.09991392921726,46.93421430473071,47.74428001313275,1955300.0
2024-08-14,47.91222381591797,48.05052653944225,47.76404017301819,47.7837982433026,1190200.0
2024-08-15,48.45555877685547,48.48519776726024,47.91222502001258,48.11967911051259,1169900.0
2024-08-16,47.59610366821289,48.55434937943011,47.54671037524088,48.52471038887354,1742100.0
2024-08-19,48.53458404541016,48.544461195139775,47.4775519064324,47.59609654551852,852400.0
2024-08-20,48.90010452270508,48.98901395439412,48.15919384811864,48.48519635380063,1548800.0
2024-08-21,49.44343566894531,49.77931530786972,48.78155730991371,49.1075560300209,1471900.0
2024-08-22,49.64101028442383,49.80894821184567,49.40391723389549,49.53234279328443,985700.0
2024-08-23,49.532344818115234,49.83858923580284,49.26561653854209,49.73979889051667,1070900.0
2024-08-26,49.0976791381836,49.88798306673563,49.05816299963939,49.61137763385901,1220700.0
2024-08-27,48.95937728881836,49.32489215565952,48.59385865351075,49.03840579883997,1949900.0
2024-08-28,49.64101028442383,49.80894821184567,48.909976833055445,49.09767659719302,1250200.0
2024-08-29,49.49283218383789,50.24362378729957,49.42368082147519,49.71016719038732,1004000.0
2024-08-30,49.57186126708984,49.78919625961596,49.09767891214172,49.4928289903653,1340000.0
2024-09-03,49.87810516357422,50.6585281614789,49.641012104353614,49.79907288767857,1589500.0
2024-09-04,50.115196228027344,50.32265030689622,49.73980044116952,49.93737736943503,885900.0
2024-09-05,49.700286865234375,50.322649086750936,49.40391959578873,50.00652751657753,1323800.0
2024-09-06,48.989013671875,50.13495535788807,48.86058810051668,49.78919855246166,1137400.0
2024-09-09,49.05816268920898,49.34464903914202,48.830950546717176,49.34464903914202,1725100.0
2024-09-10,50.510345458984375,50.530103526848194,49.10755278838227,49.10755278838227,1301300.0
2024-09-11,49.02853012084961,49.88798544865581,48.07028444196613,49.38416784779468,2972000.0
2024-09-12,49.54222106933594,49.62124956965298,48.42591476780448,49.00876456044841,1617300.0
2024-09-13,49.85834503173828,50.10531523099442,49.43355598754043,49.50270734185486,1644800.0
2024-09-16,50.29301452636719,50.431317244072446,49.97689295205047,50.1053185192624,815300.0
2024-09-17,50.777076721191406,51.27101714155916,50.27325538207515,50.27325538207515,1294300.0
2024-09-18,49.64101028442383,51.33028555086487,49.59161699803306,50.7770747137424,1241000.0
2024-09-19,49.49283218383789,50.24362378729957,49.30513616720578,50.24362378729957,1226600.0
2024-09-20,49.54222106933594,49.81882647314458,48.909974224469615,49.166825329548494,3254300.0
2024-09-23,49.88798141479492,50.105316401125016,49.30513158020025,49.66076927838903,852900.0
2024-09-24,50.115196228027344,50.1843475876503,49.67064908154656,49.86822600981207,1014600.0
2024-09-25,50.14482879638672,50.4807084261351,49.78919486647632,50.31277049549404,1586900.0
2024-09-26,49.44343566894531,50.381923227863496,49.36440716073941,50.15471108513027,948900.0
2024-09-27,49.34464645385742,49.808947864855526,49.117434323269805,49.591616652556944,1588100.0
2024-09-30,49.967018127441406,50.10532085158444,49.30513595958558,49.4138034624027,1949100.0
2024-10-01,49.89786148071289,50.46095704806115,49.57186275063388,50.006528980228055,1900100.0
2024-10-02,49.75955581665039,49.83858809106404,49.29525439410211,49.69040446077158,775100.0
2024-10-03,49.12731552124024,49.71016538893725,48.98901280152678,49.60149788960055,1514000.0
2024-10-04,49.21622085571289,49.39403970011058,48.61361296841695,49.04828292959628,1031200.0
2024-10-07,48.10980224609375,48.89022908849282,48.06040895308031,48.840832027012695,1073800.0
2024-10-08,48.7025260925293,48.969254379400034,48.54446530421328,48.7025260925293,1336000.0
2024-10-09,49.22610855102539,49.32489513663924,48.66301295393305,48.78156137882969,1068000.0
2024-10-10,48.65313720703125,49.30513848891472,48.61362106425848,49.15695483775024,979100.0
2024-10-11,49.05816268920898,49.06803983954934,48.59385748541865,48.78155725808268,1363800.0
2024-10-14,49.55210494995117,49.6904076706428,49.17670915916926,49.2557414386882,752600.0
2024-10-15,49.36441040039063,50.08556301425371,49.22610767560409,49.9077441485377,1166000.0
2024-10-16,48.55434799194336,49.63113832921645,48.51483185130828,49.3150129726024,1648300.0
2024-10-17,48.8605842590332,48.96925175175693,48.2678572767699,48.919858464646026,1217500.0
2024-10-18,49.532344818115234,49.58173810652514,48.73216374786216,49.04828531584521,1145700.0
2024-10-21,49.23598098754883,49.80894991248386,49.19646484970053,49.50270926532536,1374400.0
2024-10-22,48.92973709106445,49.17670730253717,48.23822351371396,49.01864651793328,809600.0
2024-10-23,49.14706802368164,49.334764012249934,48.79143034558084,49.03840053665461,1462100.0
2024-10-24,45.91670227050781,47.556584359866434,45.39312661662698,47.0330087059856,3481300.0
2024-10-25,45.97597503662109,46.983613942099474,45.77839811562147,46.48967352383358,1660700.0
2024-10-28,46.6872444152832,46.71688340150083,45.97597280998462,46.292094360887575,2341200.0
2024-10-29,46.746524810791016,47.220707199950525,46.627980155617806,46.68725059897109,1635500.0
2024-10-30,46.24270248413086,46.805794249362926,46.16367020976399,46.52918505754513,1491700.0
2024-10-31,46.56870269775391,46.697128263511935,45.97597569473687,46.18342976894619,2469800.0
2024-11-01,46.75640487670898,47.04288747410847,46.41064430010515,46.67737259572528,3123100.0
2024-11-04,47.27997589111328,47.31949202771246,46.63785186100839,46.72676128412344,1299300.0
2024-11-05,47.961612701416016,47.97149361988381,47.181185954975135,47.29973436579117,1402700.0
2024-11-06,48.03076171875,48.87046262972334,47.0725199396635,48.5938534530838,2280500.0
2024-11-07,48.44567489624024,48.65312895792336,47.98136971854986,48.2974912702002,1504700.0
2024-11-08,49.57186126708984,49.838589548335605,48.67288984591324,48.80131541135744,1466700.0
2024-11-11,50.26338195800781,50.49059411600511,49.759560581541365,49.828711944042,1879600.0
2024-11-12,50.62512969970703,50.93236670142656,50.21877715805496,50.42690996202303,1611200.0
2024-11-13,50.833255767822266,51.69550722878572,50.64494532664248,50.81343341713351,2016700.0
2024-11-14,49.66376495361328,50.83325721239677,49.485367573071606,50.58548349283632,1523400.0
2024-11-15,49.46554565429688,49.77278643029973,49.10875089009406,49.77278643029973,2461000.0
2024-11-18,49.60429763793945,50.08993578923355,49.44572260948714,49.54483436522416,1186200.0
2024-11-19,49.06910705566406,49.47545581525836,49.01955306658711,49.37634783710444,1196000.0
2024-11-20,48.99972915649414,49.16821725086987,48.43480538138338,49.108750197432514,1013800.0
2024-11-21,49.18804168701172,49.21777332462722,48.24650076167453,48.84115619834693,1359000.0
2024-11-22,50.17913818359375,50.23860146069903,49.336705210906175,49.415994621349455,763300.0
2024-11-25,50.77378845214844,51.06120686455298,50.42690676871317,50.506192390329744,1929200.0
2024-11-26,51.13058471679688,51.26933739428374,50.64494656486595,51.05129531210329,2523800.0
2024-11-27,50.70441436767578,51.59640128002549,50.68459201620946,51.28916050338793,2313300.0
2024-11-29,49.88180923461914,50.62513042605372,49.60430008558914,50.58548572180271,1521800.0
2024-12-02,49.41598892211914,49.88180470293215,48.97990477642977,49.82233765195813,2194900.0
2024-12-03,49.2177734375,49.57456821261251,48.75195761657788,49.36643918737257,1389800.0
2024-12-04,49.2177734375,49.40608011070847,48.870891728766765,49.019553697912265,1052600.0
2024-12-05,48.41498565673828,49.009644881191285,48.38525401877012,48.960090891001975,1532300.0
2024-12-06,48.97990798950195,49.32679347184928,48.7123156943817,48.78169203470576,1289500.0
2024-12-09,48.24650192260742,49.05919946995456,48.0482821787046,48.88080207851473,1384100.0
2024-12-10,48.6924934387207,48.96008951509533,47.94917226458905,48.256409263564855,1222400.0
2024-12-11,48.57355880737305,49.11866402046698,48.39516520576508,48.79160089261062,1242600.0
2024-12-12,48.335697174072266,49.019551272044126,48.17712214639501,48.91053023162973,1137500.0
2024-12-13,48.335697174072266,48.573557825224704,48.048278754930095,48.41498279754745,1745000.0
2024-12-16,48.11765670776367,49.2475042904654,48.0581934333438,48.51409618062221,2311500.0
2024-12-17,47.79059600830078,48.45462775877322,47.78068294235907,48.03836972666696,1313800.0
2024-12-18,46.759857177734375,48.02845742615426,46.73012554088921,47.67166266110443,1520200.0
2024-12-19,46.59136962890625,47.07700779387878,46.3237773326966,46.61119198061196,1757800.0
2024-12-20,46.50217056274414,46.95807708685638,46.31386389414422,46.32377696028089,4863300.0
2024-12-23,46.12555313110352,46.23457416456748,45.76875839639476,46.17510711520714,1766100.0
2024-12-24,46.185020446777344,46.26430985287233,46.00662306379059,46.05618083296345,691200.0
2024-12-26,46.43279266357422,46.48235043113955,45.72911622057804,45.82822797498184,981200.0
2024-12-27,46.26430892944336,46.49226029632611,45.95706815804822,46.15528788860228,1355600.0
2024-12-30,45.99671173095703,46.23457615792704,45.639916980865415,45.84804599150992,1169300.0
2024-12-31,45.93724822998047,46.135467970990064,45.77867319331822,46.006624572224766,1264900.0
2025-01-02,45.63001251220703,46.24449032404208,45.47143747106485,46.1652046938346,1053100.0
2025-01-03,45.75885009765625,45.93724748359357,45.540811788742765,45.59036577800824,1274000.0
2025-01-06,45.24348449707031,45.74894124148551,45.11464109918916,45.58045692025613,1021500.0
2025-01-07,45.34259414672852,45.719211287862336,44.9362453668066,45.36241649949632,2248700.0
2025-01-08,45.93724822998047,46.036359990848815,45.14437304666921,45.49125853861777,2701400.0
2025-01-10,45.6795654296875,46.09582348512622,45.59036673484676,45.59036673484676,1339400.0
2025-01-13,46.06608963012695,46.20484230859563,45.36241317176329,45.59036454077996,1251900.0
2025-01-14,46.43279266357422,46.56163605393574,45.82822797498184,45.95706758461651,1547500.0
2025-01-15,46.59136962890625,46.99771838705591,46.25439721136309,46.88870112376499,1725200.0
2025-01-16,47.8698844909668,47.90952919564741,46.54181712998346,46.58146183466407,2152400.0
2025-01-17,47.99872589111328,48.53391803982316,47.77077451978729,48.2564088993475,1986900.0
2025-01-21,48.20685577392578,48.63302688729888,48.04828073969815,48.12757014717548,1563800.0
2025-01-22,48.02845764160156,48.35552077127338,47.86988260983774,48.16721032180404,1572100.0
2025-01-23,48.18703079223633,48.20685314302385,47.79059511866634,48.087922819025536,1133200.0
2025-01-24,47.93925857543945,48.31587569070904,47.74103884210141,48.177123011590496,1085900.0
2025-01-27,49.05919647216797,49.27723855521022,47.94917126715882,47.94917126715882,1541100.0
2025-01-28,48.88079833984375,49.70340889086821,48.81142200189312,48.84115363795,2054600.0
2025-01-29,48.31587600708008,49.49527756803735,48.26632201860283,48.75195639869766,1481000.0
2025-01-30,49.27723693847656,49.29705928907796,48.6132014258737,48.64293684213919,1170600.0
2025-01-31,49.05919647216797,49.346614894227855,48.76186876484567,49.04928718690556,1771700.0
2025-02-03,49.20785903930664,49.39616569295063,48.64293529764797,48.81141960131997,1777800.0
2025-02-04,48.64294052124024,49.287149951239584,48.63302745482637,49.10875256306079,1159600.0
2025-02-05,49.17812347412109,49.52500892648401,48.99972610564341,49.05919315537819,1400300.0
2025-02-06,49.81242752075195,49.81242752075195,49.02946543080213,49.06910635305987,1387200.0
2025-02-07,49.634033203125,49.83224915373667,49.138485765142015,49.723228112464106,2428700.0
2025-02-10,49.5250129699707,49.81242761533824,49.0691064462347,49.81242761533824,1306900.0
2025-02-11,49.49527740478516,49.66376550192445,49.316880022273885,49.56465374456988,2413100.0
2025-02-12,49.65385437011719,49.83225175957802,48.72222649905392,48.870892250513656,2895000.0
2025-02-13,51.457645416259766,52.36945469064551,49.66376606612293,50.11966881295231,3707900.0
2025-02-14,50.27824783325195,51.68560466947367,50.12958585483163,51.64595996293733,2819000.0
2025-02-18,49.56465148925781,50.35753038910863,49.30696849331505,50.119665963008025,1980900.0
2025-02-19,50.30797576904297,50.37735589073736,49.40607955574029,49.54483601840203,1393600.0
2025-02-20,50.87290191650391,50.97200989204044,49.94127031126202,50.10975840654644,1847000.0
2025-02-21,50.833255767822266,51.041384778964,50.208864953670265,50.803520351425725,1781600.0
2025-02-24,50.96209716796875,51.299069580071496,50.79361285228085,50.86298919176727,1233000.0
2025-02-25,51.086387634277344,51.384672511580966,50.90741594931558,51.10627379848399,1563700.0
2025-02-26,50.97701644897461,51.49404534798409,50.55941457970239,50.7383862675479,1427400.0
2025-02-27,51.10626983642578,51.41449587548823,50.798040004465626,50.87758086222772,1567300.0
2025-02-28,52.090614318847656,52.19004513996861,51.255414385921625,51.44433104960245,1606400.0
2025-03-03,52.707069396972656,52.88604107923589,51.99118646081765,51.99118646081765,2678600.0
2025-03-04,52.21986770629883,53.41301090016741,52.08066836237873,52.925809403549415,2076000.0
2025-03-05,52.309356689453125,52.55792804510124,51.76250046560685,51.76250046560685,1390400.0
2025-03-06,51.40456008911133,52.06078835438092,51.19576104854785,51.85198931381744,1646900.0
2025-03-07,51.48410034179688,51.56364499986268,50.51964601658636,51.096329615971214,1782400.0
2025-03-10,51.981239318847656,53.24398222763675,51.29518376065894,51.484096620563655,2446000.0
2025-03-11,51.61335754394531,52.388898981010016,51.54375786589581,52.02101442662009,2867700.0
2025-03-12,50.27107238769531,52.140326253364094,50.23130006045184,51.61335619253063,2878400.0
2025-03-13,50.44009780883789,50.50969748329842,49.86341425003668,50.26112613368288,1495200.0
2025-03-14,51.10626983642578,51.16592453152292,50.31083850141864,50.34066964186491,1345100.0
2025-03-17,51.50398254394531,51.76249886987263,50.92729898892658,50.95712633695752,1280900.0
2025-03-18,51.63323974609375,51.68295325618613,51.1062697118986,51.25541024217576,1574600.0
2025-03-19,51.732669830322266,52.050840865235536,51.50398463603448,51.52387079982879,1960500.0
2025-03-20,51.38467025756836,51.96135382267246,51.04661306668049,51.7823859384592,1445300.0
2025-03-21,51.334957122802734,51.5139288012286,50.88752792673805,51.14604046618772,3167400.0
2025-03-24,52.02101516723633,52.17015950397889,51.19576020451551,51.98124283838524,1561000.0
2025-03-25,52.03095626831055,52.488326637318565,51.64318178025827,51.92158426856999,1818500.0
2025-03-26,52.74684143066406,53.38318350054151,52.209926386868254,52.38889806813352,2513300.0
2025-03-27,53.47267150878906,53.69141552651335,52.75678854760624,52.88604292817234,1645900.0
2025-03-28,52.75678634643555,53.64169977336538,52.667300505909054,53.53232776906656,1798000.0
2025-03-31,53.72124099731445,53.91015765797473,52.92581340555472,53.07495773840253,2199400.0
2025-04-01,54.049354553222656,54.09906806427736,53.51243953087727,53.56215304193197,1867100.0
2025-04-02,54.417240142822266,54.53655333024914,53.810725434647416,54.04935560239901,2299600.0
2025-04-03,55.58055877685547,55.93849835671541,53.92010008498333,54.34764313656668,3247400.0
2025-04-04,51.91164016723633,55.60043811535194,51.8022681656489,55.09335422687128,4217800.0
2025-04-07,50.65884399414063,52.607642548844126,49.44581454199552,50.8477568625493,4297300.0
2025-04-08,50.36055755615234,51.802268366978005,49.90318338474571,51.61335550443685,2865400.0
2025-04-09,52.80649948120117,53.26386986599503,49.86341553613912,50.21141391741752,2903400.0
2025-04-10,53.80078506469727,54.218383123468506,52.10055789473227,52.50821476810805,2759100.0
2025-04-11,54.904441833496094,55.58055621917064,53.20421089113631,53.542268083973575,3977800.0
2025-04-14,55.37175369262695,55.64021121126328,54.75529779403495,54.98398298556266,1641200.0
2025-04-15,55.043643951416016,55.679986042177205,54.77518642070775,55.46124202614128,1206400.0
2025-04-16,54.69564056396485,55.41152729682771,54.41724185358393,55.0734700944089,1693900.0
2025-04-17,55.461238861083984,55.75952751789137,54.80501064332383,55.21266750900971,2046200.0
2025-04-21,54.417240142822266,55.50101139360245,53.82067041279007,55.31209853076841,1213000.0
2025-04-22,55.34192657470703,55.59049793082643,54.66581218263043,54.73541185891204,1813600.0
2025-04-23,54.6161003112793,55.49107257312518,54.32775661922015,55.34192823781238,4086900.0
2025-04-24,55.15301513671875,55.98821506660868,51.47415821237264,53.63175581873116,3360300.0
2025-04-25,54.99393081665039,55.68992761266722,54.49678808069661,55.212671041299366,2572100.0
2025-04-28,55.69986724853516,55.82912540949583,54.92432586856656,55.5507229248961,2147600.0
2025-04-29,56.01803970336914,56.216897542359256,55.4115250012533,55.590496677054624,1562400.0
2025-04-30,56.80352783203125,56.87312750888826,55.45129903669871,56.04786877915816,2043300.0
2025-05-01,55.74958419799805,56.276554266342366,55.33198613468322,56.216899567524784,2609500.0
2025-05-02,56.346153259277344,56.62455575767084,55.88878287370661,56.14729920843643,2522800.0
2025-05-05,56.65438079833984,57.01232414390575,55.95838027006143,56.30638243064951,1931700.0
2025-05-06,56.48535537719727,56.86318110123895,56.13735320876162,56.38592456068801,2173500.0
2025-05-07,56.58478546142578,56.84329801253688,56.127415059437965,56.127415059437965,1327200.0
2025-05-08,56.36603927612305,57.1018121581708,56.29643959993044,56.54501095573202,1472400.0
2025-05-09,56.39587020874024,56.53506956060898,56.0379268508504,56.21689852979532,1321900.0
2025-05-12,55.57318878173828,56.670095929754986,54.94496038449003,56.28119010024461,2160700.0
2025-05-13,54.69566345214844,55.65296512848045,54.60591653886617,55.41363875840655,2189400.0
2025-05-14,54.80535507202149,54.89510198616415,54.42642703805344,54.68569378781913,1822000.0
2025-05-15,56.211387634277344,56.22136162695918,55.1344284664215,55.244119562139815,2360700.0
2025-05-16,56.79972839355469,56.90941949066704,56.18147397815129,56.26124690080155,4605500.0
2025-05-19,57.26840591430664,57.28835009552892,56.54046041752975,56.61026314982592,1531100.0
2025-05-20,57.14874649047852,57.46784579249079,56.90942011198744,57.16869067234975,1564000.0
2025-05-21,56.83961486816406,57.29831961906115,56.65015085469707,56.85955904915483,1374400.0
2025-05-22,56.5903205871582,56.87950551720687,56.20141855210972,56.77978460824333,1322200.0
2025-05-23,56.70998001098633,56.93933238812248,56.031893068164834,56.57037454698724,1332800.0
2025-05-27,57.18862915039063,57.26840587522529,56.6401774810249,56.80970111931677,1523200.0
2025-05-28,56.58034896850586,57.33820883765962,56.49060205468837,57.04902391491842,1401900.0
2025-05-29,56.75983810424805,56.90941755959177,56.22136043373047,56.291163165167255,1304400.0
2025-05-30,57.08891296386719,57.31826534549966,56.69003694122413,57.12880132692423,3986800.0
2025-06-02,58.4151725769043,58.45505713604622,57.32823940804053,57.61742053064695,2314200.0
2025-06-03,58.17584609985352,58.4849752074324,57.59747624773116,58.4849752074324,2029800.0
2025-06-04,57.87668991088867,58.395227208834456,57.77696900515087,58.30548029565223,1308600.0
2025-06-05,57.66728210449219,57.91657866457601,57.24846190549028,57.886660490670685,1383800.0
2025-06-06,57.60744857788086,58.06615332765846,57.38806639148133,57.66728112070715,887500.0
2025-06-09,56.89944839477539,57.44790006763044,55.95212070313652,57.398041516273366,1853500.0
2025-06-10,56.70998001098633,57.16868856922223,56.47065744526321,56.91939201094855,1620700.0
2025-06-11,56.82964706420898,56.88947580572814,56.17150427975222,56.81967307131331,1224000.0
2025-06-12,57.12879943847656,57.23849053127564,56.78975597162647,57.05899670741597,1334100.0
2025-06-13,56.71995544433594,57.41798658602632,56.42080032760112,56.93933383449417,1780600.0
2025-06-16,56.56040573120117,57.16868995678704,56.44074064147157,56.809702295525625,1114400.0
2025-06-17,56.25127410888672,56.82964393818233,55.92220463674131,56.40085356238414,1856300.0
2025-06-18,55.92220687866211,56.63020820514484,55.78259760795127,56.41082601227719,1772900.0
2025-06-20,56.32107925415039,56.56040562921435,55.772627574418266,56.08175668305011,3411700.0
2025-06-23,56.9692497253418,57.00913428306764,56.46068262371108,56.62023226650505,1299600.0
2025-06-24,57.358154296875,57.43792721984363,56.45071494982,57.05899917880613,1507000.0
2025-06-25,55.98203659057617,57.37809889019684,55.91223385599152,57.32824033748833,1391700.0
2025-06-26,55.52333068847656,56.43077002355913,55.26406013333088,56.22136182407015,1428600.0
2025-06-27,56.01194763183594,56.26124418452304,55.39369324628171,55.453525788353474,2824100.0
2025-06-30,56.26124572753906,56.43076936607666,55.573188592678925,55.94214643566506,2351200.0
2025-07-01,56.48062896728516,57.08891319246791,56.17150366226445,56.31110912955944,1897000.0
2025-07-02,55.48344039916992,56.41082388352399,54.81532746095974,56.12163896819561,1400400.0
2025-07-03,56.28118896484375,56.28118896484375,55.38372364798653,55.51335511791121,690200.0
2025-07-07,56.07178115844727,56.77978246755888,55.84242878242366,56.420798620715566,1313300.0
2025-07-08,55.333866119384766,56.04186743668048,55.11448392936382,55.75268251419171,1460900.0
2025-07-09,55.6529655456543,55.68287991565142,54.88513168269783,55.25408952719568,1098900.0
2025-07-10,55.463497161865234,55.80254063292294,55.0845691325376,55.55324407490885,1594400.0
2025-07-11,55.10451126098633,55.48344310632052,54.69566504500808,55.48344310632052,1427700.0
2025-07-14,55.58316421508789,55.75268405463253,54.83527451458542,54.91504743791121,1024500.0
2025-07-15,54.89510345458984,55.58316441607693,54.88513326562446,55.343838037306696,1760800.0
2025-07-16,55.50338745117188,55.57319018552228,54.80535630370412,54.87515903805452,1469300.0
2025-07-17,55.61307907104492,55.91223419306319,55.293979767030265,55.43358523704121,1511600.0
2025-07-18,55.64299011230469,56.15155721286978,55.5931315622792,55.69284866233017,1416400.0
2025-07-21,55.244117736816406,56.05183613502952,55.23414374446412,55.71279267035873,1352800.0
2025-07-22,55.35380554199219,55.682878821348,55.05465043600917,55.43358226570155,1628600.0
2025-07-23,55.004791259765625,55.47346999631612,54.65577760741751,55.14439672070488,3110800.0
2025-07-24,57.86671829223633,58.34536724752291,55.74271426639533,56.07178375892072,3496200.0
2025-07-25,57.92654800415039,58.335394204536456,57.33820797881789,57.697195628710745,2051200.0
2025-07-28,57.098880767822266,58.0362382406941,57.0191078490037,57.74705332655434,1456100.0
2025-07-29,57.1587142944336,57.507727952707945,56.75983828157984,57.30829375024464,1731100.0
2025-07-30,57.477813720703125,57.74705445942929,56.88947369251563,56.97922060542435,1548800.0
2025-07-31,57.10885620117188,57.75702497229559,56.99916510656045,57.288350027997176,1645500.0
2025-08-01,57.57753372192383,57.63736246028102,56.70997897610929,57.61741827950745,1919600.0
2025-08-04,58.29550552368164,58.42514079742576,57.537645670024965,57.58750422024546,1832100.0
2025-08-05,57.95646286010742,58.79409944890021,57.93651867895002,58.28553614325912,1458400.0
2025-08-06,58.16587448120117,58.2556175898792,57.60744882432414,57.94649229386313,1470500.0
2025-08-07,58.34536361694336,58.69438107368039,58.15589960600395,58.375281790012174,1186700.0
2025-08-08,58.47500228881836,58.93370706026045,58.30548244874949,58.3353968195937,966100.0
2025-08-11,58.40999984741211,58.81999969482422,58.290000915527344,58.59999847412109,935000.0
2025-08-12,57.880001068115234,58.40999984741211,57.54999923706055,58.40999984741211,1563800.0
2025-08-13,58.119998931884766,58.18000030517578,57.630001068115234,57.970001220703125,1132900.0
2025-08-14,57.41999816894531,58.16999816894531,57.41999816894531,58.16999816894531,1161200.0
2025-08-15,57.33000183105469,57.540000915527344,57.02000045776367,57.34999847412109,1150300.0
2025-08-18,57.09000015258789,57.47999954223633,56.83000183105469,57.20000076293945,1453800.0
2025-08-19,57.93999862670898,57.97999954223633,57.11000061035156,57.130001068115234,1196900.0
2025-08-20,58.43999862670898,58.959999084472656,58.18000030517578,58.31999969482422,1156600.0
2025-08-21,58.0,58.34999847412109,57.61000061035156,58.16999816894531,909800.0
2025-08-22,57.9900016784668,58.38999938964844,57.84999847412109,58.22999954223633,1117500.0
2025-08-25,56.63999938964844,57.90999984741211,56.56999969482422,57.79999923706055,1096200.0
2025-08-26,56.470001220703125,56.97999954223633,56.310001373291016,56.77999877929688,2565100.0
2025-08-27,56.66999816894531,56.75,56.220001220703125,56.43000030517578,1542900.0
2025-08-28,56.2400016784668,56.68000030517578,55.900001525878906,56.47999954223633,1463700.0
2025-08-29,56.540000915527344,56.560001373291016,56.150001525878906,56.2599983215332,1881500.0
2025-09-02,56.66999816894531,56.91999816894531,56.36000061035156,56.40999984741211,1453100.0
2025-09-03,56.29999923706055,56.720001220703125,56.04999923706055,56.56999969482422,1396800.0
2025-09-04,56.86000061035156,56.880001068115234,56.31999969482422,56.31999969482422,915900.0
2025-09-05,56.52000045776367,56.93000030517578,55.880001068115234,56.79999923706055,1184200.0
2025-09-08,57.130001068115234,57.18999862670898,56.2599983215332,56.52000045776367,1250300.0
2025-09-09,57.31999969482422,57.36000061035156,56.52999877929688,57.25,1428600.0
2025-09-10,56.369998931884766,57.2400016784668,56.15999984741211,57.02000045776367,1475700.0
2025-09-11,58.220001220703125,58.34999847412109,56.400001525878906,56.630001068115234,1353400.0
2025-09-12,57.369998931884766,58.400001525878906,57.16999816894531,57.9900016784668,1806500.0
2025-09-15,56.43000030517578,57.72999954223633,56.33000183105469,57.2599983215332,1769700.0
2025-09-16,55.22999954223633,56.2400016784668,55.0,56.06999969482422,2344800.0
2025-09-17,56.13999938964844,56.40999984741211,55.40999984741211,55.40999984741211,2913500.0
2025-09-18,55.72999954223633,56.20000076293945,55.65999984741211,55.81999969482422,1662100.0
2025-09-19,55.5099983215332,55.95000076293945,55.290000915527344,55.95000076293945,2622600.0
2025-09-22,55.560001373291016,55.709999084472656,55.130001068115234,55.380001068115234,1931600.0
2025-09-23,55.400001525878906,55.59999847412109,54.650001525878906,55.47999954223633,1750600.0
2025-09-24,56.11000061035156,56.20000076293945,55.02999877929688,55.34999847412109,1612800.0
2025-09-25,56.43999862670898,56.9900016784668,56.119998931884766,56.220001220703125,2039100.0
2025-09-26,58.43000030517578,58.47999954223633,56.90999984741211,57.25,2067000.0
2025-09-29,58.52000045776367,58.709999084472656,58.27999877929688,58.58000183105469,2145600.0
2025-09-30,58.7400016784668,59.119998931884766,58.16999816894531,58.34999847412109,2890300.0
2025-10-01,58.130001068115234,58.880001068115234,57.25,58.52000045776367,2124200.0
2025-10-02,58.310001373291016,58.61000061035156,57.65999984741211,57.81999969482422,1474400.0
2025-10-03,58.709999084472656,59.02999877929688,57.900001525878906,58.02999877929688,1143900.0
2025-10-06,58.31999969482422,58.77999877929688,58.16999816894531,58.65999984741211,1133600.0
2025-10-07,57.97999954223633,58.4900016784668,57.77999877929688,58.36000061035156,1153800.0
2025-10-08,58.119998931884766,58.310001373291016,57.38999938964844,58.09000015258789,1634700.0
2025-10-09,56.59000015258789,58.060001373291016,56.560001373291016,58.060001373291016,1621500.0
2025-10-10,57.0,57.34000015258789,56.40999984741211,56.7599983215332,2454100.0
2025-10-13,56.29349899291992,57.040000915527344,56.18999862670898,56.59999847412109,796007.0
