Date,Close_SPG,High_SPG,Low_SPG,Open_SPG,Volume_SPG
2023-10-13,96.67352294921876,97.56772627813923,96.09545141424428,97.45030786643252,1499600.0
2023-10-16,97.84773254394533,98.38967373503044,96.75481585609607,97.54966247694384,1235800.0
2023-10-17,99.49163055419922,100.15099019309488,97.26966671683586,97.26966671683586,1470500.0
2023-10-18,98.04644012451172,99.06709608889048,97.87482278253924,98.91354735720756,1294700.0
2023-10-19,96.1948013305664,98.45289525851398,96.1315749762301,97.54062338209954,1571600.0
2023-10-20,95.87866973876952,97.0077167048616,95.8154433843146,96.57415963777368,1506700.0
2023-10-23,95.02962493896484,96.35738528378796,94.6863971394745,95.0657552690937,1560600.0
2023-10-24,95.71607971191406,96.91738725000768,95.52640066239748,95.8786627388076,1521500.0
2023-10-25,94.82188415527344,95.72512173503306,94.62317078514138,95.49931234009316,1465200.0
2023-10-26,96.0322036743164,96.81802272244276,94.91219118606364,94.91219118606364,1388500.0
2023-10-27,94.42445373535156,96.3483472244506,93.9818692680402,96.3483472244506,1744800.0
2023-10-30,95.13801574707033,96.36641940447446,94.15348320362388,95.35479083627229,1458400.0
2023-10-31,99.25676727294922,99.4464463190026,94.77671014731492,96.11350466527156,2384200.0
2023-11-01,101.60519409179688,101.92132586857916,99.3200041024275,100.25033771316784,2080800.0
2023-11-02,104.63103485107422,105.08265362765756,103.03230741407766,103.1948904492939,2049500.0
2023-11-03,106.48268127441406,108.22593013707882,106.30203650890566,106.60913398850116,1956400.0
2023-11-06,105.75106048583984,106.49171504656368,104.9471795683892,106.4375161042578,1225500.0
2023-11-07,104.08909606933594,105.5704051389922,103.37553755913537,105.5704051389922,1661200.0
2023-11-08,104.2697525024414,104.73943303023032,103.7729690576257,104.45943157469208,911300.0
2023-11-09,102.77940368652344,104.68523550623776,102.44520330555756,104.68523550623776,1204700.0
2023-11-10,104.17037963867188,104.3600586814706,102.42713103639208,103.69166487953864,906900.0
2023-11-13,104.36007690429688,104.51362564797132,102.48134097448978,103.48393529803316,1321700.0
2023-11-14,109.10206604003906,110.67369746982332,107.12397357229212,107.14204218259572,2105700.0
2023-11-15,108.87625122070312,109.6259400143417,108.12656242706456,108.8401208930531,1623400.0
2023-11-16,108.7678680419922,109.11110273371736,108.13560449063932,108.9304510825052,1271600.0
2023-11-17,109.90594482421876,109.9962672005476,108.9665769498564,109.59884047531396,1121300.0
2023-11-20,110.87240600585938,110.99885870785263,108.77689522705676,109.8427157803968,1283500.0
2023-11-21,109.96916961669922,110.33950031289612,109.3730295373058,110.33950031289612,1213700.0
2023-11-22,109.38206481933594,110.83627781140528,108.84012367305392,110.83627781140528,1190200.0
2023-11-24,109.14722442626952,109.74336452899662,108.3523778471225,109.47239050209237,767600.0
2023-11-27,109.93304443359376,110.36660150173104,108.31624834729794,109.1472252624756,1027500.0
2023-11-28,110.2853012084961,110.54724091954738,108.84012253645066,109.7433600678735,1149700.0
2023-11-29,110.8814468383789,112.46211259750643,110.7188637989367,111.25177066140203,1151700.0
2023-11-30,112.80534362792967,112.98598839197209,110.6466063091898,110.66466802913163,2300500.0
2023-12-01,116.35505676269533,116.43634482672518,112.57951699524796,112.94081335918672,1833600.0
2023-12-04,118.18865203857422,118.26089892215312,115.25312278434284,115.72280333032604,1920900.0
2023-12-05,118.12541198730467,118.34219397250004,116.88798088813888,117.33055849056706,1668700.0
2023-12-06,118.98347473144533,120.1125216322129,118.51380114398977,118.68540469576536,1769800.0
2023-12-07,120.37649536132812,120.45897304116994,118.29613642659965,119.13927422766832,1983700.0
2023-12-08,121.7786865234375,121.80617908669636,119.46005379520732,119.88161575451656,1394100.0
2023-12-11,123.51994323730467,123.54743579962476,121.19215106214664,121.43042459692366,1452900.0
2023-12-12,123.25418090820312,123.83153871858424,122.97006778219462,123.1808627451051,1330500.0
2023-12-13,127.62566375732422,127.9464289665897,121.98946467572952,123.2541784923644,2192300.0
2023-12-14,134.33412170410156,134.34328122982745,128.78040060031165,128.95452947716458,2874700.0
2023-12-15,132.29043579101562,134.17833300772492,131.44728392303935,133.3993397752725,3723300.0
2023-12-18,131.6214141845703,133.12440155587072,131.29148944530877,133.12440155587072,1425900.0
2023-12-19,133.0327606201172,133.66511751801698,131.5114402547364,131.88719058305503,1318900.0
2023-12-20,132.07046508789062,134.63654449755654,131.99714693515642,133.03274661451633,1215800.0
2023-12-21,130.33837890625,133.06025445914992,129.26612701935144,132.9502842094196,2114000.0
2023-12-22,130.41171264648438,131.3739943986075,130.1184399668232,130.5033498708702,1191500.0
2023-12-26,131.65806579589844,131.8688467499372,130.13674555507853,130.41168513826412,786300.0
2023-12-27,131.66722106933594,132.3270704540699,131.12651542973683,131.84134993253068,1185300.0
2023-12-28,132.22625732421875,132.2904159501201,130.89739905405142,131.05319488037375,997500.0
2023-12-29,130.72328186035156,132.07047328443525,130.48500833718353,131.6855634466983,1227800.0
2024-01-02,131.0806884765625,131.99714439207173,129.22028408679938,130.11840696847634,1162900.0
2024-01-03,128.3863067626953,130.13674092995726,127.71729785512682,129.75183112078057,1248500.0
2024-01-04,128.54209899902344,129.59603167032222,127.81810499380694,128.34047758308827,1162300.0
2024-01-05,128.8995361328125,130.09093177884537,127.16743478059855,127.89144288156112,1187200.0
2024-01-08,130.41171264648438,130.5950010792671,128.54213427367185,129.1469986874648,1232800.0
2024-01-09,130.2742156982422,130.4850106481716,128.5329548799252,129.2294564104502,897800.0
2024-01-10,132.59283447265625,133.161046646522,130.4849970648563,130.62245985788414,1675700.0
2024-01-11,132.31793212890625,133.1152444365345,130.80577121994418,131.76805289219098,1554900.0
2024-01-12,134.37078857421875,134.3799620849626,132.37292099349332,133.34436221964498,1641900.0
2024-01-16,133.37185668945312,134.27915327341236,132.54705178331596,133.46350789413967,1934700.0
2024-01-17,130.2467041015625,133.65592106537434,129.11946729411068,131.6305614185548,1591800.0
2024-01-18,129.98097229003906,131.02573170034395,128.22137822973664,130.55834411657958,1214600.0
2024-01-19,129.7884979248047,130.63163579062777,128.47797251997366,130.53999857843502,1550500.0
2024-01-22,130.15509033203125,131.92384377168435,130.00845400990195,130.89741748479798,1611800.0
2024-01-23,130.68663024902344,131.51143504945838,129.3027727492601,130.78744096765516,1138600.0
2024-01-24,129.66937255859375,132.07964247973817,129.0828412413863,132.0521499167448,1364600.0
2024-01-25,130.8974151611328,131.8871893419213,129.9259740162874,131.52059854310568,1139000.0
2024-01-26,130.10008239746094,131.30979688291131,129.88928747735417,131.23647873470114,1010300.0
2024-01-29,129.88931274414062,130.0084565061595,128.49630960919364,130.0084565061595,1305400.0
2024-01-30,127.60735321044922,129.69687201302793,127.58902017280964,129.4860770401988,2234500.0
2024-01-31,127.0299835205078,128.84456272498392,126.09519436134894,128.02891733646595,2292600.0
2024-02-01,127.75395965576172,127.77229269111903,125.31619734556446,126.76419949060389,2139500.0
2024-02-02,126.41595458984376,127.37823627580065,124.1614664680022,125.9027414197361,2028700.0
2024-02-05,125.3620147705078,126.48926576110776,123.8590274337172,124.96794538810975,2333000.0
2024-02-06,131.41062927246094,132.6661695557173,125.7835898208904,126.00354430181504,3199700.0
2024-02-07,131.4564666748047,132.60203681246995,130.54917009153004,131.96967985903706,1803100.0
2024-02-08,132.06130981445312,132.58368244149116,129.94428479411687,131.10818778223097,1226900.0
2024-02-09,134.6548614501953,135.05810429194815,132.02463743786322,133.13355525268352,2222400.0
2024-02-12,133.5276336669922,135.16809770442123,132.98692799423426,134.7098697138111,1554500.0
2024-02-13,131.52976989746094,131.5572624589204,128.57878043940187,130.58582132999578,1567200.0
2024-02-14,130.92491149902344,132.35458069561437,129.99012241509496,132.01549643293842,1454000.0
2024-02-15,135.63548278808594,136.14869589092385,132.11629523947596,132.11629523947596,1474900.0
2024-02-16,137.43174743652344,138.0732638374977,133.6834317816712,134.01335649988778,1792800.0
2024-02-20,136.46029663085938,137.6975178591375,135.58050667724714,136.64359902320368,1221900.0
2024-02-21,137.7250213623047,138.31155270597765,135.8004579618723,136.6894214961281,1038300.0
2024-02-22,138.8522491455078,140.31858439845814,137.47756508987038,138.35736903844247,1658300.0
2024-02-23,137.78915405273438,139.07218675539193,137.77998054371045,138.7789141467801,854900.0
2024-02-26,137.03765869140625,138.9530482932003,137.01016613130457,137.82581137700686,1108900.0
2024-02-27,137.1934356689453,139.1821431523253,136.72604822745257,137.7249817311953,1250900.0
2024-02-28,137.34010314941406,138.49483272923356,135.9287669963013,136.54279086696792,1613300.0
2024-02-29,135.76380920410156,138.72395855937634,134.8748456480204,138.54067013198048,3365300.0
2024-03-01,137.87164306640625,138.10991659248967,134.1050083418834,135.58050306326604,1240500.0
2024-03-04,139.6770782470703,139.97033692883343,137.37676447494175,137.87165860243198,1440800.0
2024-03-05,137.34010314941406,140.67600258623543,137.00101888842147,139.0996970737145,1696200.0
2024-03-06,139.59457397460938,139.97948378714136,137.48672253873707,138.0090951471706,1863300.0
2024-03-07,138.97256469726562,140.48576418725517,137.31084149862875,140.17013182902156,1878700.0
2024-03-08,140.14230346679688,141.01493173350678,139.34392998271272,139.72453886374495,1044600.0
2024-03-11,139.0654296875,140.8014221386841,137.45940435835075,139.81738333394117,1237500.0
2024-03-12,139.80810546875,140.56933742440037,138.8240524955448,139.0654301267676,2038100.0
2024-03-13,140.63433837890625,142.23108552336,139.1675583664264,139.77097415801492,1161800.0
2024-03-14,138.65696716308594,140.08660560466404,137.25517780920802,139.82667134255894,1549900.0
2024-03-15,139.96592712402344,140.43009746015704,137.66363205774556,137.66363205774556,2985200.0
2024-03-18,141.06137084960938,141.33987590120498,139.83596845408618,140.17944999068607,1152900.0
2024-03-19,143.0572967529297,143.15941478884656,141.3398609212427,141.57194607874882,1536300.0
2024-03-20,144.26412963867188,144.64475270035794,142.0361177711484,142.22178306588302,1995300.0
2024-03-21,144.64474487304688,146.51071852234256,143.73497506233073,145.00679713606118,1451700.0
2024-03-22,140.97781372070312,144.88613414665485,140.85712490153904,144.64475650832665,1367000.0
2024-03-25,140.23512268066406,142.45385605171455,140.1422971239065,141.70190246482025,1084400.0
2024-03-26,139.87307739257812,141.5533716228182,139.86379908604627,140.49506389869524,1475700.0
2024-03-27,143.2707977294922,143.29864681255953,140.8478283451668,141.29342783959655,1330000.0
2024-03-28,145.2760467529297,145.61952829204455,143.6143089043003,143.6978561707841,1904800.0
2024-04-01,142.4817352294922,145.05324308927854,142.04541394105118,144.8954268606401,928800.0
2024-04-02,139.28822326660156,141.4698294347659,138.69408582415423,141.349140618762,1595700.0
2024-04-03,139.0189971923828,140.07730485147366,138.69407233413938,139.32535127335024,1253000.0
2024-04-04,137.34799194335938,140.87568913364834,136.85597254781777,140.17943366840788,1172800.0
2024-04-05,139.3903350830078,139.7802505995653,137.08805436693652,137.41297924228334,918000.0
2024-04-08,139.58529663085938,139.8638016508101,138.5641162794913,139.52959845994,1000000.0
2024-04-09,139.427490234375,140.25371288030124,137.26445473091536,139.7245518886298,1008000.0
2024-04-10,135.11996459960938,136.4660555113791,134.2009023915366,135.79764920829928,1474600.0
2024-04-11,136.3361053466797,137.58007838990153,134.28446632375687,135.98333137473318,1333600.0
2024-04-12,134.4329833984375,136.23396620622304,133.51393538389348,135.667677943624,1128000.0
2024-04-15,132.18641662597656,135.76053357936752,131.2302269472913,135.76053357936752,1237700.0
2024-04-16,130.29261779785156,131.88936487241614,129.54064996146414,131.76867605323898,1301600.0
2024-04-17,130.84034729003906,132.00077322504316,130.08839355061332,130.85891807129872,1019700.0
2024-04-18,130.31117248535156,131.8800704500405,129.9676909778235,131.50873985624554,1046100.0
2024-04-19,130.3761749267578,131.36021383816993,129.809886512502,131.21167592107042,1116100.0
2024-04-22,132.2050018310547,133.1983190091441,130.097664486206,130.8960380508609,984400.0
2024-04-23,133.47682189941406,134.1173792353695,132.297825268965,132.297825268965,877400.0
2024-04-24,132.57630920410156,133.4303807943154,131.4715817037683,132.8455358911731,1110000.0
2024-04-25,132.50205993652344,133.4211222998624,130.51541146823226,131.11884140328067,1741000.0
2024-04-26,132.1585693359375,134.1080902761417,132.11214947253197,132.7991266210147,1026200.0
2024-04-29,134.4515838623047,134.46086216967902,132.47421365925345,133.53252147947353,1111000.0
2024-04-30,130.45970153808594,134.15449310748642,130.18119652895757,133.05905801436217,1835400.0
2024-05-01,130.134765625,132.5855981651014,129.2714157518432,130.28330350597923,1355900.0
2024-05-02,131.23023986816406,131.81509903293932,129.3271386298287,131.40662686486482,1829400.0
2024-05-03,132.68771362304688,134.11736606309952,131.72224564297565,132.75270426366436,1257400.0
2024-05-06,134.0895233154297,135.02714225536133,133.21688085383298,133.94098541444433,1598800.0
2024-05-07,137.34799194335938,140.62503319986274,134.36802648472838,136.2432643387213,2682400.0
2024-05-08,137.28302001953125,138.35988440915338,136.21541977153856,136.38252845472311,1490800.0
2024-05-09,138.44346618652344,139.51105242611183,137.31088929243256,137.89573435617334,1364800.0
2024-05-10,137.13449096679688,139.25110665472022,137.02309461438674,138.98189408127732,1305300.0
2024-05-13,136.43821716308594,138.06281318984142,135.5377256607418,137.53365225604296,1381700.0
2024-05-14,138.8240509033203,138.99115958189284,136.77242605358109,136.97666212441763,1087800.0
2024-05-15,139.48316955566406,141.33057237509638,139.20466455376354,141.09848723440476,1005600.0
2024-05-16,138.00711059570312,140.6250236003155,137.7378839015904,139.48316868156715,1802200.0
2024-05-17,138.12779235839844,138.9261658451577,137.4872492399696,138.9261658451577,1258400.0
2024-05-20,135.88121032714844,138.29490157528178,135.6398468684765,138.09994381474996,851700.0
2024-05-21,137.36656188964844,137.52437809430415,135.50988066025843,135.72339503533925,1101900.0
2024-05-22,135.714111328125,137.58936326148432,135.19424287103996,136.92095691227414,734400.0
2024-05-23,134.2937469482422,135.98331937804463,134.20090722738766,135.79765410168815,1091000.0
2024-05-24,137.28302001953125,137.6357798345134,135.54701336950876,136.16899990591207,1410900.0
2024-05-28,136.63316345214844,138.71265150699162,136.31753104611568,138.22991042606574,1187200.0
2024-05-29,136.55892944335938,136.80957124579788,135.14784754272011,135.59344713463307,1131000.0
2024-05-30,137.8029022216797,138.20208194198528,136.93953796430193,137.48726976859774,1088100.0
2024-05-31,140.46722412109375,140.63433280721392,138.12780167289228,138.72193913342787,2376200.0
2024-06-03,140.73643493652344,141.33057232988983,139.2139569806875,140.50434979590605,1770900.0
2024-06-04,141.5441131591797,142.04541092389172,140.29084749936638,140.29084749936638,1208100.0
2024-06-05,142.453857421875,142.5095555895358,140.9685210112926,141.92471066374435,1480600.0
2024-06-06,142.76023864746094,143.52148485780944,141.85046868356753,141.85974699149048,1686200.0
2024-06-07,142.7696075439453,143.522069015619,140.5592690139144,141.14241983725728,1776400.0
2024-06-10,143.0047607421875,143.67257411186347,141.5750996343905,142.2146826007192,1962400.0
2024-06-11,141.8196563720703,142.39340672123592,141.6879766699017,142.25232645177354,2294100.0
2024-06-12,144.0582275390625,145.67601495937458,143.7478365901875,144.98938603367623,1818000.0
2024-06-13,142.84486389160156,145.31857628771846,142.64735153377282,144.1052430335985,1073400.0
2024-06-14,139.98553466796875,142.81665531033346,139.47761701725224,141.7914337940497,1299200.0
2024-06-17,138.89447021484375,139.4211890147824,138.320719875194,139.30832480108435,1211000.0
2024-06-18,138.18902587890625,139.73156549857677,137.9256665061827,139.01673496575705,1143100.0
2024-06-20,137.5494384765625,138.75337109916623,136.85340909861608,137.75636574157335,1555000.0
2024-06-21,137.4741973876953,137.85983588634235,136.28906584082972,137.7469573306349,2538500.0
2024-06-24,141.50926208496094,141.7161893766258,137.40836157598264,137.55885676119544,2240800.0
2024-06-25,139.08258056640625,141.61272524507626,138.27368688867543,141.3869968200421,1885600.0
2024-06-26,138.8192138671875,139.8914668857306,137.5870651053189,138.27367961536592,1674600.0
2024-06-27,140.9073028564453,141.0671986168551,138.5088377462756,139.0920030306065,1641300.0
2024-06-28,142.77902221679688,143.33395698980075,140.80381265104322,141.81023291748204,3709800.0
2024-07-01,137.81280517578125,142.40279316175472,137.21083883243998,141.63153051185327,1452500.0
2024-07-02,138.99794006347656,139.5905059158532,137.40836867358544,137.75639060136783,1142300.0
2024-07-03,139.44940185546875,140.38057465305704,138.64050818791006,139.7033606824493,619500.0
2024-07-05,137.40835571289062,139.29891731043205,136.79698878306502,139.20485423568496,962800.0
2024-07-08,138.1420135498047,139.1390190783007,137.6341102180844,138.0479648190476,784300.0
2024-07-09,138.8004150390625,140.31472434252902,137.54945077131995,137.92567436750875,1334100.0
2024-07-10,139.6187286376953,139.703376805788,137.79401380363242,139.2895221813186,719800.0
2024-07-11,139.9573211669922,142.308754606115,139.52465109930887,141.66915724762802,1384500.0
2024-07-12,140.59689331054688,141.81024090851352,139.47760878368186,140.99193237555636,1140700.0
2024-07-15,141.14244079589844,141.27412049659415,139.40238863327718,140.9919456088145,1187400.0
2024-07-16,142.50625610351562,142.54388707279605,140.83203677077728,141.86667314584463,1584600.0
2024-07-17,145.69480895996094,146.33440631323575,141.9983625127478,141.9983625127478,1794100.0
2024-07-18,144.01119995117188,148.78931474790627,143.6819935064159,145.28097983578868,1226600.0
2024-07-19,144.33096313476562,145.0834246092999,143.59731714389713,144.79184919652,993100.0
2024-07-22,148.36605834960938,148.56357073322846,144.3592063434833,144.57554856631964,1708700.0
2024-07-23,147.50070190429688,149.0808580533748,146.63536189655386,147.6699981979801,1764900.0
2024-07-24,140.98255920410156,147.67003726182256,140.77563188907686,147.63242063727824,1905900.0
2024-07-25,140.43701171875,143.32457893874653,139.63753294188612,141.62214338517694,1118100.0
2024-07-26,143.39039611816406,144.1428576254361,140.88846770608856,141.3587543541324,1032400.0
2024-07-29,143.74783325195312,144.6413751041396,141.97955068197624,143.62555411832378,784900.0
2024-07-30,145.61016845703125,146.47549427883152,143.72902162215814,144.2275243852386,964800.0
2024-07-31,144.3215789794922,146.62598084627572,143.9265398896445,145.19630531729555,1770100.0
2024-08-01,144.3215789794922,147.30319481516054,142.51567984646957,145.79827169496977,1266500.0
2024-08-02,142.09242248535156,143.94533877594097,140.6909630309558,142.96714880949736,1432900.0
2024-08-05,139.25189208984375,142.77904227270702,137.07916987352172,139.78801145459337,2049300.0
2024-08-06,146.29678344726562,147.12449264959614,138.39597245924116,141.1894766650952,1586200.0
2024-08-07,143.8324737548828,147.56655107126352,143.55971380055226,147.56655107126352,1569200.0
2024-08-08,145.9393768310547,146.25916835274512,143.96416688741556,144.25574235436926,988800.0
2024-08-09,149.2407684326172,150.23777386531904,145.50669116726482,146.11807244249465,1477700.0
2024-08-12,144.00180053710938,150.19076119120365,142.75083612983147,148.22496613062916,2035700.0
2024-08-13,146.65419006347656,146.84230185672993,143.72900646955534,145.15868193189883,1287300.0
2024-08-14,147.50070190429688,148.40364417462467,146.16507527808895,146.55071374971226,960200.0
2024-08-15,148.47891235351562,151.71448703372974,148.1403053671674,148.6105920508727,1853500.0
2024-08-16,147.38784790039062,149.7204658978554,146.5977696942832,148.64821280327786,1422600.0
2024-08-19,150.38827514648438,150.42589176629744,147.62298714987836,147.98981018910095,968400.0
2024-08-20,149.92739868164062,150.82095491984535,148.93039314428748,150.4917484792424,910200.0
2024-08-21,151.56399536132812,151.58281084767515,149.54176831535622,150.12491922401566,882600.0
2024-08-22,152.57040405273438,152.80554738196477,151.23477731293707,151.79912704389395,881000.0
2024-08-23,156.60545349121094,157.0381235214462,152.77731329468344,152.98424056757733,1325800.0
2024-08-26,157.41436767578125,158.10098225177018,156.55844242165136,157.54604738010804,1173600.0
2024-08-27,158.0633544921875,159.1356075381537,156.13517625240334,156.42675169486628,1404200.0
2024-08-28,157.74356079101562,158.7593673660301,156.06932704594922,158.05393736270827,909900.0
2024-08-29,155.66490173339844,158.32672624660972,155.10996685750231,158.0163352943259,1296200.0
2024-08-30,157.4049530029297,157.54603326206183,155.17578444457126,156.64307654758588,1747100.0
2024-09-03,154.17877197265625,155.93763943229152,153.26641473320674,154.30105109299774,1867200.0
2024-09-04,155.2698516845703,156.5490320257259,154.0000719102724,154.2540307355341,1258400.0
2024-09-05,154.42330932617188,156.98166971483184,154.13173391493638,156.73712583650732,1013500.0
2024-09-06,154.72430419921875,155.49558117598477,152.70207739273783,154.79015121762967,1443600.0
2024-09-09,154.22903442382812,154.68621736882116,151.88603359650634,154.3814287388258,1406600.0
2024-09-10,156.16250610351562,156.3053666903422,153.46709161145426,155.05766912165095,1155000.0
2024-09-11,155.610107421875,156.35301163418896,152.45752411752048,154.6767030253791,1566600.0
2024-09-12,155.95298767089844,156.7530361265712,153.7433134221371,154.29573198432743,1356000.0
2024-09-13,156.2196502685547,157.96262209267002,154.876702620497,156.9149293460034,2512400.0
2024-09-16,157.0577850341797,158.86743476442308,156.48632817183017,158.01022767121685,1794000.0
2024-09-17,156.53396606445312,158.40074564779297,156.12440813967228,157.07685085492147,1288100.0
2024-09-18,156.53396606445312,158.64839005495614,155.72438394324232,157.07685085492147,1786900.0
2024-09-19,159.11508178710938,159.45796175476536,156.52443637218042,158.64839414580183,1599300.0
2024-09-20,158.6293487548828,159.66750790262574,157.66737224079426,158.5055265422282,6736200.0
2024-09-23,160.15322875976562,160.296103879793,158.1054828374688,158.1054828374688,2274400.0
2024-09-24,162.02001953125,162.743870712247,159.29603297498667,159.90559568875292,1546700.0
2024-09-25,161.0580596923828,162.5629063067191,160.10561703195032,162.13431001614882,1349400.0
2024-09-26,158.49600219726562,161.33427753520084,157.99120870024396,161.33427753520084,1085300.0
2024-09-27,159.7341766357422,160.70565775645045,158.49599818017293,159.4674793008812,1397200.0
2024-09-30,160.98187255859375,161.03901679647814,158.22931367988946,159.13413135701157,1599400.0
2024-10-01,161.48666381835938,161.6866686482064,158.41027794516884,160.9628174230799,1327100.0
2024-10-02,160.52467346191406,161.66761623726453,159.5341395274809,160.49610134584242,1321400.0
2024-10-03,160.34373474121094,160.44850401978604,158.72457052084596,160.20085961599634,1126700.0
2024-10-04,161.51522827148438,161.65808885745216,159.12460242318616,160.3437278671835,1211100.0
2024-10-07,159.53414916992188,160.66755828633904,158.7721921180083,160.47707265664113,1069300.0
2024-10-08,159.27699279785156,160.94376756623925,158.5055165160689,160.3151664130491,1087400.0
2024-10-09,161.18186950683594,161.4104609803143,158.24834432957869,158.8769599818028,805300.0
2024-10-10,159.84844970703125,161.1723443927543,159.12459853395032,160.21038256013236,741900.0
2024-10-11,162.65817260742188,163.35345174960162,160.81996506536663,160.9056814254046,1135400.0
2024-10-14,163.51536560058594,164.08683706822643,161.43904736553012,162.21052367365863,888800.0
2024-10-15,166.3250732421875,168.296622072667,163.82014429223617,163.82014429223617,1374000.0
2024-10-16,166.70603942871094,167.4298906262531,165.77264968104203,166.40126533142228,1264000.0
2024-10-17,166.0583953857422,166.77272743150857,164.65830341339026,166.1345780148093,1070800.0
2024-10-18,168.50616455078125,168.65855887417698,165.09641786369536,166.53461567441838,1060400.0
2024-10-21,165.925048828125,168.38233820003916,165.3916687093742,167.89659765593933,1032000.0
2024-10-22,166.5346221923828,167.18227629247917,165.29644369929622,166.08697293308902,928100.0
2024-10-23,165.55360412597656,166.96321531261125,164.2868535371646,165.28690678816938,908900.0
2024-10-24,165.153564453125,166.9155893263095,164.45828532577625,165.5821753104183,1047200.0
2024-10-25,162.41055297851562,165.78219415102242,161.8581344015161,165.48693920349874,954900.0
2024-10-28,164.3154296875,165.65836293934524,163.34393399910545,163.41061196847363,1101500.0
2024-10-29,163.8011016845703,164.5630587986788,162.86771184967705,163.83920753349346,857700.0
2024-10-30,163.89634704589844,165.32501114371854,163.43917860387035,164.03920764243136,929400.0
2024-10-31,161.07711791992188,163.5058499097705,160.99140155787535,162.33434936243117,1794900.0
2024-11-01,159.72463989257812,163.22963662989162,158.10549018883503,159.16270218045875,1433600.0
2024-11-04,163.9725341796875,163.9725341796875,159.73416718866878,160.56278766412584,1215900.0
2024-11-05,166.09649658203125,166.09649658203125,162.8010381535948,162.8677161243988,894600.0
2024-11-06,165.3535919189453,170.21105591906104,163.22964858494305,167.91566532712164,1967000.0
2024-11-07,167.3917999267578,168.54426195667355,165.5345396194011,165.8202753281764,1278200.0
2024-11-08,170.50628662109375,170.9253637107927,167.8870693435968,167.8870693435968,972000.0
2024-11-11,172.71595764160156,173.21123192035728,170.01102383161378,170.33485086524843,1491200.0
2024-11-12,169.7443389892578,174.14461960831937,169.68719475261372,172.57309496811803,1516500.0
2024-11-13,170.649169921875,172.5731083929189,170.0110350078372,170.84918929881144,1197200.0
2024-11-14,169.83006286621094,172.19211679522573,169.4205194633743,170.68727005320574,1187600.0
2024-11-15,171.69683837890625,172.24925685278367,168.10612556526377,169.51573659987983,1127500.0
2024-11-18,172.249267578125,172.6492917669192,170.7253534495662,170.7253534495662,1125600.0
2024-11-19,172.59214782714844,173.08740756662772,170.6015315416793,171.23014721077482,1160400.0
2024-11-20,172.306396484375,172.6969014433789,170.83010752864098,171.8682664881305,1139300.0
2024-11-21,173.15408325195312,174.068420092126,171.71588549464144,172.3635540784591,883800.0
2024-11-22,172.5254669189453,175.21136225937275,172.05876477261745,174.37320804821152,1836500.0
2024-11-25,171.54446411132812,174.20177298658194,171.50637279594056,173.47792172923408,4564900.0
2024-11-26,174.73513793945312,175.19230634996504,171.43016072501698,172.00161760487646,1358500.0
2024-11-27,175.01133728027344,177.15433324697065,174.48749091512315,174.5446351489356,903000.0
2024-11-29,174.86849975585938,177.15435660852648,174.86849975585938,175.9352310160209,1291400.0
2024-12-02,172.74452209472656,174.45892180424875,172.15401229099405,174.44940260948985,1687800.0
2024-12-03,172.03973388671875,174.13510497289425,170.8872717961048,174.0303356919293,1651400.0
2024-12-04,172.8778839111328,172.97313400246225,170.76345977510633,172.6778790657139,1128400.0
2024-12-05,173.23028564453125,174.10653119830462,171.79208784376812,172.04925144607716,1209300.0
2024-12-06,175.09707641601562,175.23041782330336,173.4588736789814,174.29702797228916,1419400.0
2024-12-09,175.45355224609375,176.15686531562278,173.7000694660276,175.0103596057415,1638400.0
2024-12-10,172.67881774902344,174.75024021140285,171.65756500340004,174.75024021140285,1925500.0
2024-12-11,170.17384338378906,173.28577664469353,169.60539782939642,172.67879963458765,1777000.0
2024-12-12,170.7230224609375,173.27616907678978,170.0775139145742,170.17386461745664,1509100.0
2024-12-13,173.03529357910156,173.2472533481351,169.7788341285425,171.17583100549848,1462400.0
2024-12-16,175.28012084960938,176.09905768545391,172.2838111139527,172.7944374747796,1499700.0
2024-12-17,173.38214111328125,175.9449021018239,173.16053744690353,173.7771436946732,1681100.0
2024-12-18,165.24098205566406,174.6346012419705,165.13500217423802,172.92930865136745,1852100.0
2024-12-19,163.07322692871094,167.8712092519832,162.83236489364492,166.28151099991638,2057400.0
2024-12-20,165.3373565673828,167.77487949028884,164.10414397006488,164.80745708391328,4887000.0
2024-12-23,165.11575317382812,165.47222429475514,163.36227043629555,164.74963816246364,1388500.0
2024-12-24,167.0137481689453,167.1100841664785,164.2775441602676,164.6436591736303,441700.0
2024-12-26,167.44729614257812,168.02535622828393,165.81906637089304,166.32006353934673,469900.0
2024-12-27,165.72271728515625,167.91937797452627,165.0579503852846,166.0503008414012,734400.0
2024-12-30,164.6243896484375,165.2506398006623,162.35065130261142,163.85364284731915,852000.0
2024-12-31,165.9154052734375,166.26224718062358,164.2679025390408,165.97320980779327,1376100.0
2025-01-02,167.18716430664062,167.87121899439006,165.30844326430457,166.19481384066177,1154500.0
2025-01-03,169.6343231201172,169.8077367309118,167.27386338769685,167.6881537374598,896900.0
2025-01-06,168.03500366210938,169.4705320677779,167.57253794252966,168.75758981026826,2050700.0
2025-01-07,167.80377197265625,170.2412947533617,166.83069457872796,168.42037823534355,2317800.0
2025-01-08,168.30474853515625,168.59378590123455,166.45492997372662,167.46655340447515,1319700.0
2025-01-10,164.7111053466797,168.44927424355018,163.88253933377055,166.05992690208876,2010300.0
2025-01-13,166.4838409423828,166.75360524454294,163.6320279896235,164.4027894391032,1257000.0
2025-01-14,167.22569274902344,168.32402298825264,166.38748291044368,167.29312647106363,1067900.0
2025-01-15,165.47222900390625,170.4725275338347,164.6243898802189,170.15458786245193,1204400.0
2025-01-16,166.3971405029297,166.83068924076628,164.49914642517277,165.7323589110891,1195800.0
2025-01-17,167.77487182617188,169.29712177230385,166.23334879941584,167.1486363658946,1302400.0
2025-01-21,169.52835083007812,170.0967817367729,167.63998589975557,167.63998589975557,1078300.0
2025-01-22,166.58018493652344,169.05625382298558,166.29116224250672,169.05625382298558,1517100.0
2025-01-23,168.4685516357422,168.60343379473588,165.9443220741236,166.97520399620683,902100.0
2025-01-24,167.88084411621094,170.00042715623383,167.60145061455233,167.96755092351336,1050700.0
2025-01-27,170.2412872314453,170.44361781386445,167.91937363350578,168.2373132909917,1186100.0
2025-01-28,169.20074462890625,170.92532489945452,168.94062423587002,169.470508911274,786600.0
2025-01-29,167.2835235595703,170.6844946898788,166.43568439924857,169.56689119691896,689200.0
2025-01-30,169.36456298828125,170.77120391494415,168.10244812110668,168.7190544188505,1093600.0
2025-01-31,167.50509643554688,170.63630293217858,166.80178340029033,169.4416219303157,1504200.0
2025-02-03,167.07154846191406,167.71705696308712,164.35461760220892,165.81906291739153,1306100.0
2025-02-04,167.0137481689453,167.3124147530875,165.11575407501633,165.11575407501633,1041100.0
2025-02-05,172.56320190429688,173.9505696179493,169.5379752457696,172.03330247185292,1998200.0
2025-02-06,173.58447265625,174.82732915437987,171.29146107440542,174.72134925687308,1382900.0
2025-02-07,173.3628692626953,174.28777129038207,172.73661912000168,173.9120270851869,1082100.0
2025-02-10,173.960205078125,174.3166762086862,172.21636618389985,174.16253566909802,1492000.0
2025-02-11,177.6405792236328,177.8043636492683,173.19908254852078,173.74824036376305,2155800.0
2025-02-12,177.15884399414062,177.68872869626105,174.33593337417983,174.33593337417983,1395300.0
2025-02-13,179.41331481933594,180.26115389165705,176.95651910826157,177.82363125978594,1355200.0
2025-02-14,178.2860870361328,181.26313835714475,178.2282824980242,180.02992587398668,998000.0
2025-02-18,179.23988342285156,180.16480009501063,178.17045541178564,178.62327720842944,1135200.0
2025-02-19,179.13389587402344,179.7601459516048,177.54421240987674,178.7196202528529,783100.0
2025-02-20,179.8854217529297,180.63691018062607,178.65219451919268,178.65219451919268,940600.0
2025-02-21,177.081787109375,180.6465426100017,175.13561757402832,180.36714909256168,1367600.0
2025-02-24,177.90069580078125,179.37477030069078,177.1492074165549,177.6791068415997,1657000.0
2025-02-25,177.081787109375,179.44223232593504,176.36883012882834,178.04523533662834,1356700.0
2025-02-26,177.50570678710938,179.29772107890855,176.49408320768103,177.92961165846822,1078300.0
2025-02-27,175.9063720703125,179.29771381108844,175.84856753115454,178.27644638210472,954100.0
2025-02-28,179.28807067871094,179.4325967282697,175.64623768583218,176.96615700569618,2573100.0
2025-03-03,180.91629028320312,183.19002847825297,179.24952911978434,180.4441954029288,2047200.0
2025-03-04,176.8698272705078,180.9837553159467,176.05089039716557,180.67544482681208,2894800.0
2025-03-05,176.67713928222656,177.62131442150115,174.21071419127475,175.41502446623585,1772800.0
2025-03-06,168.1602325439453,174.99109105602508,167.94828747728528,174.5478984414312,1949500.0
2025-03-07,164.84597778320312,169.1718503958247,163.44896626047392,167.94828187879023,1898700.0
2025-03-10,161.2271728515625,165.28492381494348,160.0371740884946,164.11442273651056,2140500.0
2025-03-11,159.461669921875,161.8904712702451,156.3500774967731,161.5295706047717,2565500.0
2025-03-12,161.75390625,163.27555912376695,159.96888579924152,160.41758556434826,2003000.0
2025-03-13,155.5599822998047,163.42186536439525,154.3309584194924,161.90997622407284,1832900.0
2025-03-14,157.24746704101562,157.25721588301565,154.8089170054692,156.94507433427614,1887500.0
2025-03-17,162.7585906982422,163.67548792979295,157.62788657573483,158.26190365692435,2279300.0
2025-03-18,160.7492218017578,163.95834710931476,160.51511563950154,162.46595567378566,1340200.0
2025-03-19,160.7492218017578,161.92947168761188,158.85690458710567,160.7492218017578,1674500.0
2025-03-20,160.40782165527344,161.43201566797913,158.2131265782163,160.58340500097685,1445800.0
2025-03-21,158.11558532714844,159.8810931164264,155.97941318123435,159.2860863309605,3094000.0
2025-03-24,162.03677368164062,162.3391515152559,157.71567001130575,158.50575786913373,1300500.0
2025-03-25,161.6856231689453,164.5533605157717,160.21274424212208,162.20259460806938,1661800.0
2025-03-26,164.30950927734375,164.4070572387037,162.1050652576635,162.1050652576635,1630100.0
2025-03-27,161.77342224121094,165.39222231408542,161.3930090147198,164.31926918272197,1665700.0
2025-03-28,160.24200439453125,163.2560487726333,159.100764723708,162.78785131674582,1309300.0
2025-03-31,161.9977569580078,162.6805479878877,159.55920693434513,159.6469911631022,2409200.0
2025-04-01,162.378173828125,163.38285526983225,159.65674360545893,162.54399344742606,1483200.0
2025-04-02,166.22132873535156,166.66026476643094,161.50029942328368,161.74415442763092,1417900.0
2025-04-03,149.41482543945312,160.94429675088784,148.1467913720344,159.71527293384125,3770000.0
2025-04-04,142.46011352539062,147.00557492122212,139.24122410694295,144.24513415638188,3680100.0
2025-04-07,139.8166961669922,146.82996819485183,134.7152538461185,136.5587970104099,3557400.0
2025-04-08,136.91970825195312,146.31300813715148,135.1249389242323,144.85962689818004,2703600.0
2025-04-09,149.41482543945312,150.44878312091134,132.98875654315412,135.78822200757412,4323400.0
2025-04-10,144.05979919433594,148.26385750942347,139.58262443769257,146.31301727903633,2325500.0
2025-04-11,144.5572509765625,145.35710257582474,138.8022785338023,143.16240742471174,1713000.0
2025-04-14,146.1862030029297,148.1565557370434,145.03521444975834,147.26891988986458,1406900.0
2025-04-15,145.698486328125,148.0102419393562,145.19127862459789,145.9228436531725,1203500.0
2025-04-16,144.41094970703125,147.51277850071543,143.23068482962793,145.58145085778511,1435900.0
2025-04-17,146.7031707763672,148.33213537098257,145.17176902477672,145.42537288172582,1267300.0
2025-04-21,143.5818328857422,145.0742244183428,142.2552609807939,144.6548009278802,1701000.0
2025-04-22,147.0055694580078,148.4394233084474,144.36217444467314,145.66923380336092,1495900.0
2025-04-23,149.51239013671875,154.40900315374304,149.092966642399,149.22952485958794,1862300.0
2025-04-24,152.36061096191406,153.43357898539622,148.10777888914777,148.88811791679578,1696800.0
2025-04-25,152.80931091308594,153.89202778028817,151.71683031964983,152.48742050567674,1421800.0
2025-04-28,154.61383056640625,155.1113043297162,152.34110000801508,153.05316737829614,1551700.0
2025-04-29,152.94586181640625,154.5748114606027,151.48273178924111,153.31651130235284,1284300.0
2025-04-30,153.51161193847656,154.0188196472227,149.3953381446433,151.65830491678042,2279600.0
2025-05-01,154.9649658203125,156.8963080765633,153.1409352398032,154.34069763506622,1365700.0
2025-05-02,157.793701171875,158.43746707494705,155.83309740150364,157.1596692271552,1321300.0
2025-05-05,156.90606689453125,158.23263873299172,156.36958290035082,156.71098586493704,991100.0
2025-05-06,156.2330322265625,157.40353334431083,154.36022746141933,155.85261899120107,1139400.0
2025-05-07,157.50106811523438,159.51043092777203,156.6231960713757,156.92557388906638,1629300.0
2025-05-08,159.0032196044922,160.32979148963452,156.4086135405014,157.92050273585596,1387000.0
2025-05-09,159.17880249023438,161.03209465676724,158.5057602652499,159.33487327243665,1612100.0
2025-05-12,167.22601318359375,167.90880423135536,165.14836374622828,165.23614797728436,2804900.0
2025-05-13,156.9255828857422,163.8705689001456,156.53540593431404,163.62671388690134,3838100.0
2025-05-14,157.2181854248047,157.93025272736094,154.32120177368537,156.89630992869078,2179200.0
2025-05-15,159.02272033691406,159.43239494810402,156.98409612275648,157.3840218921543,1279200.0
2025-05-16,161.0613555908203,161.37349715430017,158.55453377543697,159.50069242460793,1352600.0
2025-05-19,160.44683837890625,160.94429721214726,158.37893789379106,158.78861250064736,1591400.0
2025-05-20,158.93495178222656,159.60799402545322,157.8912451421552,159.44217439626726,1661800.0
2025-05-21,154.23341369628906,158.01804825683865,154.07735779976804,157.50107682052385,2158200.0
2025-05-22,154.0675811767578,155.169810504878,152.1265049634041,154.09684258513911,1903800.0
2025-05-23,152.91659545898438,154.11635787499785,152.21429187796969,152.39962405681075,1268500.0
2025-05-27,156.2720489501953,156.90606601374958,153.3750502816116,154.66259697668858,1929600.0
2025-05-28,157.24746704101562,157.26696472501567,154.9552240541107,156.27204702679705,1488400.0
2025-05-29,159.21780395507812,160.5931497403246,157.25721509447206,157.73517625718466,1337300.0
2025-05-30,159.061767578125,159.27634631347058,157.0426407669312,158.12535770545614,3546200.0
2025-06-02,158.9056854248047,158.92518310970488,155.6282734303695,158.1448589692866,1156200.0
2025-06-03,157.80345153808594,159.6957687809848,157.31574152223484,158.4277197630262,1651900.0
2025-06-04,157.6473846435547,158.45698507585428,156.44762214245645,157.54985156821948,994700.0
2025-06-05,156.79876708984375,157.9692681286988,156.47687669950616,157.64737773836123,1065900.0
2025-06-06,158.11558532714844,158.75935120482202,156.6719530348434,158.19360582817183,1303800.0
2025-06-09,158.5306396484375,159.81533181707252,157.52264855254512,157.8092415001498,1139000.0
2025-06-10,158.99510192871094,159.22238885942116,157.38429458536936,158.11558459257782,1328400.0
2025-06-11,157.81912231445312,159.99320868953666,157.14713828613262,159.5188661354823,1486300.0
2025-06-12,156.91983032226562,157.49300113128317,156.08972711434117,157.44360207389607,1565000.0
2025-06-13,155.05209350585938,156.23797248719023,153.60929719982587,155.6252643257486,2090700.0
2025-06-16,156.00079345703125,157.8388877806314,155.38810037552372,156.307139997785,1753200.0
2025-06-17,155.27938842773438,156.64312506743468,154.58762069387075,155.91185015197888,1388000.0
2025-06-18,155.249755859375,156.70244409464323,154.40976072937593,155.2794013271088,1476100.0
2025-06-20,155.41773986816406,156.99888664848942,154.8050317311302,155.9711419952318,2806500.0
2025-06-23,157.2064208984375,157.6807634273815,154.08363450147888,155.73396409680822,1340500.0
2025-06-24,158.2341766357422,159.01488082917805,156.9099621485643,157.71041993440946,1559200.0
2025-06-25,155.54620361328125,158.09581927844954,155.20033481208915,157.70053634020783,1380400.0
2025-06-26,158.70852661132812,158.8567539426296,155.73396747787368,156.08972815207468,1788200.0
2025-06-27,158.6096954345703,160.1809654339156,157.611596237562,158.93581063654187,2029000.0
2025-06-30,158.86663818359375,159.034634193301,156.13914960628128,158.45158655742085,2060200.0
2025-07-01,162.33529663085938,163.8176302195431,158.11558279293143,158.45157478738793,1772300.0
2025-07-02,163.8867950439453,164.37102943614204,161.23836631701653,162.45387561607254,1589400.0
2025-07-03,164.77621459960938,165.8336047662443,163.73857802478162,164.22279736837757,925300.0
2025-07-07,163.09622192382812,165.9225386544613,162.29576417450474,164.0152766175873,1277600.0
2025-07-08,161.5249481201172,163.5804525197731,161.23837025916674,162.33529772535144,1790400.0
2025-07-09,161.01107788085938,162.7997731966746,161.00120108474522,162.68117624791438,1427100.0
2025-07-10,161.5249481201172,162.71081198324407,160.84307225207303,161.07037426080583,1061500.0
2025-07-11,159.844970703125,160.50707789129322,159.06428165411378,160.09202629926585,1112300.0
2025-07-14,160.5169677734375,160.64544151920967,158.80734713090098,159.42993210923916,1434000.0
2025-07-15,158.04640197753906,161.02096106689447,157.45347758204602,161.02096106689447,1532200.0
2025-07-16,159.56826782226562,160.0030880791677,157.47324121618485,158.84686971190175,1438900.0
2025-07-17,160.8134307861328,161.25812786098115,159.44969409520314,159.78568610028165,1054200.0
2025-07-18,160.94190979003906,161.88071810743932,160.14145201331803,160.9814320534854,950800.0
2025-07-21,161.831298828125,162.9381181974777,160.49720760232773,161.16919161311554,1502800.0
2025-07-22,163.6199951171875,163.9065729873458,161.49530784336935,161.79177758844602,1654000.0
2025-07-23,163.78799438476562,164.8058623025192,163.16540941560606,164.4006874788097,1040600.0
2025-07-24,163.01718139648438,164.94421215119073,162.85906218607823,163.40258754742564,1339300.0
2025-07-25,165.141845703125,165.2505507701801,162.33529770889132,163.5804525031867,1374700.0
2025-07-28,163.33340454101562,165.54702824679515,163.15553173883188,164.81573820885816,1090200.0
2025-07-29,166.10043334960938,166.17949295611928,164.14375709549327,164.91456941011714,1125600.0
2025-07-30,163.51129150390625,166.73289122878836,162.4044721176941,166.3672537514124,1085200.0
2025-07-31,161.86094665527344,164.04492488034208,161.50518597405656,162.31553561202523,1739400.0
2025-08-01,158.78756713867188,161.4261342020461,157.81911341403045,161.03083619672924,2149800.0
2025-08-04,162.00918579101562,163.274109281068,158.60969825684575,159.41015600362047,1847300.0
2025-08-05,167.31593322753906,167.5629888291577,158.10570824031723,158.10570824031723,2645200.0
2025-08-06,165.55690002441406,169.5493270264016,165.32961309104286,167.99781059646537,1844700.0
2025-08-07,164.39080810546875,166.9008864557515,163.15553006163168,166.80205818061347,1399500.0
2025-08-08,162.98751831054688,165.24067932602907,162.86893644412905,164.38091555726692,1109100.0
2025-08-11,163.25433349609375,163.66938508451616,161.36682513899336,162.5724576440152,1190800.0
2025-08-12,167.2270050048828,167.42464648002402,163.42234252233305,164.07457296146922,1242600.0
2025-08-13,170.5572967529297,170.8438896870896,167.11828709654844,167.29615988679103,1660300.0
2025-08-14,170.16201782226562,170.49800981998533,168.48204275458988,169.43072781627816,1889000.0
2025-08-15,171.2391815185547,171.3577633848876,169.20344572475943,170.4090782960692,1581600.0
2025-08-18,170.5276641845703,172.0594120035019,170.27073177509635,171.34789063056695,1187900.0
2025-08-19,172.82034301757812,174.06549784827226,170.06319399943578,170.557305213389,1907500.0
2025-08-20,172.0791778564453,173.433037770431,171.42694742875736,173.0871538856965,1017400.0
2025-08-21,171.3874053955078,172.13846407801162,170.41895165546993,171.13047299727495,810700.0
2025-08-22,174.4805450439453,175.80475944485715,172.02975770688687,172.89939824674644,1313800.0
2025-08-25,174.3323211669922,175.35018905581055,173.86785542210487,174.50031716932287,1408400.0
2025-08-26,174.74737548828125,175.70595245928783,173.92714905540564,174.29278653209224,2020200.0
2025-08-27,176.07159423828125,176.51629133034854,174.32243625846664,174.53984640642452,1754600.0
2025-08-28,177.24757385253906,177.42544665018005,174.99442794128845,176.89181317817963,1438700.0
2025-08-29,178.5322723388672,178.8484956833459,177.30687106620195,177.88004189958997,1716900.0
2025-09-02,176.76333618164062,177.10922005389557,174.92524191116095,175.37983085077514,2825700.0
2025-09-03,177.74168395996094,178.1270900982031,175.74547046182275,176.5558200791448,1590500.0
2025-09-04,179.38214111328125,179.7774240567298,177.5835690387116,178.69038842270743,2103600.0
2025-09-05,180.10353088378906,182.6037323284148,178.68048822711668,180.6470562150288,1829500.0
2025-09-08,180.40000915527344,180.7755234281124,177.9887439927975,179.6291968596069,2369300.0
2025-09-09,179.38999938964844,180.3800048828125,178.14999389648438,179.4499969482422,1889400.0
2025-09-10,179.22999572753906,179.8699951171875,177.99000549316406,178.91000366210938,2223300.0
2025-09-11,183.8999938964844,184.16000366210935,179.66000366210938,179.99000549316406,1786300.0
2025-09-12,182.47000122070312,184.5,182.1000061035156,183.8999938964844,1547300.0
2025-09-15,183.75999450683597,184.2400054931641,181.25,182.2100067138672,1570800.0
2025-09-16,181.5200042724609,184.07000732421875,181.25,183.27999877929688,1348600.0
2025-09-17,181.55999755859372,184.1499938964844,180.6699981689453,181.5399932861328,1706300.0
2025-09-18,180.08999633789062,182.83999633789065,178.67999267578125,182.0,1898600.0
2025-09-19,180.72000122070312,182.30999755859372,180.0399932861328,180.3600006103516,7083300.0
2025-09-22,181.13999938964844,181.42999267578125,178.38999938964844,179.74000549316406,1401800.0
2025-09-23,184.1300048828125,184.6699981689453,180.6199951171875,180.72000122070312,1386200.0
2025-09-24,183.1300048828125,184.67999267578125,182.47999572753903,184.07000732421875,1531200.0
2025-09-25,182.6100006103516,183.77999877929688,182.47999572753903,183.08999633789065,1303600.0
2025-09-26,185.38999938964844,185.8800048828125,182.22000122070312,182.82000732421875,1368100.0
2025-09-29,185.8500061035156,186.33999633789065,184.82000732421875,185.47000122070312,1282600.0
2025-09-30,187.6699981689453,188.13999938964844,185.3000030517578,186.1699981689453,1812200.0
2025-10-01,185.75999450683597,188.42999267578125,184.3999938964844,187.66000366210935,1836400.0
2025-10-02,185.00999450683597,185.7899932861328,183.8800048828125,185.75999450683597,1494100.0
2025-10-03,185.22999572753903,187.25,184.69000244140625,185.19000244140625,1146500.0
2025-10-06,179.1699981689453,185.25,179.14999389648438,184.44000244140625,1568000.0
2025-10-07,178.9199981689453,179.72000122070312,177.3300018310547,179.24000549316406,1601000.0
2025-10-08,178.22999572753906,178.36000061035156,176.94000244140625,177.8300018310547,1318500.0
2025-10-09,178.83999633789062,179.2899932861328,177.47999572753906,178.72000122070312,923300.0
2025-10-10,175.3000030517578,180.25,175.2899932861328,179.61000061035156,1621100.0
2025-10-13,177.43499755859375,177.6750030517578,175.5500030517578,176.47999572753906,366290.0
