Date,Close_VRTX,High_VRTX,Low_VRTX,Open_VRTX,Volume_VRTX
2023-10-16,374.0,374.4500122070313,371.0499877929688,372.1199951171875,1767600.0
2023-10-17,373.5,375.9299926757813,372.5799865722656,373.25,1674500.0
2023-10-18,367.5499877929688,375.6499938964844,366.6799926757813,372.4299926757813,1516600.0
2023-10-19,364.7999877929688,369.6700134277344,361.7200012207031,367.5499877929688,1514700.0
2023-10-20,361.8599853515625,367.4800109863281,361.5899963378906,365.7200012207031,1389400.0
2023-10-23,367.6600036621094,368.1499938964844,360.4700012207031,363.25,1566000.0
2023-10-24,369.3800048828125,371.0199890136719,364.5799865722656,365.9299926757813,997300.0
2023-10-25,363.0400085449219,370.0,360.9100036621094,369.2099914550781,958000.0
2023-10-26,361.2799987792969,365.6600036621094,360.0199890136719,362.0299987792969,942100.0
2023-10-27,355.2799987792969,362.30999755859375,353.760009765625,360.6099853515625,910700.0
2023-10-30,357.45001220703125,358.9700012207031,355.5799865722656,357.1499938964844,872400.0
2023-10-31,362.1099853515625,363.1000061035156,353.1300048828125,355.9200134277344,987700.0
2023-11-01,369.3299865722656,370.7099914550781,363.2200012207031,364.9500122070313,1003500.0
2023-11-02,376.5499877929688,376.8399963378906,367.7300109863281,370.2300109863281,1138000.0
2023-11-03,376.2000122070313,381.0,375.8500061035156,379.6400146484375,1456800.0
2023-11-06,385.760009765625,387.4200134277344,379.2699890136719,379.2699890136719,1999000.0
2023-11-07,378.25,385.4800109863281,370.1799926757813,377.3800048828125,1930400.0
2023-11-08,376.9599914550781,380.7799987792969,371.7699890136719,380.7799987792969,1276400.0
2023-11-09,368.5700073242188,377.739990234375,367.0199890136719,377.3299865722656,1207100.0
2023-11-10,373.6499938964844,375.8800048828125,369.5700073242188,372.7900085449219,1315800.0
2023-11-13,378.9200134277344,379.0899963378906,371.75,373.1600036621094,957400.0
2023-11-14,369.9500122070313,381.5899963378906,369.3299865722656,380.8200073242188,1578100.0
2023-11-15,349.3399963378906,370.0700073242188,348.5400085449219,369.9200134277344,3234900.0
2023-11-16,343.0,352.0599975585937,341.8999938964844,350.7200012207031,3094500.0
2023-11-17,350.5,351.6199951171875,342.6400146484375,346.260009765625,2035200.0
2023-11-20,356.8399963378906,357.4100036621094,349.32000732421875,349.760009765625,1520500.0
2023-11-21,354.7799987792969,358.2099914550781,351.32000732421875,357.8999938964844,1227000.0
2023-11-22,353.2300109863281,358.5,350.0299987792969,357.0599975585937,913500.0
2023-11-24,353.0400085449219,355.4100036621094,350.44000244140625,354.95001220703125,658700.0
2023-11-27,350.19000244140625,354.45001220703125,349.1600036621094,353.95001220703125,1308600.0
2023-11-28,347.0400085449219,353.0299987792969,346.2900085449219,350.32000732421875,1154100.0
2023-11-29,351.0,353.6000061035156,346.67999267578125,347.5,1497200.0
2023-11-30,354.8099975585937,355.3699951171875,350.19000244140625,352.7900085449219,1637000.0
2023-12-01,351.1600036621094,356.7099914550781,350.2300109863281,355.1099853515625,1135000.0
2023-12-04,350.6300048828125,352.8999938964844,347.510009765625,349.0,1469500.0
2023-12-05,354.1499938964844,355.1600036621094,349.6300048828125,350.0599975585937,1113200.0
2023-12-06,353.4599914550781,356.3299865722656,351.1099853515625,355.2799987792969,1137600.0
2023-12-07,353.95001220703125,355.19000244140625,349.2900085449219,353.4599914550781,865300.0
2023-12-08,350.1499938964844,354.3500061035156,348.4599914550781,354.0,1394600.0
2023-12-11,356.2900085449219,357.5199890136719,351.44000244140625,352.5799865722656,1255600.0
2023-12-12,357.7300109863281,361.7999877929688,355.6600036621094,360.0,972400.0
2023-12-13,405.0700073242188,406.0,372.7999877929688,373.5,6222500.0
2023-12-14,406.6000061035156,406.8599853515625,396.1499938964844,404.1000061035156,3124900.0
2023-12-15,410.6799926757813,411.6000061035156,400.510009765625,408.1600036621094,4074700.0
2023-12-18,404.6499938964844,413.0,400.2300109863281,411.739990234375,1867300.0
2023-12-19,403.1400146484375,403.75,395.010009765625,399.7000122070313,1595900.0
2023-12-20,400.25,405.989990234375,400.0799865722656,404.0,909500.0
2023-12-21,400.6300048828125,404.2999877929688,398.2200012207031,404.1099853515625,819100.0
2023-12-22,405.25,406.9100036621094,402.3500061035156,403.5899963378906,804200.0
2023-12-26,407.6600036621094,408.5199890136719,404.4800109863281,406.9700012207031,531600.0
2023-12-27,408.0499877929688,409.0,405.5899963378906,408.6499938964844,594000.0
2023-12-28,409.2699890136719,412.5700073242188,409.0,411.260009765625,735600.0
2023-12-29,406.8900146484375,409.6199951171875,406.0700073242188,409.0,727400.0
2024-01-02,410.9100036621094,412.260009765625,403.4299926757813,405.0,1269400.0
2024-01-03,410.7099914550781,414.4299926757813,408.05999755859375,412.4299926757813,1026500.0
2024-01-04,416.1499938964844,418.7099914550781,411.1099853515625,411.1099853515625,1547200.0
2024-01-05,416.5,418.5199890136719,414.4200134277344,415.010009765625,1000200.0
2024-01-08,419.1199951171875,419.2799987792969,412.8500061035156,416.0700073242188,1142200.0
2024-01-09,421.010009765625,422.0,415.6400146484375,418.6900024414063,1106100.0
2024-01-10,423.760009765625,424.5499877929688,418.5299987792969,419.8900146484375,1192400.0
2024-01-11,430.0799865722656,431.1000061035156,422.5799865722656,422.7200012207031,1593100.0
2024-01-12,433.3999938964844,434.8500061035156,431.1400146484375,432.489990234375,1183600.0
2024-01-16,437.489990234375,438.0299987792969,430.4599914550781,431.7799987792969,1787000.0
2024-01-17,433.760009765625,439.7699890136719,432.1799926757813,437.5,1407700.0
2024-01-18,432.9800109863281,434.8800048828125,425.4100036621094,431.5899963378906,1339100.0
2024-01-19,435.0199890136719,435.1900024414063,429.6799926757813,433.5199890136719,2586400.0
2024-01-22,440.1099853515625,443.8200073242188,437.6400146484375,437.6400146484375,1411400.0
2024-01-23,439.7000122070313,441.5700073242188,436.30999755859375,440.010009765625,779800.0
2024-01-24,427.55999755859375,437.3900146484375,424.3399963378906,436.9299926757813,1670900.0
2024-01-25,429.9599914550781,431.3500061035156,427.05999755859375,428.05999755859375,1230600.0
2024-01-26,430.1700134277344,432.1900024414063,428.1400146484375,431.0299987792969,944500.0
2024-01-29,435.8200073242188,436.1099853515625,429.3500061035156,431.3299865722656,1004100.0
2024-01-30,446.0799865722656,448.3999938964844,429.6900024414063,430.0,3329900.0
2024-01-31,433.3800048828125,444.0700073242188,430.1199951171875,441.5700073242188,2755200.0
2024-02-01,433.8699951171875,435.9100036621094,431.0,434.0,1484600.0
2024-02-02,424.6799926757813,431.2900085449219,424.30999755859375,430.0,2181300.0
2024-02-05,428.8900146484375,430.9299926757813,421.8999938964844,424.989990234375,1920000.0
2024-02-06,416.1300048828125,430.989990234375,410.7999877929688,428.760009765625,4504000.0
2024-02-07,419.0799865722656,426.7200012207031,416.739990234375,416.739990234375,1989800.0
2024-02-08,423.05999755859375,424.4800109863281,417.1400146484375,420.2799987792969,1407400.0
2024-02-09,422.9100036621094,425.9599914550781,419.510009765625,425.9599914550781,1169500.0
2024-02-12,418.5299987792969,421.2999877929688,415.2799987792969,420.239990234375,1368200.0
2024-02-13,416.0400085449219,419.4200134277344,412.7699890136719,417.3599853515625,1163900.0
2024-02-14,417.8800048828125,420.4500122070313,414.260009765625,418.3800048828125,1133100.0
2024-02-15,426.2900085449219,427.4100036621094,418.6099853515625,419.1600036621094,1474000.0
2024-02-16,422.2000122070313,427.0400085449219,420.9700012207031,427.0400085449219,1190400.0
2024-02-20,420.6400146484375,425.0,416.1600036621094,420.7900085449219,1056500.0
2024-02-21,419.6300048828125,424.0,414.7999877929688,421.7699890136719,916700.0
2024-02-22,426.7799987792969,429.80999755859375,419.8500061035156,419.8500061035156,1091800.0
2024-02-23,430.1099853515625,434.5,429.0700073242188,430.0,749700.0
2024-02-26,433.4800109863281,434.260009765625,425.7000122070313,425.7000122070313,788000.0
2024-02-27,430.9200134277344,437.0,430.5199890136719,434.1300048828125,917400.0
2024-02-28,426.9700012207031,433.489990234375,425.7099914550781,429.6000061035156,786600.0
2024-02-29,420.739990234375,429.1799926757813,420.239990234375,429.1799926757813,1849200.0
2024-03-01,432.760009765625,433.6700134277344,422.9500122070313,423.2000122070313,1102200.0
2024-03-04,424.0299987792969,433.989990234375,422.1600036621094,432.7300109863281,1121500.0
2024-03-05,415.4400024414063,425.489990234375,414.0400085449219,424.8699951171875,1124100.0
2024-03-06,411.8500061035156,418.2200012207031,410.4599914550781,414.2300109863281,1222300.0
2024-03-07,410.5400085449219,418.3200073242188,410.2300109863281,415.1499938964844,923300.0
2024-03-08,413.5899963378906,416.25,410.9500122070313,412.3399963378906,814800.0
2024-03-11,414.4700012207031,416.7099914550781,409.5199890136719,414.0,1263500.0
2024-03-12,412.4500122070313,416.1099853515625,409.0199890136719,413.0,888800.0
2024-03-13,413.2000122070313,415.9200134277344,410.3900146484375,414.4599914550781,764500.0
2024-03-14,408.7699890136719,414.9800109863281,407.0799865722656,414.010009765625,1031200.0
2024-03-15,407.6900024414063,411.6400146484375,406.9700012207031,410.1000061035156,1905700.0
2024-03-18,411.3800048828125,415.5,409.25,410.489990234375,926300.0
2024-03-19,415.2000122070313,415.7000122070313,411.1000061035156,412.510009765625,859900.0
2024-03-20,412.1099853515625,414.510009765625,409.0199890136719,414.3299865722656,796300.0
2024-03-21,415.7099914550781,419.260009765625,414.0,415.6099853515625,895100.0
2024-03-22,415.6600036621094,417.75,412.1900024414063,417.75,821700.0
2024-03-25,416.0299987792969,418.2799987792969,414.9700012207031,415.6600036621094,732800.0
2024-03-26,418.4599914550781,419.5499877929688,414.8599853515625,417.3800048828125,952400.0
2024-03-27,417.3200073242188,420.4200134277344,412.6499938964844,420.2999877929688,905400.0
2024-03-28,418.010009765625,420.6700134277344,415.05999755859375,419.4800109863281,1092100.0
2024-04-01,420.4800109863281,421.4500122070313,414.739990234375,420.4299926757813,767600.0
2024-04-02,409.4200134277344,420.8699951171875,406.7300109863281,419.0,974700.0
2024-04-03,408.80999755859375,414.9599914550781,408.25,409.4500122070313,729000.0
2024-04-04,404.010009765625,412.6400146484375,403.1499938964844,412.6400146484375,957500.0
2024-04-05,406.6700134277344,409.9299926757813,400.8299865722656,404.2900085449219,695700.0
2024-04-08,404.2200012207031,404.6000061035156,399.0,403.4500122070313,751900.0
2024-04-09,404.4800109863281,406.4500122070313,399.2999877929688,406.0,726700.0
2024-04-10,397.5799865722656,401.0,394.80999755859375,399.8900146484375,1026700.0
2024-04-11,400.2300109863281,404.6900024414063,398.8500061035156,404.2999877929688,1060200.0
2024-04-12,396.5499877929688,400.1400146484375,393.760009765625,396.5700073242188,1200300.0
2024-04-15,397.3599853515625,402.489990234375,396.6900024414063,400.0,1373700.0
2024-04-16,394.1700134277344,398.489990234375,392.80999755859375,396.8800048828125,695400.0
2024-04-17,393.1000061035156,398.1099853515625,392.0299987792969,394.9400024414063,881000.0
2024-04-18,393.4800109863281,396.1400146484375,391.010009765625,394.1900024414063,949100.0
2024-04-19,394.2799987792969,396.9800109863281,391.25,394.7200012207031,1342000.0
2024-04-22,399.9200134277344,406.3399963378906,396.0,397.2999877929688,1393800.0
2024-04-23,404.9100036621094,406.8599853515625,403.4700012207031,404.0,1070300.0
2024-04-24,400.760009765625,406.8299865722656,399.2900085449219,404.5,806500.0
2024-04-25,397.7000122070313,403.8800048828125,393.0,402.4400024414063,787600.0
2024-04-26,397.4800109863281,399.6799926757813,393.489990234375,393.5199890136719,682500.0
2024-04-29,396.2000122070313,399.30999755859375,394.3500061035156,397.4800109863281,604500.0
2024-04-30,392.80999755859375,396.6900024414063,391.7000122070313,396.2000122070313,1727900.0
2024-05-01,402.1400146484375,406.9500122070313,392.4700012207031,392.80999755859375,1256300.0
2024-05-02,400.1600036621094,404.0700073242188,398.4599914550781,402.9500122070313,1051200.0
2024-05-03,401.0799865722656,405.6700134277344,397.5899963378906,401.5,1064000.0
2024-05-06,402.5,407.5899963378906,401.0199890136719,402.7699890136719,1463600.0
2024-05-07,410.239990234375,415.6700134277344,394.0299987792969,406.4200134277344,1614000.0
2024-05-08,418.8200073242188,425.6499938964844,412.1199951171875,413.3299865722656,1651700.0
2024-05-09,418.989990234375,421.1799926757813,416.0299987792969,419.0,676200.0
2024-05-10,422.7799987792969,423.3200073242188,417.5,420.6700134277344,1064500.0
2024-05-13,429.9299926757813,430.5199890136719,424.55999755859375,425.989990234375,939700.0
2024-05-14,428.5899963378906,429.9299926757813,422.4400024414063,429.0700073242188,935900.0
2024-05-15,437.489990234375,439.260009765625,428.6199951171875,430.9299926757813,1059200.0
2024-05-16,440.6400146484375,441.6600036621094,432.2200012207031,434.5899963378906,1216000.0
2024-05-17,445.2099914550781,446.1000061035156,440.3500061035156,442.0,1382400.0
2024-05-20,445.8699951171875,447.8500061035156,442.989990234375,444.7200012207031,742200.0
2024-05-21,442.0,446.3900146484375,437.4599914550781,446.0,1106700.0
2024-05-22,447.5299987792969,449.9100036621094,441.3999938964844,442.5400085449219,1084600.0
2024-05-23,450.7999877929688,453.7099914550781,446.6700134277344,449.5799865722656,1554700.0
2024-05-24,456.9500122070313,457.6600036621094,449.4200134277344,451.8999938964844,1050600.0
2024-05-28,446.8800048828125,454.7900085449219,445.2200012207031,454.7900085449219,1379600.0
2024-05-29,441.1300048828125,448.2099914550781,440.55999755859375,445.55999755859375,967300.0
2024-05-30,443.0499877929688,443.25,435.5700073242188,439.1099853515625,975400.0
2024-05-31,455.3399963378906,456.9100036621094,443.4700012207031,444.739990234375,2362600.0
2024-06-03,470.1799926757813,471.3900146484375,453.7300109863281,455.0,1971000.0
2024-06-04,474.9500122070313,477.30999755859375,467.3699951171875,472.5700073242188,1112200.0
2024-06-05,483.0400085449219,484.4500122070313,474.1600036621094,475.260009765625,1196600.0
2024-06-06,485.5299987792969,485.8500061035156,479.0199890136719,484.4100036621094,1263600.0
2024-06-07,483.0400085449219,486.4299926757813,480.1000061035156,484.4500122070313,944300.0
2024-06-10,483.2799987792969,485.3999938964844,478.510009765625,480.1799926757813,1253200.0
2024-06-11,481.5299987792969,483.2300109863281,478.3800048828125,481.8200073242188,881800.0
2024-06-12,475.7900085449219,481.7099914550781,473.510009765625,478.0,1245000.0
2024-06-13,479.0299987792969,481.3500061035156,472.6099853515625,473.5,808400.0
2024-06-14,480.7300109863281,483.5299987792969,477.7300109863281,477.7300109863281,641800.0
2024-06-17,473.6900024414063,479.1499938964844,473.1099853515625,479.1300048828125,1190200.0
2024-06-18,467.2799987792969,476.3699951171875,466.510009765625,473.3999938964844,1230800.0
2024-06-20,471.3800048828125,473.2799987792969,463.2300109863281,466.1799926757813,1409700.0
2024-06-21,468.7099914550781,472.55999755859375,464.3900146484375,464.3900146484375,2802000.0
2024-06-24,474.9500122070313,477.55999755859375,468.1199951171875,472.7200012207031,1188600.0
2024-06-25,473.8200073242188,483.9200134277344,471.30999755859375,478.2999877929688,1194400.0
2024-06-26,474.0,481.1400146484375,469.9500122070313,471.7200012207031,1272300.0
2024-06-27,472.510009765625,477.8399963378906,472.1099853515625,476.7699890136719,959600.0
2024-06-28,468.7200012207031,477.30999755859375,467.6700134277344,473.2099914550781,3234600.0
2024-07-01,471.25,478.9599914550781,467.8599853515625,467.9400024414063,950500.0
2024-07-02,473.7799987792969,477.9299926757813,467.4100036621094,469.760009765625,852500.0
2024-07-03,470.2799987792969,477.5199890136719,466.010009765625,477.5199890136719,708700.0
2024-07-05,474.5700073242188,476.5700073242188,471.760009765625,472.1400146484375,848800.0
2024-07-08,481.8900146484375,483.0,471.8200073242188,473.0,774600.0
2024-07-09,485.989990234375,487.9500122070313,480.4700012207031,485.0,753900.0
2024-07-10,491.6199951171875,491.760009765625,485.7699890136719,487.3399963378906,854900.0
2024-07-11,492.1300048828125,495.2300109863281,489.010009765625,491.3299865722656,888300.0
2024-07-12,488.739990234375,496.7099914550781,488.4500122070313,496.05999755859375,839700.0
2024-07-15,490.8500061035156,494.3900146484375,485.8599853515625,488.4500122070313,827600.0
2024-07-16,488.9800109863281,496.9299926757813,488.0899963378906,493.25,813000.0
2024-07-17,488.3699951171875,493.489990234375,478.7799987792969,489.9500122070313,1697300.0
2024-07-18,488.1199951171875,493.2799987792969,486.2000122070313,488.3699951171875,1473000.0
2024-07-19,491.5700073242188,495.7900085449219,489.0700073242188,490.7300109863281,1691800.0
2024-07-22,495.9100036621094,498.7699890136719,491.5199890136719,497.0,966200.0
2024-07-23,490.3200073242188,495.3500061035156,487.9800109863281,494.6900024414063,821300.0
2024-07-24,490.7999877929688,491.989990234375,486.25,488.4599914550781,967500.0
2024-07-25,492.260009765625,503.989990234375,490.7000122070313,494.0,990500.0
2024-07-26,495.260009765625,502.9700012207031,492.1700134277344,493.1400146484375,774100.0
2024-07-29,498.1499938964844,501.5700073242188,493.8500061035156,495.1199951171875,694500.0
2024-07-30,502.6000061035156,506.1499938964844,498.6000061035156,499.7000122070313,1036500.0
2024-07-31,495.7200012207031,507.7999877929688,495.2900085449219,507.0400085449219,1351400.0
2024-08-01,505.7799987792969,510.6400146484375,495.8500061035156,495.8500061035156,1893000.0
2024-08-02,494.4599914550781,508.6499938964844,491.0,491.5,1554700.0
2024-08-05,476.9100036621094,483.80999755859375,463.3800048828125,469.55999755859375,2231400.0
2024-08-06,474.2900085449219,481.7000122070313,472.7999877929688,474.010009765625,1626400.0
2024-08-07,465.8900146484375,477.8999938964844,465.4500122070313,476.75,1650000.0
2024-08-08,465.9599914550781,472.6600036621094,463.8200073242188,466.2900085449219,1545100.0
2024-08-09,468.4500122070313,469.4299926757813,462.1300048828125,465.0499877929688,791700.0
2024-08-12,464.510009765625,467.5499877929688,462.2799987792969,466.9599914550781,828400.0
2024-08-13,467.5899963378906,469.2699890136719,458.0400085449219,463.489990234375,1141500.0
2024-08-14,471.4400024414063,471.9599914550781,463.510009765625,464.5499877929688,1068000.0
2024-08-15,472.0,475.2900085449219,468.6600036621094,471.4400024414063,1307200.0
2024-08-16,477.3699951171875,477.6700134277344,469.9100036621094,474.0299987792969,1181300.0
2024-08-19,488.0499877929688,488.3900146484375,476.0,477.010009765625,895800.0
2024-08-20,487.3699951171875,491.1199951171875,483.5299987792969,488.7200012207031,921800.0
2024-08-21,486.1099853515625,491.8800048828125,485.9700012207031,489.2699890136719,810300.0
2024-08-22,479.8900146484375,488.4400024414063,479.7099914550781,486.4700012207031,1112400.0
2024-08-23,481.239990234375,486.7699890136719,481.1900024414063,482.3900146484375,999700.0
2024-08-26,482.6400146484375,485.0,481.4599914550781,481.9800109863281,877600.0
2024-08-27,480.2999877929688,483.4500122070313,476.3800048828125,482.760009765625,1062200.0
2024-08-28,489.7300109863281,493.9400024414063,480.0499877929688,481.8900146484375,942200.0
2024-08-29,493.3500061035156,497.5,487.9299926757813,491.1900024414063,706700.0
2024-08-30,495.8900146484375,500.25,492.2900085449219,495.6700134277344,1809700.0
2024-09-03,475.7000122070313,493.0,474.5799865722656,492.6499938964844,1783000.0
2024-09-04,478.5700073242188,480.1400146484375,472.8299865722656,476.8200073242188,872200.0
2024-09-05,468.5700073242188,477.7300109863281,463.4100036621094,477.7300109863281,833000.0
2024-09-06,468.0,471.8900146484375,463.0400085449219,467.9200134277344,1090400.0
2024-09-09,471.1099853515625,473.6799926757813,468.9700012207031,472.2300109863281,775600.0
2024-09-10,470.7799987792969,473.1099853515625,466.0299987792969,471.5299987792969,720100.0
2024-09-11,474.739990234375,476.1099853515625,460.6900024414063,469.0700073242188,947500.0
2024-09-12,478.6499938964844,479.510009765625,468.4599914550781,474.739990234375,738200.0
2024-09-13,485.3699951171875,486.05999755859375,478.75,480.0,700900.0
2024-09-16,489.4299926757813,490.1499938964844,483.9500122070313,490.0,695500.0
2024-09-17,481.260009765625,487.2300109863281,477.1700134277344,486.4200134277344,1266100.0
2024-09-18,474.1600036621094,483.7799987792969,473.75,483.7799987792969,868200.0
2024-09-19,477.8999938964844,483.9800109863281,476.2699890136719,477.7000122070313,939900.0
2024-09-20,464.9200134277344,474.9299926757813,463.80999755859375,474.3599853515625,2238600.0
2024-09-23,460.0,465.75,458.5499877929688,464.9200134277344,975000.0
2024-09-24,462.989990234375,466.0899963378906,456.0700073242188,459.5899963378906,1416400.0
2024-09-25,461.760009765625,464.8800048828125,458.5400085449219,463.0899963378906,778200.0
2024-09-26,463.1499938964844,465.3200073242188,458.1000061035156,462.0799865722656,948200.0
2024-09-27,462.8800048828125,467.5700073242188,461.489990234375,466.010009765625,710700.0
2024-09-30,465.0799865722656,467.5700073242188,461.4100036621094,463.1600036621094,808000.0
2024-10-01,469.760009765625,472.30999755859375,461.3599853515625,472.0,1128900.0
2024-10-02,462.1400146484375,468.0700073242188,460.5499877929688,462.6000061035156,897200.0
2024-10-03,453.5499877929688,462.1300048828125,452.260009765625,460.0,992700.0
2024-10-04,455.30999755859375,458.1400146484375,452.6199951171875,454.9800109863281,781800.0
2024-10-07,448.6000061035156,454.3599853515625,447.7000122070313,454.1700134277344,914100.0
2024-10-08,458.9400024414063,459.8699951171875,451.1099853515625,452.0299987792969,1315500.0
2024-10-09,467.9700012207031,468.1600036621094,456.1600036621094,460.0,1007000.0
2024-10-10,476.1499938964844,477.0,464.8500061035156,467.489990234375,1083300.0
2024-10-11,481.7099914550781,482.8900146484375,475.8699951171875,478.5299987792969,940300.0
2024-10-14,484.8200073242188,487.0899963378906,478.8999938964844,481.6400146484375,743900.0
2024-10-15,484.2999877929688,488.0,480.7900085449219,487.010009765625,1251000.0
2024-10-16,487.25,488.4800109863281,480.7000122070313,480.8200073242188,725100.0
2024-10-17,498.7300109863281,499.0899963378906,487.9599914550781,490.0,1018900.0
2024-10-18,483.0,498.6300048828125,480.7900085449219,498.2999877929688,2260100.0
2024-10-21,478.0899963378906,487.8800048828125,477.6600036621094,480.1700134277344,689500.0
2024-10-22,474.9100036621094,482.8699951171875,473.5799865722656,479.4299926757813,1132500.0
2024-10-23,470.0499877929688,477.4700012207031,464.7799987792969,474.4700012207031,991300.0
2024-10-24,471.9100036621094,477.8399963378906,471.8699951171875,473.3500061035156,674000.0
2024-10-25,477.7000122070313,480.4100036621094,475.0499877929688,477.2000122070313,1019700.0
2024-10-28,476.3699951171875,478.3200073242188,474.6900024414063,477.9500122070313,501200.0
2024-10-29,470.3599853515625,478.05999755859375,469.6199951171875,476.3299865722656,999500.0
2024-10-30,475.0799865722656,475.4599914550781,468.4700012207031,470.4400024414063,722000.0
2024-10-31,475.9800109863281,477.7000122070313,468.9800109863281,471.5799865722656,1376000.0
2024-11-01,471.1199951171875,475.7300109863281,463.1400146484375,471.05999755859375,1352700.0
2024-11-04,472.7999877929688,475.4800109863281,468.7699890136719,473.9100036621094,1248000.0
2024-11-05,499.8800048828125,503.2099914550781,474.0,483.0,1722900.0
2024-11-06,493.6400146484375,506.6499938964844,485.2900085449219,505.3500061035156,1648700.0
2024-11-07,502.4500122070313,504.30999755859375,486.6400146484375,493.7000122070313,992300.0
2024-11-08,516.739990234375,519.8800048828125,504.9400024414063,507.1700134277344,1259300.0
2024-11-11,501.7200012207031,518.3499755859375,500.1300048828125,518.27001953125,1335500.0
2024-11-12,490.0,508.0400085449219,489.0199890136719,503.0,1364300.0
2024-11-13,494.6099853515625,498.25,491.0299987792969,491.3399963378906,1079500.0
2024-11-14,483.9599914550781,496.3299865722656,483.5499877929688,495.6199951171875,1231500.0
2024-11-15,465.7000122070313,479.9400024414063,458.1000061035156,478.55999755859375,2581300.0
2024-11-18,467.010009765625,468.8800048828125,458.0499877929688,465.1900024414063,1128700.0
2024-11-19,448.010009765625,463.8999938964844,447.1400146484375,462.7999877929688,2192600.0
2024-11-20,451.2300109863281,451.760009765625,445.3800048828125,448.4599914550781,1651100.0
2024-11-21,450.3699951171875,455.4299926757813,445.0,454.239990234375,1507700.0
2024-11-22,450.9700012207031,457.5400085449219,449.0400085449219,454.2999877929688,1270400.0
2024-11-25,461.7099914550781,462.9500122070313,455.8299865722656,456.5799865722656,2168200.0
2024-11-26,467.0700073242188,467.9599914550781,459.0700073242188,464.0,1327700.0
2024-11-27,464.55999755859375,470.4200134277344,462.010009765625,464.80999755859375,1006900.0
2024-11-29,468.1300048828125,470.9299926757813,462.3299865722656,463.6000061035156,770600.0
2024-12-02,465.7300109863281,468.1900024414063,463.0499877929688,467.4800109863281,960000.0
2024-12-03,456.9700012207031,468.510009765625,455.010009765625,462.8599853515625,1181700.0
2024-12-04,463.9800109863281,464.8699951171875,450.0,454.7200012207031,1220600.0
2024-12-05,459.9200134277344,467.05999755859375,457.9599914550781,461.3500061035156,1183800.0
2024-12-06,462.1000061035156,465.9100036621094,456.8599853515625,458.05999755859375,1115300.0
2024-12-09,473.9800109863281,476.0199890136719,467.0,467.3299865722656,1260600.0
2024-12-10,469.2200012207031,476.4599914550781,465.1199951171875,473.2999877929688,865000.0
2024-12-11,468.2900085449219,472.3299865722656,460.739990234375,472.30999755859375,1043800.0
2024-12-12,464.1199951171875,470.25,460.0499877929688,466.5199890136719,958600.0
2024-12-13,463.7300109863281,466.7099914550781,459.7900085449219,462.3299865722656,1097100.0
2024-12-16,468.0899963378906,470.0799865722656,462.1300048828125,463.3699951171875,1511300.0
2024-12-17,469.239990234375,474.1900024414063,465.6199951171875,468.0700073242188,1304600.0
2024-12-18,447.5,471.0499877929688,445.8699951171875,467.05999755859375,1760900.0
2024-12-19,396.6400146484375,404.0400085449219,377.8500061035156,391.0,8207400.0
2024-12-20,397.2699890136719,401.30999755859375,386.489990234375,395.7200012207031,6203100.0
2024-12-23,405.2699890136719,405.9299926757813,390.9200134277344,391.8699951171875,2204300.0
2024-12-24,408.1799926757813,410.6799926757813,401.2699890136719,401.5299987792969,1468600.0
2024-12-26,410.6499938964844,411.2900085449219,406.0199890136719,407.2000122070313,1191500.0
2024-12-27,408.760009765625,410.9800109863281,404.489990234375,405.260009765625,1373400.0
2024-12-30,399.3500061035156,407.3500061035156,399.05999755859375,404.5400085449219,1456000.0
2024-12-31,402.7000122070313,404.989990234375,399.6300048828125,399.6300048828125,1048100.0
2025-01-02,405.760009765625,409.6000061035156,402.7200012207031,403.1400146484375,1277700.0
2025-01-03,407.1099853515625,411.6499938964844,406.3999938964844,407.5700073242188,1086900.0
2025-01-06,402.489990234375,404.739990234375,399.0,401.30999755859375,2176400.0
2025-01-07,408.3200073242188,410.80999755859375,401.5400085449219,403.0,1679900.0
2025-01-08,412.1099853515625,412.3599853515625,407.239990234375,410.7099914550781,1173900.0
2025-01-10,409.55999755859375,413.5199890136719,405.1700134277344,406.1700134277344,1687900.0
2025-01-13,413.3699951171875,416.5499877929688,397.25,408.0,1859600.0
2025-01-14,411.6600036621094,414.5,408.0199890136719,411.9400024414063,1376400.0
2025-01-15,424.260009765625,425.489990234375,415.1300048828125,415.1300048828125,1722100.0
2025-01-16,416.9599914550781,424.5799865722656,415.1499938964844,423.4100036621094,1226100.0
2025-01-17,422.0,428.25,419.2699890136719,422.7300109863281,1773600.0
2025-01-21,427.8900146484375,430.5299987792969,423.489990234375,427.9400024414063,1561100.0
2025-01-22,428.0,432.6000061035156,424.6499938964844,427.8900146484375,1215400.0
2025-01-23,439.7300109863281,442.8900146484375,424.5400085449219,429.25,1658000.0
2025-01-24,439.6199951171875,442.6600036621094,436.6099853515625,438.7300109863281,1647800.0
2025-01-27,443.8800048828125,447.7200012207031,435.3299865722656,436.7200012207031,1613600.0
2025-01-28,440.6799926757813,446.9800109863281,438.010009765625,443.8800048828125,1159600.0
2025-01-29,441.5199890136719,442.9200134277344,430.80999755859375,437.739990234375,1026500.0
2025-01-30,438.3999938964844,444.2799987792969,435.0,443.55999755859375,1167300.0
2025-01-31,461.6799926757813,472.0400085449219,447.2000122070313,454.1700134277344,3647000.0
2025-02-03,470.3699951171875,473.0700073242188,458.739990234375,463.3599853515625,2189200.0
2025-02-04,482.2799987792969,482.739990234375,467.2999877929688,468.0400085449219,2029500.0
2025-02-05,488.4400024414063,491.80999755859375,481.7000122070313,484.5,1557500.0
2025-02-06,481.1600036621094,488.4299926757813,478.80999755859375,487.7900085449219,1010400.0
2025-02-07,469.3200073242188,480.4700012207031,468.7000122070313,478.9800109863281,1192100.0
2025-02-10,469.9700012207031,471.9400024414063,464.010009765625,470.5799865722656,1759600.0
2025-02-11,455.2200012207031,468.1900024414063,452.489990234375,459.8299865722656,1561000.0
2025-02-12,453.2000122070313,455.6600036621094,446.0,451.8299865722656,1137900.0
2025-02-13,462.5799865722656,465.6799926757813,450.6000061035156,454.4500122070313,1350300.0
2025-02-14,459.0,469.5499877929688,457.3599853515625,462.5,995000.0
2025-02-18,462.1099853515625,467.8599853515625,451.989990234375,455.05999755859375,1405300.0
2025-02-19,471.760009765625,472.1199951171875,461.9100036621094,463.1199951171875,1454600.0
2025-02-20,480.3299865722656,481.1799926757813,472.7999877929688,474.010009765625,1576500.0
2025-02-21,484.239990234375,487.3800048828125,479.6900024414063,481.3599853515625,1444000.0
2025-02-24,481.6499938964844,487.5,479.0499877929688,482.8399963378906,1245400.0
2025-02-25,480.3500061035156,486.1400146484375,476.260009765625,480.9500122070313,1199200.0
2025-02-26,479.1000061035156,484.9800109863281,474.239990234375,479.9299926757813,823400.0
2025-02-27,474.5,486.0700073242188,473.510009765625,475.3399963378906,1054100.0
2025-02-28,479.7900085449219,484.9800109863281,474.010009765625,479.8999938964844,2470500.0
2025-03-03,483.30999755859375,490.6499938964844,477.7300109863281,477.8200073242188,1282500.0
2025-03-04,486.2200012207031,490.7000122070313,480.1099853515625,485.489990234375,1195800.0
2025-03-05,491.6400146484375,495.5400085449219,483.5400085449219,485.25,1147300.0
2025-03-06,485.7200012207031,491.6199951171875,479.7799987792969,490.1499938964844,1325400.0
2025-03-07,488.2900085449219,492.3399963378906,482.8200073242188,485.7099914550781,1198300.0
2025-03-10,500.010009765625,503.8900146484375,480.3800048828125,483.3900146484375,1796700.0
2025-03-11,488.3399963378906,497.5,480.2799987792969,496.8599853515625,1389800.0
2025-03-12,495.4200134277344,496.6400146484375,483.0899963378906,484.6199951171875,1368700.0
2025-03-13,502.9200134277344,512.75,488.0,493.7900085449219,1699800.0
2025-03-14,504.7699890136719,519.6799926757812,502.260009765625,507.0,1386500.0
2025-03-17,513.760009765625,517.2000122070312,504.0,505.2000122070313,1108800.0
2025-03-18,512.22998046875,516.5,508.5199890136719,513.0800170898438,1335400.0
2025-03-19,512.52001953125,514.8200073242188,505.0,512.010009765625,1124000.0
2025-03-20,510.1799926757813,515.6699829101562,505.489990234375,509.989990234375,1064700.0
2025-03-21,503.2000122070313,510.0799865722656,501.0700073242188,505.4200134277344,2280500.0
2025-03-24,511.739990234375,513.97998046875,501.0,505.0,1237600.0
2025-03-25,509.0400085449219,512.7100219726562,503.989990234375,511.7799987792969,1006600.0
2025-03-26,500.2799987792969,508.6400146484375,497.7799987792969,504.8699951171875,1328700.0
2025-03-27,502.5499877929688,506.5400085449219,498.5899963378906,498.5899963378906,1233500.0
2025-03-28,492.6900024414063,504.7900085449219,491.3699951171875,504.7900085449219,1280600.0
2025-03-31,484.8200073242188,487.1300048828125,471.5,487.1300048828125,2231900.0
2025-04-01,484.739990234375,491.9299926757813,480.9500122070313,486.2699890136719,1249500.0
2025-04-02,483.489990234375,487.9299926757813,480.4200134277344,481.6400146484375,988400.0
2025-04-03,484.010009765625,494.489990234375,480.010009765625,480.010009765625,2063800.0
2025-04-04,474.6199951171875,499.0700073242188,473.6400146484375,484.3500061035156,2884300.0
2025-04-07,474.55999755859375,481.739990234375,448.1400146484375,465.9299926757813,2712400.0
2025-04-08,472.3699951171875,483.9400024414063,466.9800109863281,477.2000122070313,2391400.0
2025-04-09,482.2999877929688,487.1499938964844,452.0,460.0199890136719,3171700.0
2025-04-10,475.489990234375,480.0,455.6900024414063,478.989990234375,2252300.0
2025-04-11,484.2200012207031,486.9700012207031,468.2999877929688,477.1099853515625,1574200.0
2025-04-14,495.8299865722656,498.6400146484375,484.2000122070313,487.010009765625,1362200.0
2025-04-15,500.489990234375,501.9100036621094,493.1199951171875,499.0,1030700.0
2025-04-16,485.8900146484375,502.2200012207031,483.4299926757813,500.9700012207031,1391300.0
2025-04-17,489.1000061035156,492.2300109863281,485.0799865722656,492.2300109863281,1205500.0
2025-04-21,477.5199890136719,490.8299865722656,472.8999938964844,488.0,1176300.0
2025-04-22,490.4700012207031,491.7999877929688,480.55999755859375,483.8299865722656,1131300.0
2025-04-23,492.4200134277344,498.4100036621094,484.9700012207031,488.2699890136719,1247300.0
2025-04-24,492.4700012207031,494.1000061035156,486.6499938964844,492.4200134277344,1369100.0
2025-04-25,493.8399963378906,494.9200134277344,484.5,492.5400085449219,1561500.0
2025-04-28,496.489990234375,498.6499938964844,490.3699951171875,495.3999938964844,1503300.0
2025-04-29,503.5,506.9599914550781,490.8500061035156,494.260009765625,1254900.0
2025-04-30,509.5,510.7699890136719,497.3399963378906,500.7900085449219,1445700.0
2025-05-01,498.8599853515625,507.75,498.2099914550781,507.0,1452300.0
2025-05-02,501.1499938964844,509.0,498.0299987792969,505.8599853515625,1653600.0
2025-05-05,500.1900024414063,505.6099853515625,498.0199890136719,501.4500122070313,1669600.0
2025-05-06,450.0299987792969,467.8500061035156,428.5499877929688,465.55999755859375,8000700.0
2025-05-07,434.8200073242188,449.0,432.2900085449219,447.5199890136719,3996700.0
2025-05-08,429.6000061035156,432.1400146484375,423.3999938964844,430.1700134277344,2940800.0
2025-05-09,424.989990234375,434.9299926757813,424.7999877929688,430.2200012207031,1642300.0
2025-05-12,439.3699951171875,441.1000061035156,423.2000122070313,425.2999877929688,2095100.0
2025-05-13,432.0,442.1199951171875,429.5400085449219,437.5299987792969,2645600.0
2025-05-14,421.1600036621094,433.4100036621094,416.6000061035156,432.0,2058700.0
2025-05-15,434.3800048828125,434.4200134277344,421.760009765625,424.6900024414063,1935500.0
2025-05-16,438.6499938964844,438.9500122070313,429.9400024414063,435.2999877929688,1505100.0
2025-05-19,440.6600036621094,441.6300048828125,435.1499938964844,437.489990234375,1182600.0
2025-05-20,447.1799926757813,448.0,440.80999755859375,442.0,1510500.0
2025-05-21,435.3200073242188,445.1600036621094,433.7699890136719,444.3699951171875,1427300.0
2025-05-22,434.0299987792969,437.0,429.5499877929688,435.760009765625,1618200.0
2025-05-23,436.0,436.5899963378906,427.4299926757813,428.6799926757813,1427300.0
2025-05-27,446.0,447.4700012207031,437.3399963378906,437.3399963378906,2048300.0
2025-05-28,445.1000061035156,451.6400146484375,443.4100036621094,446.3999938964844,1209500.0
2025-05-29,447.0899963378906,449.2200012207031,442.760009765625,444.989990234375,882500.0
2025-05-30,442.0499877929688,447.989990234375,439.3699951171875,447.6400146484375,2581700.0
2025-06-02,445.4299926757813,447.9800109863281,439.5400085449219,441.2699890136719,1179000.0
2025-06-03,446.4800109863281,449.8500061035156,439.5400085449219,444.2999877929688,1683400.0
2025-06-04,445.8500061035156,453.8699951171875,445.8399963378906,448.0400085449219,840100.0
2025-06-05,443.8200073242188,447.489990234375,437.4500122070313,445.010009765625,1400000.0
2025-06-06,450.5,451.6600036621094,443.8299865722656,443.8299865722656,960500.0
2025-06-09,446.1499938964844,451.5199890136719,444.8399963378906,450.7799987792969,912500.0
2025-06-10,451.5199890136719,455.6400146484375,441.9200134277344,442.4500122070313,1286900.0
2025-06-11,452.4400024414063,460.3299865722656,450.1300048828125,451.2999877929688,1016500.0
2025-06-12,460.05999755859375,460.05999755859375,451.9400024414063,453.1900024414063,1074500.0
2025-06-13,455.4500122070313,460.1000061035156,454.0,455.3900146484375,1021500.0
2025-06-16,450.9100036621094,457.2300109863281,448.7099914550781,456.3800048828125,1029900.0
2025-06-17,441.989990234375,452.7099914550781,440.75,449.4299926757813,1363300.0
2025-06-18,448.3999938964844,451.6300048828125,440.0,443.4100036621094,1380300.0
2025-06-20,440.8699951171875,451.80999755859375,436.80999755859375,451.260009765625,2167300.0
2025-06-23,443.5400085449219,445.0,439.5700073242188,441.6900024414063,949800.0
2025-06-24,450.2699890136719,451.8800048828125,441.0,445.0,1068000.0
2025-06-25,445.8200073242188,451.0799865722656,442.760009765625,450.4800109863281,1077100.0
2025-06-26,443.3999938964844,446.1799926757813,441.1300048828125,445.8200073242188,1169200.0
2025-06-27,441.2999877929688,446.6199951171875,440.5,442.989990234375,3615500.0
2025-06-30,445.2000122070313,446.4500122070313,439.2300109863281,440.4500122070313,1114600.0
2025-07-01,452.1600036621094,456.9700012207031,443.489990234375,445.5,1146600.0
2025-07-02,457.0299987792969,457.75,448.0,449.80999755859375,978300.0
2025-07-03,459.6199951171875,461.0499877929688,456.5799865722656,458.4500122070313,764000.0
2025-07-07,459.4100036621094,461.25,455.7900085449219,460.0,1589700.0
2025-07-08,466.3599853515625,470.3399963378906,456.7699890136719,457.7300109863281,1103800.0
2025-07-09,478.9700012207031,479.3399963378906,466.7900085449219,468.0899963378906,1044500.0
2025-07-10,479.5299987792969,484.55999755859375,475.9100036621094,477.6799926757813,932600.0
2025-07-11,468.8500061035156,478.2699890136719,467.9700012207031,476.489990234375,892800.0
2025-07-14,472.3500061035156,475.2699890136719,467.0,467.6900024414063,730000.0
2025-07-15,464.2000122070313,475.2900085449219,463.3999938964844,473.0,988000.0
2025-07-16,469.5499877929688,470.9400024414063,465.1000061035156,465.1000061035156,785400.0
2025-07-17,463.2699890136719,472.2200012207031,461.8699951171875,466.3200073242188,1251800.0
2025-07-18,459.80999755859375,467.0,458.1400146484375,467.0,975100.0
2025-07-21,458.489990234375,462.30999755859375,456.8299865722656,459.80999755859375,801100.0
2025-07-22,470.1300048828125,470.7999877929688,458.8800048828125,461.0299987792969,1005400.0
2025-07-23,476.9500122070313,478.739990234375,471.30999755859375,472.5400085449219,908900.0
2025-07-24,472.2699890136719,480.0,472.0299987792969,477.1400146484375,907900.0
2025-07-25,469.6499938964844,472.7099914550781,465.8399963378906,472.6600036621094,1176900.0
2025-07-28,460.8299865722656,471.0,460.7300109863281,467.4400024414063,2107300.0
2025-07-29,468.4100036621094,468.9800109863281,460.5499877929688,464.3299865722656,1151400.0
2025-07-30,469.1600036621094,474.760009765625,466.7999877929688,471.2000122070313,993300.0
2025-07-31,456.8699951171875,470.5899963378906,455.4500122070313,465.2900085449219,1480000.0
2025-08-01,462.1300048828125,464.2300109863281,453.510009765625,457.3900146484375,1857300.0
2025-08-04,472.2699890136719,473.3699951171875,462.05999755859375,466.510009765625,2326800.0
2025-08-05,374.9800109863281,414.8800048828125,373.1900024414063,408.2200012207031,10729400.0
2025-08-06,385.6499938964844,390.55999755859375,372.3500061035156,375.760009765625,4726600.0
2025-08-07,375.6300048828125,388.3200073242188,374.4500122070313,385.0,3995500.0
2025-08-08,366.5400085449219,381.0,364.6600036621094,377.0299987792969,3680300.0
2025-08-11,374.4599914550781,380.2000122070313,362.5,362.9700012207031,2792600.0
2025-08-12,387.7699890136719,388.25,375.0,377.6099853515625,2044300.0
2025-08-13,395.9200134277344,396.7200012207031,386.7900085449219,391.4599914550781,1913700.0
2025-08-14,390.2999877929688,395.5899963378906,388.7099914550781,393.6799926757813,1703600.0
2025-08-15,392.7900085449219,395.760009765625,388.7099914550781,391.489990234375,1408800.0
2025-08-18,389.8800048828125,395.6099853515625,389.2099914550781,392.7999877929688,1382500.0
2025-08-19,390.760009765625,395.8399963378906,388.9299926757813,389.6600036621094,1700000.0
2025-08-20,394.3599853515625,400.9400024414063,391.9500122070313,392.4200134277344,1669600.0
2025-08-21,397.4599914550781,399.0,393.8699951171875,394.7799987792969,1851700.0
2025-08-22,395.1199951171875,403.5799865722656,394.3200073242188,400.0,1404000.0
2025-08-25,388.9400024414063,396.1300048828125,387.6000061035156,395.5199890136719,1175100.0
2025-08-26,387.1799926757813,390.5400085449219,383.6400146484375,387.0,1907200.0
2025-08-27,389.0799865722656,390.3699951171875,385.989990234375,386.6900024414063,1911200.0
2025-08-28,392.0499877929688,392.4500122070313,388.0,389.239990234375,1526100.0
2025-08-29,391.0199890136719,394.5299987792969,389.3900146484375,392.1300048828125,1309900.0
2025-09-02,401.0,401.55999755859375,390.510009765625,391.0199890136719,1859400.0
2025-09-03,396.6199951171875,402.3900146484375,393.0499877929688,400.0899963378906,1250900.0
2025-09-04,396.9299926757813,400.3599853515625,394.75,397.5400085449219,1053000.0
2025-09-05,396.1199951171875,402.739990234375,393.4299926757813,397.8699951171875,1171100.0
2025-09-08,395.25,396.0,390.9800109863281,395.2799987792969,1365500.0
2025-09-09,396.4800109863281,397.30999755859375,391.7200012207031,395.010009765625,946700.0
2025-09-10,388.5499877929688,396.8599853515625,387.1900024414063,396.1700134277344,1512700.0
2025-09-11,397.3699951171875,398.5,388.5499877929688,388.5499877929688,1330000.0
2025-09-12,394.5299987792969,396.8299865722656,393.1700134277344,394.6799926757813,978300.0
2025-09-15,393.2099914550781,398.2900085449219,391.9299926757813,393.0,1404800.0
2025-09-16,391.3599853515625,395.4500122070313,386.3200073242188,392.5899963378906,1698400.0
2025-09-17,387.1499938964844,396.30999755859375,386.4400024414063,392.9400024414063,2041400.0
2025-09-18,387.1099853515625,390.6600036621094,384.8699951171875,389.6900024414063,1979600.0
2025-09-19,383.1199951171875,389.4599914550781,382.6000061035156,388.6000061035156,3394000.0
2025-09-22,383.1300048828125,386.0799865722656,381.6099853515625,384.0700073242188,1484600.0
2025-09-23,379.7200012207031,383.5,376.0,381.5899963378906,1568900.0
2025-09-24,376.6199951171875,380.7300109863281,374.1700134277344,377.55999755859375,1530600.0
2025-09-25,381.8699951171875,387.4800109863281,377.0199890136719,383.2000122070313,2635400.0
2025-09-26,385.739990234375,387.4800109863281,379.7200012207031,381.9100036621094,1838600.0
2025-09-29,395.30999755859375,399.1000061035156,384.3900146484375,386.8800048828125,2082300.0
2025-09-30,391.6400146484375,397.6499938964844,385.8599853515625,394.9400024414063,2260400.0
2025-10-01,404.2099914550781,407.5,392.5,393.6199951171875,1995400.0
2025-10-02,408.8500061035156,411.0,402.8200073242188,404.2099914550781,1642200.0
2025-10-03,403.2999877929688,411.9100036621094,403.0400085449219,411.7200012207031,1315800.0
2025-10-06,402.8999938964844,405.4500122070313,400.739990234375,404.6600036621094,1191100.0
2025-10-07,410.2799987792969,413.2900085449219,400.8599853515625,402.8399963378906,1589400.0
2025-10-08,421.1499938964844,422.7300109863281,410.0199890136719,410.9299926757813,1930200.0
2025-10-09,414.8599853515625,421.010009765625,414.2799987792969,419.30999755859375,880400.0
2025-10-10,407.7900085449219,414.2200012207031,406.1000061035156,413.3299865722656,1148600.0
2025-10-13,407.3699951171875,409.4700012207031,402.5799865722656,404.2099914550781,880700.0
2025-10-14,410.8150024414063,410.8620910644531,405.4549865722656,406.0799865722656,150400.0
