Date,Close_XYL,High_XYL,Low_XYL,Open_XYL,Volume_XYL
2023-10-16,89.78369903564453,89.96931858664301,88.47455310628978,88.75787578841657,1003200.0
2023-10-17,90.87789916992188,91.34684883931412,89.01188720324708,89.0216590067371,1265900.0
2023-10-18,88.25960540771484,90.2624000475998,88.21076130290139,90.16470438427156,1213500.0
2023-10-19,90.03771209716797,90.76066904121151,89.36359926408416,89.85208509589509,2138200.0
2023-10-20,89.69577026367188,91.27846711638884,89.63715434628693,90.25264383993668,2774600.0
2023-10-23,87.58550262451172,89.90092047195688,87.3998756412746,89.12911949194284,1896200.0
2023-10-24,87.3803482055664,88.81649774739805,87.29241687968779,88.39639963280581,1181100.0
2023-10-25,85.7390365600586,87.28264614669618,85.71949295242258,86.8039321114473,1411800.0
2023-10-26,86.64761352539062,87.64412127702818,85.79764555068377,85.88557687054396,1155500.0
2023-10-27,86.13957977294922,87.19471083581719,85.8171773725671,86.6476091530122,1241700.0
2023-10-30,87.21424865722656,87.3412597315251,85.5729361236812,86.93093346156415,1761600.0
2023-10-31,91.38592529296876,94.27776036409682,89.31474279645593,93.1053974135888,3449200.0
2023-11-01,92.30428314208984,92.53875424691388,90.62389074116314,91.13191271056556,2128900.0
2023-11-02,92.13819122314452,94.07259831302142,91.6985569750235,93.09562669168405,1666600.0
2023-11-03,94.6978530883789,95.6259730837963,93.57433430981476,93.78926924442548,1852500.0
2023-11-06,93.94558715820312,94.26798210259912,93.32031851324096,94.26798210259912,1324300.0
2023-11-07,94.5415496826172,95.10819506681536,93.15425163471352,93.60365772965264,1385100.0
2023-11-08,94.58061981201172,95.32312032761833,94.09213400374192,94.8150983666466,1062400.0
2023-11-09,94.59038543701172,95.69436060826224,94.53176952903247,95.33288590412168,1533100.0
2023-11-10,96.19261169433594,96.63225333560942,94.3852159345252,94.92255323373692,1322000.0
2023-11-13,96.2414779663086,97.032822606423,95.94838349397628,95.94838349397628,1261100.0
2023-11-14,98.8695297241211,99.34825120764194,97.67763055142832,97.84371394593848,1500400.0
2023-11-15,97.93163299560548,99.69995669440593,97.85348093090366,99.03561569537798,1297000.0
2023-11-16,98.92814636230467,99.172389262451,97.59946438921251,98.1270299479728,1314800.0
2023-11-17,98.8304443359375,99.72925636177348,98.69366146324816,99.60224529149794,1286600.0
2023-11-20,98.22274780273438,99.05589006916556,98.07572093734132,98.91866698895794,1147100.0
2023-11-21,99.01667022705078,100.58494662754252,98.46777797373632,99.72239311165283,1353600.0
2023-11-22,100.19287109375,100.49672107473856,99.0852753961674,99.31071754464304,1627700.0
2023-11-24,101.21226501464844,101.59453037165058,100.80058830256414,100.80058830256414,797400.0
2023-11-27,101.13385009765624,101.5161154561969,100.3889194726117,100.70257329187832,1058800.0
2023-11-28,100.60456848144533,102.05522222229492,100.59476469534494,101.241679972211,1293400.0
2023-11-29,101.447509765625,102.08462122595613,101.0652443850458,101.34949434359652,1184100.0
2023-11-30,103.045166015625,103.12358133169045,100.63395113233412,101.7905508709627,2587200.0
2023-12-01,104.09395599365234,104.1821751017414,102.22183689110317,102.7511291053471,1285300.0
2023-12-04,104.3585968017578,104.39780445994658,102.91774714522924,103.26080480676076,1128600.0
2023-12-05,103.6920928955078,104.28999666153008,102.86874693979809,104.0155505023258,1133200.0
2023-12-06,103.99593353271484,105.42697943215164,103.79009893191534,104.40760273431388,991800.0
2023-12-07,103.9371337890625,104.2703876984743,103.17260307632074,104.0253454198726,933200.0
2023-12-08,104.27037811279295,104.8486817257393,103.309816656714,103.77049729462983,2103800.0
2023-12-11,105.56420135498048,105.57400513913026,104.13315547105694,104.35859763792467,1318900.0
2023-12-12,105.79945373535156,106.67180362528894,105.04471934997412,105.85826148763154,1376600.0
2023-12-13,107.01485443115234,107.17167758651672,104.40760123559184,106.74040830069256,1743500.0
2023-12-14,108.73017120361328,108.82818662938966,107.21090593073752,107.81861353550735,1613600.0
2023-12-15,108.52433013916016,109.01441471711657,107.60296873961104,107.89702247762376,3426300.0
2023-12-18,108.51451110839844,108.68113804675066,107.3971190258894,108.21066110574483,1071200.0
2023-12-19,109.36727905273438,109.47509826093358,108.46552520061137,108.6909599245934,1547000.0
2023-12-20,107.4951400756836,109.64171273124616,107.3775245733053,109.19083585657071,1442900.0
2023-12-21,109.47509002685548,109.58290922694516,108.07344790378652,108.58313254940394,1037000.0
2023-12-22,110.40624237060548,110.81791158125044,109.49468484526506,109.68091935974104,829300.0
2023-12-26,111.3668212890625,111.52364446413364,110.27883293652312,110.30823681446788,440300.0
2023-12-27,112.11173248291016,112.25875933502752,111.43542092812436,111.65105931415034,1007700.0
2023-12-28,112.05292510986328,112.61162116730978,111.66085599559815,112.05292510986328,709100.0
2023-12-29,112.0921401977539,112.40579401433344,111.67066718065358,111.82749034989492,698900.0
2024-01-02,111.4158172607422,112.11173640849591,110.77870586465605,110.91593641537467,1089400.0
2024-01-03,109.34765625,111.03354820363008,109.30844859083462,110.9551328852993,1182800.0
2024-01-04,110.10238647460938,111.06294791481352,109.73972124949782,110.2298057535478,1352600.0
2024-01-05,109.92595672607422,110.7689026787418,109.06340320533744,109.92595672607422,1144300.0
2024-01-08,110.6120834350586,110.64148731209362,109.4946912391462,110.0533873371024,904300.0
2024-01-09,109.88675689697266,110.20041070556078,109.16143386675571,109.80834157530144,947700.0
2024-01-10,110.01417541503906,110.53366383080056,109.16143310165572,109.88675612678894,851000.0
2024-01-11,109.45547485351562,110.62187840358916,108.76935951705842,110.1808053270233,1036100.0
2024-01-12,109.51428985595705,110.56307042701296,108.69094397580396,109.90635148850046,1233100.0
2024-01-16,108.7595672607422,109.15163641374488,107.97543643283396,108.90659412788034,1561500.0
2024-01-17,107.51475524902344,108.49492438801543,107.22070151608702,107.5637592191148,1353100.0
2024-01-18,109.19083404541016,109.32805711463972,107.52454216775656,107.55395352095984,1276500.0
2024-01-19,109.65151977539062,109.72992761994146,108.09304701968092,109.59270454435656,1129300.0
2024-01-22,111.1315689086914,111.39621875114612,109.80834213070791,110.15139981713376,889000.0
2024-01-23,111.50403594970705,111.71967434247784,110.37684001901198,111.69026298865737,718600.0
2024-01-24,109.4848861694336,112.2293626579855,109.44568598591144,112.0431281348197,876400.0
2024-01-25,110.73950958251952,110.7787097662808,109.50449440732724,110.4062481957738,1237000.0
2024-01-26,110.16120147705078,111.50403579869806,110.0533822808114,111.30799749730984,953200.0
2024-01-29,111.11196899414062,111.13156908564044,109.66131544596294,109.77893842925197,1308100.0
2024-01-30,111.49423217773438,111.7882858912,109.96517081514492,110.68069005149653,960800.0
2024-01-31,110.210205078125,112.0333200217511,109.95535904350628,111.66085101467084,1304800.0
2024-02-01,113.09190368652344,113.09190368652344,110.40624255038983,110.60227337156006,1113000.0
2024-02-02,113.13111877441406,113.6702147851732,111.8765034891168,112.31757660475829,1642500.0
2024-02-05,111.81769561767578,112.39599181216128,109.7985421342946,110.75911116752606,1951600.0
2024-02-06,117.18901824951172,117.56148730317652,113.43497618227336,113.89564938964796,3302400.0
2024-02-07,120.9038543701172,122.08985805805196,118.01235857899732,118.27700093990153,3501200.0
2024-02-08,119.95308685302734,121.2567134973786,118.73767931267328,121.2567134973786,1904200.0
2024-02-09,121.83502960205078,121.93304502244968,119.63944529900968,119.93349903830364,1588400.0
2024-02-12,120.85485076904295,122.02124689120076,120.61960480519724,121.70759308416972,1257900.0
2024-02-13,119.31599426269533,120.10992888348544,118.39463286605684,119.30619047729994,1339400.0
2024-02-14,121.6977996826172,121.74680365101568,119.64924236428196,119.982503748637,1007300.0
2024-02-15,121.95262908935548,122.52112892229805,121.28611384889432,121.98203296380144,893500.0
2024-02-16,121.33513641357422,122.27609787257671,121.05088647104787,121.79581709704456,1207700.0
2024-02-20,121.99375915527344,122.56391712914366,120.14566942951994,120.80429631317648,1411200.0
2024-02-21,121.39411926269533,122.34765757274448,120.61752628337597,122.27884591634444,1038300.0
2024-02-22,122.9767837524414,123.20288346013892,121.63004038454984,122.10188955727288,900100.0
2024-02-23,123.49778747558594,124.39234642903789,123.24220563166314,123.52728461133768,739200.0
2024-02-26,123.5764389038086,124.87403545800856,123.08492494388577,123.49779487024308,1115200.0
2024-02-27,123.55677032470705,124.2743764404966,122.6228893864741,123.78286252560784,932200.0
2024-02-28,123.49778747558594,124.16624672105208,123.1340719669622,123.1340719669622,877000.0
2024-02-29,124.8936996459961,125.31640194959569,123.12424639839142,123.7730484224824,1829200.0
2024-03-01,125.76859283447266,125.98486017402011,124.07778363427369,124.5398079505964,813200.0
2024-03-04,125.68011474609376,126.3977284086627,125.39503575684896,125.44419015151132,917300.0
2024-03-05,124.04828643798828,125.68994114283257,123.54694013594286,125.54248546577128,924200.0
2024-03-06,124.20558166503906,125.0214966745696,123.60593400742344,124.16625964651745,1118900.0
2024-03-07,124.81505584716795,125.53266202677732,124.36286390524384,125.00183355140692,905500.0
2024-03-08,124.92320251464844,125.80792923215616,124.43168850491178,125.1296374987488,761500.0
2024-03-11,124.03845977783205,124.88386436538951,123.37983288982323,124.7265763026311,1019900.0
2024-03-12,126.27977752685548,126.32891692468544,124.2743921014956,124.34320375825536,1029700.0
2024-03-13,125.84724426269533,126.34858312484548,125.31640826167614,126.27977896720904,872500.0
2024-03-14,125.78824615478516,125.9258769573858,124.48081727929276,125.55232156444085,1335500.0
2024-03-15,125.10995483398438,126.063500576306,124.03845804605596,124.64793803087412,1537600.0
2024-03-18,125.3262176513672,125.7882419377366,124.64793353937829,125.1984267316956,720000.0
2024-03-19,126.26993560791016,126.34857964291048,125.20827113503752,125.4048737226304,806900.0
2024-03-20,126.5255355834961,126.5255355834961,125.0706508998391,126.2109594357578,987800.0
2024-03-21,127.78380584716795,128.63903534516595,127.00720538362532,127.00720538362532,1029800.0
2024-03-22,127.01705169677734,128.26548642955402,126.58451698628416,127.72481804143754,732400.0
2024-03-25,125.59164428710938,127.15466251922744,125.33605493785024,126.62381906312362,888100.0
2024-03-26,125.7292709350586,126.30926130073928,125.10013367392182,125.39503754638156,853400.0
2024-03-27,127.18415832519533,127.25296248035964,125.92588377535584,126.44688737803236,959700.0
2024-03-28,127.04652404785156,128.0098871357011,126.9580401419703,127.36108515824928,953200.0
2024-04-01,126.45671081542967,127.3119403044456,125.73910463498892,127.0563584456105,716800.0
2024-04-02,125.9455337524414,126.59433578702549,125.0116602177124,126.57467102845192,1144400.0
2024-04-03,126.67298889160156,127.52821845308884,125.45403626953966,125.51301554966749,1147300.0
2024-04-04,125.0902862548828,127.80343755485931,124.87401894113682,127.48887646201932,1129500.0
2024-04-05,126.0929946899414,126.75162159214094,124.84454503959708,125.24759008416883,754000.0
2024-04-08,125.58181762695312,126.879421690016,125.45402669645809,126.66315434617218,772700.0
2024-04-09,126.74177551269533,126.80076978447616,124.33336774183051,126.05365900673397,782100.0
2024-04-10,126.01434326171876,126.59432609680832,123.8811671142504,124.53980147770578,1036900.0
2024-04-11,126.60415649414062,126.90890774263184,125.0214884768926,126.21095133452312,941700.0
2024-04-12,125.93570709228516,126.4862003260332,125.03132320829684,125.76859414631276,899500.0
2024-04-15,125.12962341308594,127.67566959686954,124.5496330469329,127.23329503805029,991400.0
2024-04-16,125.82756805419922,126.54517420331013,123.96964596964152,124.85437255750412,1150000.0
2024-04-17,124.0777816772461,126.30925919111752,122.5442605663266,126.30925919111752,1441300.0
2024-04-18,125.0018310546875,126.2797703214888,124.75607408029552,125.0018310546875,1139200.0
2024-04-19,125.67028045654295,126.47637051726716,124.8052186229543,125.39503385039691,2250000.0
2024-04-22,126.79094696044922,127.5871972387226,125.28691532375127,125.98487180213158,1061900.0
2024-04-23,128.50140380859375,128.63902710980378,127.08584128196796,127.4200671563616,945600.0
2024-04-24,128.45225524902344,129.98577638924152,127.38075842666792,129.26817021461446,1053000.0
2024-04-25,128.3932647705078,128.97324758706418,125.92587033070436,127.42006182422442,963600.0
2024-04-26,130.1528778076172,130.39863476344715,127.58717458875992,128.19666203909185,1112300.0
2024-04-29,130.33966064453125,131.07693154115518,129.435276811317,130.21187722232384,1277800.0
2024-04-30,128.48175048828125,131.44067422741085,128.36379193383382,129.8088442250794,1397800.0
2024-05-01,128.73731994628906,130.8115090859948,127.96071962868126,128.3932542359849,1773900.0
2024-05-02,133.68197631835938,134.85176697899567,129.77935415693466,130.18238421656812,2784800.0
2024-05-03,134.88125610351562,136.11004089966386,132.8660460378697,135.16632757630367,1418000.0
2024-05-06,136.83749389648438,136.8473337763166,135.02872598574024,135.68735294237587,953500.0
2024-05-07,137.6533966064453,138.85269185287663,136.3164780530374,137.2995059599604,1307600.0
2024-05-08,138.8035430908203,138.90185188542858,137.37815556789658,137.5452685188778,894400.0
2024-05-09,140.1896209716797,140.29775464958334,138.33169868756542,139.1082841926432,956600.0
2024-05-10,140.57298278808594,141.18245525617752,139.8848662918834,140.45502424582682,704100.0
2024-05-13,138.87237548828125,140.86792121060995,138.36119670724696,140.57300979848182,1276900.0
2024-05-14,139.65879821777344,140.2977604318369,138.53813187341197,138.86253292049284,949800.0
2024-05-15,141.34957885742188,141.5855109595585,140.45503484476234,140.504174241202,1390200.0
2024-05-16,140.2584228515625,141.17264665895138,140.1109746567335,140.96620418637443,1603200.0
2024-05-17,140.8875732421875,140.94655251932085,139.5506546278389,140.7794395675043,2306300.0
2024-05-20,143.2959747314453,143.45324778850485,140.95636363483888,141.1431413274002,1243500.0
2024-05-21,143.47291564941406,143.60071407336596,141.92956968241467,143.08953537737338,961300.0
2024-05-22,142.7356414794922,143.38444346344522,142.2244627951824,143.18784089249982,1306400.0
2024-05-23,141.28077697753906,143.41394581099624,140.97604071559033,143.41394581099624,851800.0
2024-05-24,141.80178833007812,142.62752824622098,140.59266809573916,142.32279196763136,1477100.0
2024-05-28,137.977783203125,141.95904881025996,137.79100552034916,141.77227112748412,2080800.0
2024-05-29,135.6086883544922,136.7293394989293,134.8419278346044,136.34595923898542,2200200.0
2024-05-30,137.39263916015625,138.14170481337464,135.08633868264954,136.06208813346996,1751500.0
2024-05-31,138.9893035888672,139.35397074325058,136.1409204491006,137.6981701123692,3015200.0
2024-06-03,136.61402893066406,139.2061619770981,135.3721782326524,139.16672955166442,2466300.0
2024-06-04,135.12576293945312,136.73228067631783,134.36684674579254,136.2000633056214,1078400.0
2024-06-05,137.65875244140625,137.7376022473803,135.155335017747,135.52000221119707,973500.0
2024-06-06,134.89906311035156,138.1811128158434,134.2781453556805,137.21522905597345,1190300.0
2024-06-07,135.34259033203125,135.97337368905093,133.56850744070667,134.50482437141474,873900.0
2024-06-10,137.24481201171875,137.24481201171875,134.60341099929232,134.9582125928447,1304100.0
2024-06-11,136.5253143310547,136.71258073472612,135.145465326617,136.71258073472612,725400.0
2024-06-12,138.65420532226562,139.403270971798,137.95443772122275,138.41767093951898,669600.0
2024-06-13,138.64434814453125,138.91046435153245,137.3334983592334,138.23039795534177,818900.0
2024-06-14,136.03253173828125,138.34868297921932,134.03176471303,137.41236588015653,883100.0
2024-06-17,137.53060913085938,137.8361577453387,135.38200847852724,135.9437926245072,1175800.0
2024-06-18,138.34866333007812,138.49651234939333,136.76184677275907,137.5306135481994,907500.0
2024-06-20,137.22506713867188,138.34865040077787,136.850549410677,137.98398325752524,973300.0
2024-06-21,136.67315673828125,137.1758073482822,135.35245628443022,137.1758073482822,1698300.0
2024-06-24,136.34788513183594,138.1416841498406,135.89451760444763,136.83083449185122,1181300.0
2024-06-25,134.9582061767578,136.08180465917826,134.01203856080588,135.83540464932742,1215500.0
2024-06-26,134.2485809326172,134.6329643262314,133.06584891620827,133.7557809388009,1246700.0
2024-06-27,134.4259796142578,135.24402939591667,134.13029661476898,134.74137882412913,829900.0
2024-06-28,133.6769256591797,136.00294213627237,132.36607592463838,134.67237619184863,2197600.0
2024-07-01,129.63597106933594,134.28800442577975,129.06432124580837,134.28800442577975,1562600.0
2024-07-02,130.3653106689453,130.789111432179,128.76862851025976,129.08402771560176,897200.0
2024-07-03,130.79898071289062,131.49874828082775,129.7542320952886,130.36531431295435,858200.0
2024-07-05,132.32664489746094,132.36607731764082,129.23186163206242,130.64127739178676,1106300.0
2024-07-08,132.12953186035156,134.02188203083844,131.93241487075002,132.86873185065406,746800.0
2024-07-09,131.66629028320312,132.6814570021484,131.56773931420594,132.1689558696158,938700.0
2024-07-10,134.376708984375,134.4654093806726,131.41005820871226,131.89300765366065,861500.0
2024-07-11,135.88467407226562,137.23495636724186,134.04160679138434,135.2440400554321,830200.0
2024-07-12,136.4267578125,137.77702507539018,136.3183412048842,137.57990807219696,763100.0
2024-07-15,135.32289123535156,137.35322495254445,134.94835840008022,136.66330791841048,1190800.0
2024-07-16,139.22586059570312,139.4032764287711,135.42144372061873,136.1902105727649,1212500.0
2024-07-17,136.99838256835938,139.46238225484066,136.75198259971123,138.48663296493226,1214500.0
2024-07-18,136.05221557617188,138.30924796807568,135.78611440783044,136.39718158721607,962400.0
2024-07-19,135.51016235351562,137.27437990478788,134.58369585880016,136.67316324581705,1038500.0
2024-07-22,137.33349609375,137.54047870446146,135.77624633778555,136.97867950328896,902900.0
2024-07-23,138.69363403320312,139.18643403615252,136.41690042582692,136.90970042877632,860400.0
2024-07-24,134.7413787841797,138.59506324486586,134.5541123832569,138.0037122851256,1010600.0
2024-07-25,135.15533447265625,137.83616770871078,133.89376766028502,135.04691786976204,1242500.0
2024-07-26,138.8118896484375,140.0833219719206,135.83538870690396,136.48587322687763,1074100.0
2024-07-29,139.49195861816406,139.89605820384585,137.5996085338041,138.84145904692923,1559700.0
2024-07-30,131.55789184570312,141.43360866143215,130.77927441520788,140.94080863125296,2841100.0
2024-07-31,131.57760620117188,133.47980707207142,130.6905721749915,132.9377390777741,2439500.0
2024-08-01,131.41006469726562,132.79976446413397,129.78381548952683,131.1045310688898,1591700.0
2024-08-02,128.2758331298828,130.44416514668876,126.9945651696678,129.2417319515736,1557100.0
2024-08-05,124.3235855102539,126.68901953480923,123.20986019836693,125.24019382660508,1590000.0
2024-08-06,125.55558013916016,127.54649629841578,124.33343827635429,124.97407976363024,1246200.0
2024-08-07,125.0036392211914,128.96575509667437,124.87550641953985,127.2212390334372,1121300.0
2024-08-08,126.48204803466795,126.58059900985133,124.33343976395484,126.21593182745455,1020200.0
2024-08-09,126.7383041381836,126.9650029730119,124.87552068466496,126.32435393063088,909800.0
2024-08-12,125.66399383544922,127.12267755295478,124.98392746256044,126.62002699167525,813900.0
2024-08-13,129.81338500976562,129.88236919072455,126.64960233426676,127.1424023433495,1637800.0
2024-08-14,129.59654235839844,130.32587669369107,128.6996427978536,129.82322613511954,813400.0
2024-08-15,131.27206420898438,132.33651399585483,129.8823646228705,131.0355147988813,739000.0
2024-08-16,130.8876953125,131.70574519409195,130.06964543090805,131.08481232321836,1956500.0
2024-08-19,132.44493103027344,132.44493103027344,130.67084804633365,131.12421561835797,751200.0
2024-08-20,132.21823120117188,133.64736320233854,131.28191422869392,132.4646311959851,772300.0
2024-08-21,133.844482421875,134.00218203055962,132.237949616408,132.66176543486517,1932300.0
2024-08-22,133.46994018554688,135.06660725330258,133.1545560295121,134.0415899473627,898400.0
2024-08-23,134.94833374023438,135.54955026848685,133.58820109358368,134.4358175917911,693100.0
2024-08-26,134.28797912597656,136.47601198898886,133.97257995625293,135.27357897277273,808500.0
2024-08-27,133.46994018554688,134.4752563210893,133.0067070171627,133.60792357363613,1459700.0
2024-08-28,133.86419677734375,134.6625303565338,133.38124737208923,133.81491377043008,923400.0
2024-08-29,134.1705322265625,136.09755675446033,133.89383204199405,134.5954592674965,713500.0
2024-08-30,135.90980529785156,136.21615088212585,133.70608038085186,134.4571216545253,1263100.0
2024-09-03,129.17015075683594,134.39782419555158,128.77485399119587,132.54985893815223,2334700.0
2024-09-04,127.5692367553711,129.9310804817061,126.66995349630254,128.08311505755756,1744400.0
2024-09-05,126.52172088623048,127.5198169911192,125.14809660687472,127.5198169911192,1108600.0
2024-09-06,125.21726989746094,128.2906401441137,125.08880409930153,126.63042383527508,1348200.0
2024-09-09,127.78663635253906,128.2708692420906,125.50385216285169,126.14619622119446,1072800.0
2024-09-10,128.29063415527344,128.49815175979705,127.09488219181472,127.97439674776948,797200.0
2024-09-11,128.3400421142578,128.57722018662577,124.95045698287974,128.2016920084675,1003100.0
2024-09-12,129.4665985107422,129.48636711786983,127.15416908476824,128.6957887020842,1241000.0
2024-09-13,129.28872680664062,130.75128708039102,129.1009627357413,130.13859596821771,995300.0
2024-09-16,131.22564697265625,131.59129840295262,128.58710299456686,130.44496028451513,977700.0
2024-09-17,131.571533203125,132.83645285658952,130.72166389729432,131.73952869533167,993600.0
2024-09-18,131.29483032226562,133.26139236023835,130.2473201690349,131.70988066152506,1559200.0
2024-09-19,134.6942901611328,134.9709903517341,133.26137522858417,133.95312570508736,1092300.0
2024-09-20,133.22183227539062,134.70416112363668,132.1940909087127,134.21994335045474,2267000.0
2024-09-23,132.9253692626953,134.002539732596,132.4115060965544,133.67642556233574,739500.0
2024-09-24,131.47268676757812,132.79691206678035,131.1465876737539,132.3719699340207,1373100.0
2024-09-25,132.03599548339844,133.36020586891797,131.5912997663546,132.15457698686842,971800.0
2024-09-26,132.54986572265625,133.90372140157427,132.43126914737903,133.3107837622798,847000.0
2024-09-27,132.9253692626953,134.68439836601715,132.20397341401443,133.07361120137514,691300.0
2024-09-30,133.43927001953125,133.49856077339393,131.12684014469386,132.2731783161461,1005600.0
2024-10-01,132.80679321289062,133.63689381898095,131.17623737385392,133.5084355617006,1377500.0
2024-10-02,132.7969207763672,133.14278850066248,131.6407059489796,131.94705153413818,886300.0
2024-10-03,131.49244689941406,132.51031148890883,130.42516833315156,132.51031148890883,1007800.0
2024-10-04,131.8976287841797,132.72772936215122,130.71176866150182,132.72772936215122,735000.0
2024-10-07,132.4510498046875,132.53010916905367,130.46473416672006,131.11694753443516,735500.0
2024-10-08,132.61903381347656,133.06372950536922,131.4924643571342,132.72773854518638,1108100.0
2024-10-09,134.68438720703125,134.9611024538344,132.27314504199666,132.97477222491585,989200.0
2024-10-10,132.58938598632812,134.3879524087926,132.51032663027175,133.8444287602989,922400.0
2024-10-11,135.24769592285156,135.4453367698538,132.68821151845185,133.09336997714593,812800.0
2024-10-14,135.6232147216797,135.88014629713655,134.52629075568345,135.56390890054746,657200.0
2024-10-15,135.06982421875,136.83874543962082,134.96113455751023,136.0086447388371,899700.0
2024-10-16,135.84063720703125,136.35450040729194,135.13899484036273,135.22793096205817,978200.0
2024-10-17,133.56773376464844,136.8683828438652,133.23174279757316,136.048158956689,1200100.0
2024-10-18,132.7376251220703,134.2594762265881,132.2731608394708,133.90371667138487,1018200.0
2024-10-21,130.95883178710938,133.0637287376654,130.78094446396025,132.33245607313714,656800.0
2024-10-22,129.82235717773438,130.69199493719935,129.04167061023577,130.06941198857973,927600.0
2024-10-23,130.16824340820312,131.03788119080846,129.3677882124093,129.59507442230682,724700.0
2024-10-24,129.11085510253906,130.6623667567052,128.48828715104082,130.28683856952495,747200.0
2024-10-25,128.883544921875,130.21764685969188,128.4882632775735,129.9310548503993,643900.0
2024-10-28,129.24920654296875,130.68213671237703,129.2393297775842,129.96072570546505,694000.0
2024-10-29,128.3598175048828,129.1306274320138,127.39136671318542,128.65628634124812,972100.0
2024-10-30,128.68592834472656,129.0812100635009,127.50994487468104,128.10288253187355,1318500.0
2024-10-31,120.34534454345705,124.1203419489232,119.4263002974907,123.88317142917816,2891900.0
2024-11-01,118.05267333984376,120.99757008807624,117.95385292053707,120.00935081598026,1925000.0
2024-11-04,119.41641235351562,120.7109847174259,118.83336660618204,118.83336660618204,1348300.0
2024-11-05,120.81969451904295,120.99757429578662,118.70490580637664,119.39665630509366,1085000.0
2024-11-06,122.27238464355467,124.42670314840892,120.91852140708838,123.84364980587404,2024500.0
2024-11-07,122.20320892333984,124.12034934305264,121.81779643896128,123.14201429374714,1223100.0
2024-11-08,122.90483856201172,123.63611874191288,122.02532397739026,122.39096029758332,884500.0
2024-11-11,123.16177368164062,123.59659260406792,121.6695679060656,123.11236723832904,1193900.0
2024-11-12,123.31989288330078,124.54528275920192,122.99377869018922,123.16177416924114,2744600.0
2024-11-13,122.27238464355467,123.5274199124787,120.63193688814958,122.0846205526428,2230700.0
2024-11-14,120.19711303710938,123.10248024716375,120.17735196811908,122.35143145377596,1691700.0
2024-11-15,120.34534454345705,121.2347434168946,119.58441900366398,120.29593810241404,1831300.0
2024-11-18,121.017333984375,122.10437370118235,119.6437097672204,119.85123491446876,1459300.0
2024-11-19,120.79004669189452,121.08650795410033,119.55477258391666,120.05875899152096,1717400.0
2024-11-20,121.37310028076172,121.82768027707736,119.95994630850248,121.14580651284626,2043000.0
2024-11-21,123.8831787109375,125.47421247263031,121.45216000699132,121.45216000699132,1686200.0
2024-11-22,125.3753890991211,126.22525832599958,124.27846503976666,124.65398567090466,1365600.0
2024-11-25,127.4209976196289,127.7569885591415,124.63421952440716,125.92878438119897,4258900.0
2024-11-26,123.41741943359376,127.51018962419622,123.29849837048774,127.11380120175858,1536300.0
2024-11-27,124.47777557373048,125.93452647855224,123.80390466403824,124.30930973646356,1225200.0
2024-11-29,125.60749816894533,126.67776505665071,124.9336272649039,125.2507425397102,1084000.0
2024-12-02,125.86515045166016,126.1029850058162,124.05164401973792,125.5579396102251,1418300.0
2024-12-03,126.53903198242188,126.84623528911276,124.72552539772288,125.9147058293084,1050700.0
2024-12-04,126.39037322998048,127.26243831154277,126.12280273817352,126.78676919819031,1157300.0
2024-12-05,125.0921859741211,126.74713104241395,125.06245003847488,126.25163796371854,975600.0
2024-12-06,125.2309341430664,126.58858045601998,124.99309200129898,125.85525275379962,980200.0
2024-12-09,128.18406677246094,128.94711523388574,126.05343744028742,126.43992144063536,1933700.0
2024-12-10,127.41110229492188,129.15523255372707,125.65705249657135,128.73902016655478,1767300.0
2024-12-11,122.2678680419922,128.2038729429722,121.97057673439572,128.2038729429722,2273800.0
2024-12-12,119.97869110107422,121.77237358660828,119.671487818524,120.97958921472475,1577500.0
2024-12-13,119.51293182373048,120.54355835844562,119.31473761193408,119.83995907775656,1353600.0
2024-12-16,119.6913070678711,121.46517319966044,118.91833907359263,119.6318503177341,1515900.0
2024-12-17,119.681396484375,120.66247823681768,118.65077752040656,118.65077752040656,2009200.0
2024-12-18,115.86610412597656,120.464279466765,115.82646377089438,119.70122342315072,1638500.0
2024-12-19,115.38052368164062,117.84807720508697,115.08322479709902,116.38142186159766,1708000.0
2024-12-20,116.08411407470705,117.05528380385702,114.85529339671294,115.02375922340887,2799600.0
2024-12-23,116.45079040527344,116.74808172871046,115.5192609584631,115.71745517408776,945800.0
2024-12-24,117.08501434326172,117.29312052608024,116.17330890597368,116.312046361186,379300.0
2024-12-26,117.40213775634766,117.64988430937088,116.48052027667624,116.73817880879534,575700.0
2024-12-27,116.4706039428711,118.02645193526052,116.12376029373164,116.539972672699,552400.0
2024-12-30,115.23186492919922,115.7471819460196,114.1219653125844,115.4102427333872,586800.0
2024-12-31,114.97421264648438,116.05439150828616,114.52827189217945,115.72736425612948,641600.0
2025-01-02,114.90483856201172,116.658888243203,114.85529379196694,115.96519341695888,1015900.0
2025-01-03,116.12376403808594,116.73817820824767,115.12286585204616,115.12286585204616,816600.0
2025-01-06,115.7868194580078,116.817445973042,115.30123835594222,116.55979501475174,1166500.0
2025-01-07,114.7363739013672,116.46068766531532,114.05259104642904,115.83636911990936,1232400.0
2025-01-08,114.8652114868164,115.00394894684506,113.22017080272734,114.1219718535381,1274500.0
2025-01-10,112.99224090576172,114.51836053008589,112.71476598508906,113.34899653537644,1334500.0
2025-01-13,114.59764099121094,114.63728134559624,112.23909660996914,112.51657153004176,1154300.0
2025-01-14,114.37962341308594,115.33096924137269,113.23998779065276,114.80574777414792,2137000.0
2025-01-15,115.0435791015625,117.16429642897629,114.3201634423828,116.54988229106908,1340000.0
2025-01-16,117.87779235839844,118.13545085872316,115.65798563420346,115.91564413452818,1465500.0
2025-01-17,118.58141326904295,119.74086531776176,118.17510529469509,118.898528553153,1396500.0
2025-01-21,120.82102966308594,121.27688238507376,119.0174351714714,119.59220895335253,1182400.0
2025-01-22,120.5435562133789,121.82192927040322,119.94896602794591,120.791302754028,1191000.0
2025-01-23,120.4841079711914,121.38590151131098,119.661587583603,120.5138363484687,1028300.0
2025-01-24,120.47418975830078,121.60391340013362,119.90932793738438,120.682295949099,1066200.0
2025-01-27,121.07868957519533,121.25706738677972,119.0075245650973,119.4633848529653,885200.0
2025-01-28,120.24625396728516,121.13814300072816,119.40391726483172,120.81112332231922,957500.0
2025-01-29,120.15706634521484,121.45525573540056,119.97868854223616,120.05796924592092,727200.0
2025-01-30,120.69220733642578,121.7922025971289,119.423746240277,121.02913900731708,1197600.0
2025-01-31,122.92192840576172,123.16967495425108,118.98771200605054,119.05708073720258,1983300.0
2025-02-03,121.69309997558594,122.28769014237642,119.44355722307344,121.20751132748902,1795100.0
2025-02-04,128.0750732421875,130.7408136537543,123.8732859394704,123.8732859394704,2556400.0
2025-02-05,128.63990783691406,130.24530053771267,127.33181400103145,127.83721148651476,1970500.0
2025-02-06,130.2353973388672,130.44351108263064,127.83721268293102,128.96693628318604,1748600.0
2025-02-07,129.9083709716797,131.41467415591677,129.5318065165569,130.29485496591667,2040200.0
2025-02-10,130.07684326171875,130.97864433346592,129.1155854373288,130.8399068702163,1490400.0
2025-02-11,130.8498077392578,131.70205645360218,128.90748330644905,129.74981248145576,1211900.0
2025-02-12,128.73902893066406,130.24531716166402,128.39217769045007,128.99667991514423,1718000.0
2025-02-13,129.9083709716797,130.24530263409167,128.47144407624728,129.13540298320575,818500.0
2025-02-14,128.21377563476562,130.5525032382125,128.04530982653492,130.09664301734085,1162500.0
2025-02-18,129.71482849121094,130.11244622050685,127.7366446428252,128.55178070646912,1132100.0
2025-02-19,129.48617553710938,129.8440375376563,128.5815929860723,128.94939012036053,1006700.0
2025-02-20,128.95932006835938,129.59551746951067,127.7366312690507,129.59551746951067,830700.0
2025-02-21,126.58352661132812,129.72475811092016,126.26542789097071,129.28736952640185,1234300.0
2025-02-24,127.46824645996094,128.19392082184325,125.48013502809236,126.99110214321558,1511700.0
2025-02-25,127.29925537109376,129.22773320115243,126.82211106481596,127.58754111624158,2319200.0
2025-02-26,127.73664093017578,128.80029183575078,127.43842005779956,127.90562921862212,1280800.0
2025-02-27,128.01498413085938,128.87981106187647,127.1600923345381,127.61736638900302,2093200.0
2025-02-28,130.11244201660156,130.3808423176836,127.96526994423252,128.89968826284556,2510800.0
2025-03-03,129.009033203125,131.91168495434866,128.3430151969876,130.6293549478156,1318000.0
2025-03-04,126.56365966796876,128.48219487350468,125.76840900649606,127.00104829018598,1819000.0
2025-03-05,128.89968872070312,130.07268677423824,126.80222264747582,126.86187137241248,1521100.0
2025-03-06,128.1939239501953,128.87981228619154,126.43443433107,127.27937583257756,1504700.0
2025-03-07,129.8440399169922,130.13232565034656,126.49406443947368,127.25949445958642,1282800.0
2025-03-10,127.48812866210938,130.10250995553608,126.96127834970578,128.32313498726103,1339600.0
2025-03-11,122.89556884765624,127.39866459179426,122.75640112937262,127.2893174439897,1884000.0
2025-03-12,122.12020874023438,123.80017173152017,122.0406821596129,123.4423097027957,1118000.0
2025-03-13,120.28119659423828,123.21366901476657,120.07244501436996,122.13014782629696,1385500.0
2025-03-14,122.03074645996094,122.53771134491268,121.03668695901258,121.80210943775108,1810300.0
2025-03-17,122.34884643554688,123.7802869742352,121.40448534964209,121.77229009898254,1712300.0
2025-03-18,120.20167541503906,122.2196150284771,119.92333996271276,121.94127957615078,1346600.0
2025-03-19,120.58934783935548,121.46412499745864,119.61517383846812,120.06249755135514,1646100.0
2025-03-20,119.12808227539062,120.09232116689846,118.42230096752048,119.3567192886224,1329200.0
2025-03-21,117.76622772216795,118.50182961328512,116.34472236345384,117.98492202105814,2663500.0
2025-03-24,120.08238983154295,120.3806031291078,118.57141515455508,119.25731863187669,2251800.0
2025-03-25,122.35877990722656,122.74647008859884,119.65494444464036,120.90745395096158,1745400.0
2025-03-26,122.39854431152344,123.09439051655336,121.72258354370496,122.13015158174606,1643300.0
2025-03-27,121.29513549804688,123.11426618290308,120.70864403995306,122.10032884122128,1625200.0
2025-03-28,118.73046875,121.93134154382972,118.68076274152055,120.85775546687962,1590300.0
2025-03-31,118.7503433227539,119.39648349477795,115.82780605536406,117.93521486108304,1694800.0
2025-04-01,119.1678466796875,119.58535742149488,117.50776918292595,118.6509390916443,1414800.0
2025-04-02,118.34278869628906,118.54159756633535,117.0405655700474,117.80599564627737,2648400.0
2025-04-03,110.3306655883789,115.5892414349128,110.22131843288015,114.77411292014996,2755600.0
2025-04-04,103.97862243652344,107.63676170879916,103.62076040892576,107.35842626157256,2835500.0
2025-04-07,103.07402801513672,107.06020099619838,99.8731553348696,101.87121697651511,3238400.0
2025-04-08,102.24896240234376,107.4180688508966,100.69823198459234,106.2152577468622,3699900.0
2025-04-09,109.84357452392578,110.50959256737772,100.12167384738642,101.1554966353473,2965000.0
2025-04-10,107.0403289794922,108.52147553469857,103.52135738298546,107.61688531891316,2176200.0
2025-04-11,108.41212463378906,109.54535183606008,105.10191232403528,106.68246325938676,1938100.0
2025-04-14,109.0483169555664,110.57916939512955,107.94491037629732,110.57916939512955,1694200.0
2025-04-15,108.49164581298828,110.14178811063351,108.28289424233526,109.67457896409368,1559100.0
2025-04-16,108.5413589477539,110.07221148383496,107.6168833118112,107.6168833118112,2485000.0
2025-04-17,109.76404571533205,110.8475744898202,108.61094066483471,108.61094066483471,2154900.0
2025-04-21,107.87532806396484,109.35648210344438,106.4041243265867,108.56123151064904,1917900.0
2025-04-22,111.03643798828124,111.26507499971363,108.6109380774692,109.34653994995608,2416300.0
2025-04-23,112.67664337158205,115.6290013147957,112.30884620854916,113.52159243399244,1773200.0
2025-04-24,114.9232177734375,115.46001080592062,112.47783234817358,112.8555722225556,1819200.0
2025-04-25,115.4103012084961,115.69857936053424,114.05837974297258,114.93315691717709,1923100.0
2025-04-28,115.23136901855467,116.67275976392663,113.80986370915846,116.1359667536576,2427200.0
2025-04-29,117.91534423828124,118.99886548617248,114.60512418153591,118.29308412960556,2864900.0
2025-04-30,119.85375213623048,120.07244643698986,116.34472335787837,117.358660698405,2701500.0
2025-05-01,120.03267669677734,121.12614055773903,119.53564697960644,120.3110121249416,1829900.0
2025-05-02,123.51188659667967,124.5258238981478,121.31501612343902,121.9313357123764,1834700.0
2025-05-05,121.60330200195312,123.65106217109724,121.57348143002535,122.50789221474189,1411000.0
2025-05-06,119.73445892333984,121.74246327961951,119.68476050078294,120.23148865333972,1606800.0
2025-05-07,120.37065887451172,121.56353480176422,119.72452627933092,120.22155601966811,1664200.0
2025-05-08,122.57746887207033,123.6311770507046,120.66887654015906,121.20566955552256,986100.0
2025-05-09,122.12020874023438,123.26337868843348,121.89157930103784,122.82599007908756,664800.0
2025-05-12,126.49407196044922,126.54377796930812,124.9035782699024,126.35490423653088,1531600.0
2025-05-13,126.17597198486328,126.95133717739591,126.02686154382116,126.42448685857616,1327600.0
2025-05-14,124.70475769042967,126.0069807555182,124.4562428225061,125.78828645829392,1232200.0
2025-05-15,125.86781311035156,126.42448398792531,124.47612833234528,124.55565491030492,1222700.0
2025-05-16,127.2694320678711,127.2992526383643,125.10238213119352,126.18591089156824,1042400.0
2025-05-19,127.23961639404295,127.4384252610298,125.67894327757269,125.94733600641212,786700.0
2025-05-20,126.25550079345705,127.2595030245212,125.87775332493884,126.84199226541834,1185500.0
2025-05-21,124.91351318359376,126.4841213388328,124.84392174191066,125.2514897536858,1226700.0
2025-05-22,124.5258331298828,125.36084707305896,124.15803596011804,124.49601255763942,1383600.0
2025-05-23,123.31307983398438,124.01886114500218,122.83592795314615,122.83592795314615,1282300.0
2025-05-27,125.49006652832033,125.54971525424013,123.8399317365966,124.9135177942898,1151100.0
2025-05-28,124.90357971191406,126.38472626732886,124.605358823462,125.8678186559605,985500.0
2025-05-29,125.31243896484376,125.8210228710016,124.05592188549907,125.8210228710016,887600.0
2025-05-30,125.69139099121094,126.33959469908686,124.85371036347937,126.17005911423529,2624100.0
2025-06-02,125.35232543945312,125.4719962724554,123.47752803883932,124.78390229720424,1382800.0
2025-06-03,126.7983169555664,127.26701819848452,124.7440095421018,125.3224071443536,949100.0
2025-06-04,126.37947845458984,127.237092764769,126.3695039834563,127.15731982057731,1045700.0
2025-06-05,126.30967712402344,126.77837076883743,125.54180259199582,126.70856468486151,844300.0
2025-06-06,126.32962036132812,128.09472143032667,125.2526056709429,127.62602777845396,1921800.0
2025-06-09,127.27698516845705,128.05483415573858,126.39942190134224,126.70856203701938,1066700.0
2025-06-10,128.13461303710938,128.27422520032147,126.78834093596208,127.47643488914473,1044400.0
2025-06-11,126.66867065429688,128.284192617681,126.42933660322628,128.05483303782364,728600.0
2025-06-12,126.94790649414062,127.19721502409118,125.70136384438784,126.08031007092735,791000.0
2025-06-13,125.1528778076172,126.58889732627844,124.36506196659008,125.42212766322002,854000.0
2025-06-16,127.23709869384766,127.76563156417104,125.96064022779288,126.17005848160257,1010900.0
2025-06-17,125.0232391357422,126.95786807400992,124.90356830736071,126.53903158711309,824100.0
2025-06-18,124.78389739990234,125.92074363978314,124.6542597087904,125.13293541372072,931900.0
2025-06-20,124.11575317382812,125.7911067391743,124.00605681593166,124.84373740275088,2027300.0
2025-06-23,125.14290618896484,125.2725514924222,122.98888447016608,124.2753173835746,1257100.0
2025-06-24,126.7983169555664,127.12740603356752,124.62434631976858,126.00052663464722,1136100.0
2025-06-25,127.13737487792967,127.54624451605318,126.21992132037929,127.1174335433275,1386400.0
2025-06-26,129.14181518554688,129.84985808765293,127.17726280284924,127.63598957313872,1535700.0
2025-06-27,127.87532806396484,130.4781097485639,126.97782343475905,129.30138078064584,3027200.0
2025-06-30,129.002197265625,129.1517762864322,127.0177036372319,128.1844580409882,2548300.0
2025-07-01,130.63766479492188,131.51523565674444,128.3440233620758,128.483635524949,1479800.0
2025-07-02,131.34571838378906,131.54516217319303,130.16897415810988,130.88698397323276,1151800.0
2025-07-03,131.91412353515625,132.3130110824882,131.13628216624974,131.43545543504098,713700.0
2025-07-07,130.63766479492188,132.3429417711299,130.26869305373944,131.5451514618898,1320600.0
2025-07-08,131.04653930664062,132.04377342622558,130.55788911007338,130.5878049163341,1068400.0
2025-07-09,131.1861572265625,131.8144044021686,130.02936194514396,131.8044375385064,892400.0
2025-07-10,131.2360076904297,132.15346119480049,130.84708701774443,131.64486208826924,1124700.0
2025-07-11,130.58779907226562,130.98670183219895,129.92962093081394,130.16896258677392,1078900.0
2025-07-14,130.60775756835938,130.97672933377663,129.55069180623445,130.16897210862777,951400.0
2025-07-15,129.31134033203125,132.10359877785032,129.3013734692784,131.27589267183276,693600.0
2025-07-16,130.05926513671875,130.07921407869384,128.15454441758033,129.35123747073771,1031800.0
2025-07-17,132.09364318847656,132.2033395544573,129.38116506294008,129.95956270023976,1036000.0
2025-07-18,132.3429412841797,132.6022166666803,131.37562301048027,132.1235485695313,974400.0
2025-07-21,131.5750732421875,133.54959255437157,131.50525954928824,133.17063871654176,679400.0
2025-07-22,130.68753051757812,131.77451202352947,128.703029200815,131.3855913371531,955500.0
2025-07-23,131.40554809570312,131.78448672510646,130.64764040372538,131.3556833449279,616400.0
2025-07-24,130.87701416015625,131.7944677440076,130.43822870340443,131.00664425122534,716300.0
2025-07-25,132.20333862304688,132.45264716064793,130.86703329690022,131.5950251826369,580500.0
2025-07-28,131.89418029785156,132.622172167269,131.52520853978052,132.18338671627362,824300.0
2025-07-29,131.5950164794922,133.4398904057764,130.92685625231542,132.6720159001052,809100.0
2025-07-30,130.23878479003906,132.62217377633075,129.76010144682627,131.9839445352991,1735100.0
2025-07-31,144.21998596191406,144.4294118113707,134.62659910257804,137.32911012060097,3538900.0
2025-08-01,141.7867431640625,143.49202024408592,140.20114452849091,143.2925764587801,2023900.0
2025-08-04,143.57179260253906,144.00059595562954,141.467628072067,142.33521685772368,1593600.0
2025-08-05,143.21278381347656,144.92802761218536,141.82662908020907,144.59893854674405,1082400.0
2025-08-06,143.22276306152344,143.62166584954693,142.0360519941049,143.53190321187571,956600.0
2025-08-07,143.08314514160156,144.82830482555704,142.40503325408247,144.23994035551812,938200.0
2025-08-08,142.25543212890625,144.04048961202872,141.95627408510617,143.3224798737403,597000.0
2025-08-11,142.47483825683594,142.5646008950138,141.37788982089688,141.80669320178387,957700.0
2025-08-12,143.0332794189453,143.39228430300608,142.5047465641593,143.37235057698058,867700.0
2025-08-13,143.1330108642578,143.67152580597357,140.6199766416159,142.90365127916368,1833300.0
2025-08-14,141.4476776123047,142.93356186272138,140.8792621019122,142.3651311357445,779100.0
2025-08-15,140.4205322265625,141.8565517758539,140.3407516719813,141.77677122127272,765100.0
2025-08-18,140.46043395996094,141.18841061765238,139.901970062594,140.27095703971318,859500.0
2025-08-19,141.43771362304688,141.8166674487305,140.52026008096755,140.83936707897638,1461800.0
2025-08-20,141.47760009765625,142.2953393821127,140.05156260636258,140.7994881982793,1234800.0
2025-08-21,139.83216857910156,141.10862702675175,139.76235488721235,140.7097394680804,817600.0
2025-08-22,143.34243774414062,143.85102166686394,140.3108375010695,140.69975819881913,1186100.0
2025-08-25,142.275390625,144.42941998451627,142.1656942627121,143.2726247488592,897200.0
2025-08-26,142.9435272216797,143.24270048448932,141.60723722659205,142.16568586832514,1524100.0
2025-08-27,144.21998596191406,144.4294118113707,143.05322392901516,143.05322392901516,835800.0
2025-08-28,144.00999450683594,144.5,143.4199981689453,144.5,961000.0
2025-08-29,141.55999755859375,144.25,141.39999389648438,143.7899932861328,1114500.0
2025-09-02,140.35000610351562,140.85000610351562,139.11000061035156,140.55999755859375,1328600.0
2025-09-03,139.6999969482422,140.72999572753906,139.0399932861328,140.3699951171875,1081400.0
2025-09-04,141.94000244140625,141.94000244140625,139.5399932861328,139.8699951171875,870300.0
2025-09-05,140.55999755859375,143.1300048828125,139.50999450683594,142.64999389648438,1170900.0
2025-09-08,140.02999877929688,140.82000732421875,139.2100067138672,140.50999450683594,1421000.0
2025-09-09,137.5500030517578,139.77999877929688,136.3300018310547,139.25999450683594,1205100.0
2025-09-10,137.72999572753906,138.80999755859375,137.0,137.89999389648438,1133400.0
2025-09-11,141.8000030517578,142.52000427246094,137.05999755859375,138.02999877929688,1705300.0
2025-09-12,141.5500030517578,142.1999969482422,141.19000244140625,141.52999877929688,1432800.0
2025-09-15,141.74000549316406,142.86000061035156,141.22000122070312,142.0,1194100.0
2025-09-16,140.72000122070312,142.1199951171875,139.9499969482422,142.0500030517578,1109000.0
2025-09-17,140.99000549316406,143.39999389648438,140.30999755859375,141.5800018310547,1200500.0
2025-09-18,142.17999267578125,143.33999633789062,141.3800048828125,141.3800048828125,1303600.0
2025-09-19,142.8800048828125,143.80999755859375,141.61000061035156,142.88999938964844,2435700.0
2025-09-22,143.5399932861328,143.92999267578125,141.89999389648438,142.02999877929688,1002900.0
2025-09-23,143.11000061035156,144.30999755859375,142.25,144.0,957800.0
2025-09-24,141.4600067138672,143.4199981689453,141.25,142.8300018310547,1065900.0
2025-09-25,141.4499969482422,141.74000549316406,140.07000732421875,140.74000549316406,942900.0
2025-09-26,143.02999877929688,143.10000610351562,141.38999938964844,141.9499969482422,795300.0
2025-09-29,143.9499969482422,144.36000061035156,142.9600067138672,143.77000427246094,1087600.0
2025-09-30,147.5,147.9499969482422,143.86000061035156,144.02999877929688,1841000.0
2025-10-01,147.8800048828125,148.1199951171875,145.2100067138672,146.39999389648438,1321000.0
2025-10-02,149.00999450683594,149.92999267578125,147.5,148.49000549316406,1347100.0
2025-10-03,149.85000610351562,150.97999572753906,147.4199981689453,148.67999267578125,1245600.0
2025-10-06,149.89999389648438,151.16000366210938,148.4199981689453,149.9199981689453,1330600.0
2025-10-07,148.1300048828125,150.47000122070312,146.88999938964844,150.10000610351562,1190800.0
2025-10-08,148.19000244140625,149.3000030517578,147.2899932861328,148.77999877929688,1029500.0
2025-10-09,146.80999755859375,148.80999755859375,146.02000427246094,147.6699981689453,878800.0
2025-10-10,144.32000732421875,147.52999877929688,144.25999450683594,147.27000427246094,1403600.0
2025-10-13,146.0,146.7899932861328,144.3000030517578,145.08999633789062,851300.0
2025-10-14,145.8699951171875,146.25,144.0,144.52000427246094,194087.0
